id,weight,originHubId,destinationHubId,priority
pkg-000001,134.37,WH-073,WH-037,STANDARD
pkg-000002,492.63, WH-098 ,WH-043,STANDARD
PKG-000003,220.10,WH-072,WH-042,STANDARD
PKG-000004,147.56,WH-095,WH-017,LOW
PKG-000005,205.94,WH-028,WH-073,URGENT
PKG-000006,null,WH-077,wh-024,URGENT
PKG-000007,338.24,WH-065,WH-029,STANDARD
PKG-000008,426.30,WH-055,WH-018,EXPRESS
PKG-000009,460.06,WH-073,WH-048,urgent
PKG-000010,451.69,WH-038,WH-097,STANDARD
PKG-000011,283.33,WH-048,wh-068,STANDARD
PKG-000012,155.54,WH-061,WH-077,LOW
PKG-000013,323.45,WH-067,WH-008,URGENT
PKG-000014,433.76,WH-024,WH-090,LOW
PKG-000015,411.13,WH-054,WH-078,STANDARD
PKG-000016,157.10,WH-015,WH-030,LOW
PKG-000017,278.71,WH-047,WH-063,standard
pkg-000018,315.63,WH-067,WH-019,URGENT
PKG-000019,264.28,WH-010, WH-057 ,URGENT
PKG-000020,424.29,WH-061,WH-010,URGENT
PKG-000021,336.94,WH-056,WH-044,LOW
pkg-000022,405.73,WH-048,WH-012,URGENT
PKG-000023,309.72,WH-082,WH-031,LOW
PKG-000024,155.70,WH-046,WH-036,LOW
PKG-000025,315.75,wh-015,WH-069, LOW 
PKG-000026,351.82,WH-047,WH-060,STANDARD
PKG-000027,489.45,WH-013,WH-050,STANDARD
PKG-000028,387.16,wh-050,WH-022,LOW
PKG-000029,122.25,WH-052,WH-075,URGENT
PKG-000030,290.52,WH-029,WH-005,STANDARD
PKG-000031,232.08,WH-001,WH-083,STANDARD,
PKG-000032,1.63,WH-086, WH-049 ,URGENT
PKG-000033,470.02,WH-054,WH-067,STANDARD
pkg-000034,411.33,WH-035, WH-081 ,STANDARD
PKG-000035,4.66,WH-036,WH-080,standard
pkg-000036,264.64,wh-076,wh-073,URGENT
PKG-000037,null,wh-024,WH-068,STANDARD
PKG-000038,450.61,WH-074,WH-002,URGENT
PKG-000039,405.19024659170924kg,WH-044,WH-025,URGENT
PKG-000040,177.34,WH-004,WH-036,URGENT
PKG-000041,260.75,WH-022,WH-030,URGENT
PKG-000042,112.97,WH-069,,URGENT
PKG-000043,336.00,WH-024,WH-008,URGENT
PKG-000044,376.34,wh-099,WH-011,LOW

PKG-000045,153.52,WH-071,WH-090,NONE
PKG-000046,355.77,WH-046,WH-010,URGENT
PKG-000047,372.94,WH-042,WH-033,LOW
PKG-000048,164.66,WH-010,WH-027,STANDARD
PKG-000049,481.7725414347238kg,WH-061,wh-006,STANDARD
PKG-000050,177.49,WH-090,WH-040,STANDARD
 PKG-000051 ,233.35,WH-055,WH-030,STANDARD
PKG-000052,58.12,WH-093,WH-050,STANDARD
PKG-000053,208.05,WH-057,WH-006,STANDARD
PKG-000054,105.99,WH-069,WH-037,URGENT
PKG-000055,271.47,WH-039,WH-071, STANDARD 
pkg-000056,170.06, WH-009 ,, VIP 
PKG-000057,448.02,WH-015,WH-060,LOW
,277.61,,WH-011,LOW
PKG-000059,141.69,WH-001,,LOW
PKG-000060,146.03,WH-036,WH-064,STANDARD
PKG-000061,362.47,WH-088,WH-039,LOW
PKG-000062,368.01,WH-080,WH-062,STANDARD
PKG-000063,344.89,WH-094,WH-059,STANDARD
PKG-000064,260.17,WH-064,WH-071,URGENT
PKG-000065,140.15,WH-037,WH-020,LOW
PKG-000066,197.52,WH-012,WH-050,URGENT
PKG-000067,160.10,WH-055,WH-050,STANDARD
PKG-000068,238.75,WH-061,WH-093,STANDARD
PKG-000069,487.04,WH-064,WH-071,URGENT

PKG-000070,361.75,WH-070,WH-021,URGENT
PKG-000071,37.11,WH-018,WH-089,STANDARD
PKG-000072,75.98,WH-017,WH-060,STANDARD
PKG-000073,17.63,WH-036,WH-062,LOW
PKG-000074,55.74,WH-046,WH-083, URGENT 
PKG-000075,439.30,WH-044,WH-009,LOW
PKG-000076,298.89,WH-078,WH-021,LOW
PKG-000077,351.97,WH-065, WH-051 ,URGENT
PKG-000078,92.05,WH-041,WH-020,LOW
PKG-000079,300.35,WH-009,WH-007,LOW
PKG-000080,75.41,WH-084,WH-088,URGENT
PKG-000081,387.83,WH-005,WH-079,urgent
PKG-000082,462.70,WH-006,WH-060,STANDARD
PKG-000083,474.39,WH-052,WH-040,LOW
PKG-000084,5.61,WH-004,WH-053,LOW

,65.42,WH-050,WH-090,LOW
PKG-000086,400.61,WH-016,WH-061,STANDARD
PKG-000087, 211.70978891833224 ,WH-050,WH-002,URGENT
PKG-000088,157.68, WH-054 ,WH-089,URGENT
PKG-000089,237.63,WH-084,WH-018,LOW
PKG-000090,,WH-045,WH-060,LOW
,null, WH-077 ,wh-025,STANDARD
PKG-000092,,WH-089,WH-036,LOW
PKG-000093,200.52,WH-068,WH-016,LOW
PKG-000094,57.35,WH-090,wh-095,LOW
,,WH-047,WH-060,LOW
PKG-000096,N/A,WH-032,WH-037,STANDARD
PKG-000097,123.78,WH-034,WH-017,LOW
PKG-000098,435.62,WH-002,WH-057,LOW
PKG-000099,321.30,WH-043,WH-014,URGENT
PKG-000100,127.71,WH-036,WH-095,URGENT
PKG-000101,107.70,WH-067,WH-018,urgent
pkg-000102,162.91,WH-066,WH-009,urgent
PKG-000103,296.73,WH-034,WH-040, STANDARD 
PKG-000104,237.35,WH-100,WH-089,URGENT
PKG-000105,131.64,wh-089,WH-041,URGENT
PKG-000106,447.45,WH-093,WH-006
 PKG-000107 ,159.37,WH-006,WH-033,
PKG-000108,101.90,WH-065,WH-015,URGENT
pkg-000109,392.49,WH-071,WH-011,STANDARD
PKG-000110,242.21,WH-070,WH-062,URGENT
PKG-000111,78.44,WH-059,WH-098,low
PKG-000112,328.91,WH-069,WH-017,URGENT
PKG-000113,79.20,WH-018,WH-064,URGENT
PKG-000114,null,WH-032,WH-011,STANDARD
PKG-000115,423.65, WH-038 ,WH-074,VIP
PKG-000116,122.24544320327588kg,WH-041,WH-052,STANDARD
PKG-000117,444.40,WH-074,WH-023,URGENT
PKG-000118,93.88,WH-078,WH-038,STANDARD
PKG-000119, 41.78978972239107 ,WH-016,WH-007,NONE
PKG-000120,252.50,WH-023, WH-088 ,low
PKG-000121,275.18,WH-042,WH-089,

 PKG-000122 ,362.52,WH-086,WH-051,LOW
PKG-000123,474.1309144430991kg,WH-078,WH-096,URGENT
PKG-000124,158.68,WH-087,WH-061,STANDARD
PKG-000125,140.11,WH-087,WH-021,STANDARD
PKG-000126,169.76,WH-085, WH-096 ,LOW
PKG-000127,83.26,WH-069,WH-098,LOW
PKG-000128,288.18,WH-069,WH-036,STANDARD
PKG-000129,140.26,WH-053,WH-025,LOW
PKG-000130,22.29,WH-075,WH-055,standard
PKG-000131,393.72,WH-091,WH-097, URGENT 
PKG-000132,322.39,WH-016,WH-084, LOW 
 PKG-000133 ,411.8495918621489kg,WH-063,WH-061,STANDARD
PKG-000134,129.97,WH-041,WH-054,URGENT
PKG-000135,272.00,WH-053,WH-073,STANDARD
PKG-000136, 437.35788138989227 ,WH-055,WH-051, URGENT 
PKG-000137,497.27,WH-008,WH-072,LOW
PKG-000138,269.71,WH-076,WH-067,URGENT
pkg-000139,124.85,WH-002,WH-046,standard
PKG-000140,347.81,WH-027,WH-018,STANDARD
PKG-000141,91.15,WH-093,WH-084,LOW
PKG-000142,466.99, WH-094 ,WH-009,STANDARD
PKG-000143,340.72,WH-100,WH-014,LOW
PKG-000144,443.59,WH-038,,STANDARD
PKG-000145,427.23,WH-030,WH-024,URGENT
PKG-000146,413.97,WH-021,WH-022,STANDARD
PKG-000147,455.68,WH-060,WH-057,URGENT
 PKG-000148 ,210.77,WH-092,WH-043,LOW
PKG-000149,497.84,WH-030,WH-057,URGENT
PKG-000150,null, WH-018 ,WH-046,URGENT
PKG-000151,269.07,WH-088,WH-087,LOW
 PKG-000152 ,240.10,WH-023,WH-039,low
PKG-000153,172.39,WH-048,WH-084,LOW
PKG-000154,188.59,,WH-067,STANDARD
PKG-000155,497.65,WH-002,wh-032,URGENT
PKG-000156,80.23,WH-066,wh-082,STANDARD
PKG-000157,92.90, WH-069 ,WH-044,URGENT
PKG-000158,6.26,WH-034,WH-078,STANDARD
PKG-000159,385.04,wh-045,WH-033,LOW
PKG-000160,324.84,WH-088,WH-018,LOW
PKG-000161,92.55,WH-064,WH-059,URGENT
PKG-000162,15.42,WH-007,WH-030,STANDARD
PKG-000163,155.41,WH-069,,STANDARD
PKG-000164,431.13,WH-084,WH-063, STANDARD 
PKG-000165,492.23,WH-083,,STANDARD
PKG-000166,167.70,WH-075,WH-001,low
PKG-000167,423.27,WH-015,WH-041,EXPRESS
pkg-000168,187.75,WH-003,wh-067,URGENT

PKG-000169,27.79,WH-041, WH-076 ,standard
PKG-000170,25.588539074641545kg,WH-008,WH-021,URGENT
PKG-000171,431.95,WH-007,WH-028,STANDARD
PKG-000172,22.68,WH-053,WH-004,CRITICAL
PKG-000173,285.34,WH-095,WH-061,URGENT
PKG-000174,435.31,WH-045,WH-058
PKG-000175,344.25,WH-080,WH-049,STANDARD
PKG-000176,208.62,WH-003,WH-075,urgent
PKG-000177,null,WH-042,WH-052,STANDARD
PKG-000178,319.62,WH-068,WH-006,URGENT
,159.92,WH-092, WH-066 ,vip
PKG-000180,112.01,WH-021,WH-048,STANDARD
PKG-000181,214.30,,WH-044,NONE
PKG-000182,236.05,WH-096,WH-072,STANDARD
PKG-000183,389.7270681965549kg,WH-022,WH-089,STANDARD
PKG-000184,168.52,WH-077,WH-007,STANDARD
PKG-000185,296.61,WH-010,WH-035,LOW
PKG-000186,334.74,WH-059,WH-036,URGENT
PKG-000187,299.79,WH-025,WH-083, STANDARD 
PKG-000188,288.58,WH-086,WH-063,URGENT
PKG-000189,56.30,WH-067,WH-002,urgent
 PKG-000190 ,null,WH-035,WH-019,URGENT
PKG-000191,39.85,WH-066,WH-032, URGENT 
 PKG-000192 ,141.68,WH-064,WH-073,LOW
PKG-000193,101.58,WH-040,WH-013,LOW
PKG-000194,337.45,WH-093,WH-021,URGENT
PKG-000195,,WH-057,WH-090,URGENT
PKG-000196,35.32,WH-089,WH-097,URGENT
pkg-000197,144.94,WH-005,WH-087,STANDARD
PKG-000198,339.98,WH-050,WH-035,URGENT
PKG-000199,281.07, WH-061 ,WH-008,LOW
PKG-000200,111.67,WH-098,WH-006,STANDARD
PKG-000201,101.35,WH-060,WH-042,LOW
PKG-000202,128.98,wh-046,WH-040,URGENT
PKG-000203,123.09,WH-009,wh-044,URGENT
 PKG-000204 ,228.83949067169982kg,wh-036,WH-052,STANDARD
PKG-000205,381.04,WH-074,wh-052,LOW
PKG-000206,452.63,WH-070,WH-085,URGENT
PKG-000207,40.86,wh-082,WH-079,STANDARD,
PKG-000208,136.52016038662458kg,WH-025,wh-002,STANDARD
PKG-000209,291.62,WH-088, WH-027 ,urgent
pkg-000210,57.05,WH-002, WH-068 ,STANDARD
PKG-000211,404.66,WH-001,WH-086,URGENT

PKG-000212,57.38,WH-030,wh-051,URGENT
PKG-000213,460.04,wh-019,WH-027,URGENT
PKG-000214,188.14,WH-035,WH-052,STANDARD
PKG-000215,260.73,WH-009,wh-090,STANDARD
PKG-000216,265.31,WH-083,wh-050,urgent
PKG-000217,278.20,WH-004,WH-020,LOW
PKG-000218,403.99,WH-067,WH-011,LOW
PKG-000219,353.53,WH-012,WH-083, STANDARD 
PKG-000220,490.99,WH-091,WH-060,EXPRESS
PKG-000221,343.70,WH-062,WH-079,LOW
PKG-000222,213.61, WH-030 ,WH-058,LOW
PKG-000223,280.86,WH-076,WH-078,URGENT
PKG-000224,233.33,WH-032,WH-013,urgent
pkg-000225,173.87,WH-070,WH-024,STANDARD
PKG-000226,241.87,WH-057,WH-019,URGENT

PKG-000227,42.88,WH-037,WH-093,LOW
PKG-000228,89.72,wh-086,WH-065,STANDARD
PKG-000229,20.58,WH-032,wh-016,NONE
PKG-000230,203.21,WH-090,WH-014,LOW
PKG-000231,347.56,WH-030,WH-035,URGENT
PKG-000232,156.18,WH-099,WH-073,STANDARD
PKG-000233,121.08,WH-065,WH-099,LOW
PKG-000234,9.83,WH-058,WH-062,STANDARD,
PKG-000235,281.87, WH-053 ,WH-055,LOW
pkg-000236,119.26,WH-092,WH-001,URGENT
pkg-000237,407.92,WH-053,WH-052,
PKG-000238,19.96,WH-015,WH-097,URGENT
PKG-000239,68.37,WH-017,WH-018,low
PKG-000240,253.28,WH-008,WH-066,LOW
PKG-000241,330.26,WH-041,WH-067,STANDARD
PKG-000242,135.45,wh-050,WH-048,URGENT
PKG-000243,289.99,WH-088,WH-080,STANDARD
PKG-000244, 449.0630050191789 ,WH-049,WH-065,LOW
PKG-000245,119.24,WH-070,WH-053,STANDARD
pkg-000246,16.574550872158387kg,WH-017,WH-083,STANDARD
PKG-000247,211.07,WH-013,WH-048,URGENT
PKG-000248,95.46,WH-089,WH-002,low
PKG-000249,386.19,WH-099, WH-029 ,LOW
PKG-000250,306.37,WH-065,WH-080, URGENT 
PKG-000251,241.70,WH-073,WH-016,NONE
PKG-000252,413.31,WH-011,WH-065,LOW
PKG-000253,497.94,WH-054, WH-045 ,STANDARD
PKG-000254,187.99,WH-020,WH-017,LOW
PKG-000255,114.37,WH-079,WH-082,URGENT
PKG-000256,null,WH-083, WH-080 ,LOW
PKG-000257,476.17,WH-019,WH-093,STANDARD
PKG-000258,87.39,, WH-015 ,standard
PKG-000259,204.23,WH-036,WH-024, URGENT 
PKG-000260,445.13,WH-064,WH-061,LOW
PKG-000261,134.28,WH-016,WH-067,URGENT
PKG-000262,262.01,WH-045,,URGENT
PKG-000263,262.50,WH-069,WH-074,URGENT
PKG-000264,156.04,WH-010,wh-032,STANDARD
pkg-000265,378.02,WH-065,WH-062,STANDARD
PKG-000266,51.51,wh-038,WH-089,LOW
PKG-000267,91.81,WH-026,WH-012,LOW
PKG-000268,355.06,WH-062,WH-037,LOW
PKG-000269,455.21,WH-074,WH-081,STANDARD
PKG-000270,,WH-002,WH-092,STANDARD
PKG-000271,60.90,WH-071,WH-054,LOW
 PKG-000272 ,83.27,WH-081,WH-049,URGENT
PKG-000273,293.43,WH-008,WH-062,URGENT
PKG-000274,482.43,WH-093,WH-012,URGENT
PKG-000275,132.41,WH-020,WH-089,LOW
PKG-000276,263.19,,WH-040,LOW
PKG-000277,387.78,WH-001,WH-073,CRITICAL
PKG-000278,194.81,WH-080,WH-021,standard
PKG-000279,31.81,WH-087,WH-035,STANDARD
PKG-000280,30.04,WH-035,WH-090,LOW
PKG-000281,226.97,WH-059,WH-008,URGENT
PKG-000282,73.07,WH-035,WH-100,LOW
PKG-000283,421.00,WH-032,WH-086,URGENT
PKG-000284,269.21,WH-044,WH-064,URGENT
PKG-000285,462.28,WH-035,WH-079,URGENT
PKG-000286,231.91,WH-078,WH-036,STANDARD
 PKG-000287 ,472.97,WH-016,WH-050,STANDARD
PKG-000288,58.35,WH-071,WH-052,STANDARD
PKG-000289,266.84,WH-011,WH-080,LOW
PKG-000290,89.63,WH-083,WH-024,LOW
PKG-000291,288.67,WH-076,wh-091,URGENT
PKG-000292,484.60,,WH-062,LOW
,321.19,WH-098,WH-044,urgent
PKG-000294,null,WH-025,WH-036,STANDARD
PKG-000295,465.71,WH-032,WH-040,LOW
PKG-000296,211.39, WH-037 ,WH-015,STANDARD
PKG-000297,445.91,WH-080,WH-020,URGENT
PKG-000298,252.35,WH-035,WH-072,LOW
PKG-000299,412.12,WH-026,WH-067,STANDARD
PKG-000300,251.56,WH-004,WH-007,LOW
PKG-000301,331.80,WH-067,WH-008,URGENT
PKG-000302,411.49,WH-029,WH-030,VIP
PKG-000303,437.30,WH-040,WH-043,
PKG-000304,11.68,WH-081,WH-028,STANDARD
PKG-000305, 110.52212542085024 ,WH-009,WH-035,CRITICAL
PKG-000306,357.83,WH-008,wh-066,STANDARD
PKG-000307,384.16,WH-012,WH-061,STANDARD
PKG-000308,145.37,WH-094,WH-063,STANDARD
PKG-000309, 439.5173910976864 ,WH-068,WH-069,STANDARD
PKG-000310,106.13,WH-052, WH-088 ,URGENT
PKG-000311,111.21,WH-031,WH-072,LOW

PKG-000312,196.91,WH-047,WH-048,LOW
PKG-000313,191.12,wh-070,wh-031,STANDARD
PKG-000314,44.77,,WH-012,LOW
PKG-000315,51.32,WH-027,WH-049,STANDARD
PKG-000316,341.64,WH-005,WH-088,LOW
PKG-000317,84.66,WH-058,WH-098,URGENT
PKG-000318,280.22,WH-081,WH-007,LOW
PKG-000319,187.97,WH-033,WH-007,STANDARD
PKG-000320,268.71,WH-044,
PKG-000321,59.74,WH-069,WH-015,URGENT
PKG-000322,355.48,WH-002,WH-080,URGENT
PKG-000323,424.78,WH-048,WH-033,URGENT
PKG-000324,280.47,WH-068,WH-092,STANDARD
PKG-000325,200.95,WH-073,WH-021,STANDARD
PKG-000326,70.32,WH-075,WH-070,
PKG-000327,278.26,WH-096,WH-025, LOW 
PKG-000328,165.52,WH-057,WH-040,URGENT
PKG-000329,201.53,WH-050, WH-079 ,STANDARD
PKG-000330,351.44,WH-093,,URGENT
PKG-000331,446.48,WH-061,WH-056,LOW
PKG-000332,224.96,WH-001,WH-009,LOW
PKG-000333,447.22,WH-018,WH-047,STANDARD
PKG-000334,104.18,WH-051,WH-057,LOW
PKG-000335,352.62,WH-045,WH-049,LOW
PKG-000336,469.44,WH-003,WH-082,STANDARD
PKG-000337,371.50,WH-017,WH-031,LOW
PKG-000338,467.58,WH-007,WH-079,STANDARD,
PKG-000339,318.65,WH-081, WH-086 ,URGENT
PKG-000340,369.93,wh-067,WH-031, STANDARD 
PKG-000341,438.59,WH-020,WH-027,STANDARD
PKG-000342,127.52,WH-070,WH-032,LOW
PKG-000343,115.04,WH-089,WH-067,CRITICAL
PKG-000344,284.46,WH-050,WH-090,LOW
PKG-000345,272.66883070900195kg,WH-082,WH-010,LOW
PKG-000346,190.57,WH-057,WH-064,STANDARD
 PKG-000347 ,114.92,WH-050,WH-030,URGENT
PKG-000348,16.08,WH-074,WH-068, STANDARD 
PKG-000349,491.97,WH-053,,STANDARD
pkg-000350,154.72,WH-051,WH-017,urgent
PKG-000351,157.94,wh-001,WH-057,URGENT
PKG-000352,454.23,WH-009,WH-020,URGENT
PKG-000353,180.45,WH-010,WH-070, URGENT 
PKG-000354,402.37,WH-086,WH-041,URGENT
PKG-000355,195.67,WH-036,WH-021,STANDARD
PKG-000356,245.17,WH-076,WH-017,STANDARD
PKG-000357,444.43, WH-004 ,WH-001
PKG-000358,207.82,WH-097,WH-009,standard
PKG-000359,61.94,WH-067,WH-049,STANDARD
PKG-000360,51.83,wh-099,WH-059,STANDARD
PKG-000361,482.17,WH-023,WH-096,STANDARD
PKG-000362,26.86,WH-073,WH-026, STANDARD 
pkg-000363,184.45,WH-073,WH-018,STANDARD
PKG-000364,329.20,WH-025,WH-077,LOW
PKG-000365,359.03,,WH-022,STANDARD
PKG-000366,276.42,WH-040,WH-062,URGENT
PKG-000367,487.19,WH-064,WH-046,URGENT
PKG-000368,20.43,,WH-087,STANDARD
PKG-000369,128.01,WH-087,WH-049,LOW
PKG-000370,95.97,WH-072,WH-013,STANDARD
PKG-000371,494.66,WH-072,WH-077,standard
 PKG-000372 ,298.04,WH-100,WH-074,URGENT
PKG-000373,N/A,WH-006,WH-084,STANDARD
pkg-000374,388.77,WH-100,WH-010,LOW
PKG-000375,394.58,WH-093,WH-019,URGENT
PKG-000376,459.51,WH-054,WH-045,URGENT
PKG-000377,308.11,WH-082, WH-058 ,STANDARD
PKG-000378,312.70,WH-014,WH-002,STANDARD
PKG-000379,424.50,WH-029,WH-078,STANDARD
PKG-000380,259.30,WH-022,WH-021,LOW
PKG-000381,153.01,WH-068,WH-069,STANDARD
PKG-000382,494.07,WH-059,WH-004,URGENT
PKG-000383,463.04,WH-086,WH-001,LOW
PKG-000384,null,WH-003, WH-057 ,URGENT
pkg-000385,209.77,WH-082,WH-006,URGENT
PKG-000386,189.06,WH-042,WH-015,URGENT
PKG-000387,55.83,WH-060,WH-068,URGENT
PKG-000388,N/A,WH-086,WH-003,URGENT
PKG-000389,240.81,WH-032,WH-013,URGENT
PKG-000390,212.31,WH-024,,STANDARD,
PKG-000391,17.40,WH-080,WH-091,URGENT
 PKG-000392 ,20.51, WH-045 ,WH-007,LOW
PKG-000393,490.55, WH-070 ,WH-075,STANDARD
PKG-000394,124.44,wh-079,WH-058,
PKG-000395,482.07,WH-014,WH-008,LOW
PKG-000396,316.90,WH-057,WH-001,urgent
PKG-000397,160.26,WH-008,WH-083,LOW
PKG-000398,466.14,WH-028,WH-015,LOW
PKG-000399,38.31,WH-072,WH-052,LOW
PKG-000400,190.00,wh-061,WH-038,STANDARD
PKG-000401,380.78,WH-079,WH-043
PKG-000402,2.24,WH-032,WH-052,URGENT
PKG-000403,444.00,WH-056,WH-086,LOW
PKG-000404,32.95,WH-047,WH-084,CRITICAL
PKG-000405, 225.29581440417283 ,WH-026,WH-019,LOW
PKG-000406,366.53,WH-074,WH-041, LOW 
PKG-000407,86.32635182132152kg, WH-040 ,WH-015,LOW
PKG-000408,236.28,WH-014,WH-043,LOW
PKG-000409,14.56,WH-090,WH-055,low
PKG-000410,349.34,WH-001,WH-079,STANDARD
PKG-000411,248.89,WH-037, WH-070 , URGENT 
PKG-000412,378.33,wh-006,WH-025,low
PKG-000413,235.55,WH-077,WH-025,STANDARD
PKG-000414,477.35,WH-071,WH-031,STANDARD
PKG-000415,N/A,WH-063,WH-075,STANDARD
PKG-000416,50.90,WH-073,WH-067,LOW
PKG-000417,39.95,WH-020,WH-067,LOW
PKG-000418,230.32,WH-098,WH-081,LOW
PKG-000419,341.90,WH-003,WH-002, STANDARD 
PKG-000420,105.13,wh-022,WH-058,CRITICAL
PKG-000421,197.38,WH-022,WH-012,URGENT
PKG-000422,298.58,WH-045,WH-076,STANDARD
pkg-000423,436.81,WH-044,WH-052
PKG-000424,64.60,WH-067,WH-053,URGENT
PKG-000425,258.66,WH-006,WH-019,STANDARD
PKG-000426,35.04,WH-064,WH-061,LOW
PKG-000427,31.36,WH-003,WH-080,LOW
PKG-000428,120.79,WH-013,WH-004, STANDARD 
PKG-000429,421.70,WH-053,WH-069, LOW 
PKG-000430,334.76,WH-055,WH-077,URGENT
PKG-000431,51.07,WH-082,WH-022,URGENT
PKG-000432,335.84,WH-082,WH-065,LOW
PKG-000433,229.52,WH-069,WH-061,STANDARD
PKG-000434,270.32,WH-055,wh-052,LOW
PKG-000435,16.10,WH-098,WH-025,LOW
PKG-000436,404.88,WH-043,WH-006,URGENT
PKG-000437,123.08,WH-088,WH-035,LOW
,159.67,WH-034,,STANDARD
PKG-000439,106.88,WH-056,WH-062,LOW
PKG-000440,56.26,WH-086,WH-047,LOW
PKG-000441,413.53,WH-041,WH-074,URGENT
PKG-000442,309.04,WH-042,WH-091,URGENT
PKG-000443,426.14,WH-074,WH-046,URGENT
PKG-000444,321.38,,WH-026,LOW
PKG-000445,201.49,WH-041,wh-021,URGENT
PKG-000446,438.54,WH-009,WH-069,URGENT
PKG-000447,188.54,wh-038,WH-015,STANDARD
PKG-000448,78.10,WH-009,WH-088,standard
PKG-000449,433.71,WH-033,WH-071,STANDARD
PKG-000450,435.94,WH-070,WH-038,STANDARD
PKG-000451,194.64,WH-077,WH-096,express
PKG-000452,472.92,WH-058,WH-021, STANDARD 
PKG-000453,114.61,WH-038,WH-092,LOW
PKG-000454,381.10, WH-075 , WH-006 , URGENT 
pkg-000455,24.48,WH-008,WH-038,URGENT
PKG-000456,410.17,WH-068,WH-042,
PKG-000457,388.71,WH-096,WH-042,STANDARD
PKG-000458,254.83,WH-026,WH-003,URGENT
PKG-000459,122.48,WH-039,WH-069,STANDARD
PKG-000460,403.51,WH-027,,LOW
PKG-000461,347.24, WH-059 ,WH-062,STANDARD
PKG-000462,411.88,WH-080,WH-070,LOW
PKG-000463,null,WH-059,WH-055,LOW
PKG-000464,311.53,WH-030,WH-017,LOW
PKG-000465,null,WH-064,WH-046,STANDARD

PKG-000466,153.35,WH-052,WH-099,LOW
PKG-000467,137.21,WH-085,WH-096,STANDARD
PKG-000468,295.94,WH-085,WH-030, URGENT 
PKG-000469,162.64886573588768kg,WH-020,WH-047,STANDARD
PKG-000470,262.07,WH-048,WH-063,STANDARD
PKG-000471,304.77,WH-091,WH-069,LOW
PKG-000472,108.49,WH-020,,URGENT
PKG-000473,214.17,WH-096,WH-047,EXPRESS
PKG-000474,446.78,WH-053,WH-081,URGENT
PKG-000475,490.79,WH-044,WH-043,URGENT
PKG-000476,351.60,WH-035,WH-019,URGENT
PKG-000477,N/A,WH-074,WH-049,URGENT
PKG-000478,132.51,WH-057,WH-081,NONE
PKG-000479,111.31,WH-095,WH-035,URGENT
PKG-000480,446.46,WH-074,WH-038,LOW
PKG-000481,297.72,WH-083,WH-042,URGENT
PKG-000482,404.38,WH-092,WH-060,STANDARD
PKG-000483,74.41,WH-015,WH-055,LOW
PKG-000484,444.83,,WH-027,STANDARD
 PKG-000485 ,487.49,WH-027,WH-081,STANDARD
PKG-000486,307.86,WH-055,WH-021,VIP
PKG-000487,274.38,WH-026,WH-008,LOW
PKG-000488,115.97,WH-040,WH-050,LOW
PKG-000489,478.79,WH-037,WH-059,URGENT
PKG-000490,222.57,WH-038, WH-081 ,URGENT
PKG-000491,331.58,WH-029,WH-034,URGENT
PKG-000492,419.30,WH-035,WH-089,STANDARD
 PKG-000493 ,,WH-035,WH-036,
PKG-000494,172.84,WH-020,WH-090,URGENT
PKG-000495,N/A,WH-099,WH-067,URGENT
PKG-000496,116.94,WH-073,WH-012,LOW
PKG-000497,444.53,WH-056,WH-018,URGENT,
PKG-000498,161.629220982721kg,WH-002, WH-011 ,URGENT
PKG-000499,43.76,WH-076,WH-053,LOW
PKG-000500,282.38,WH-096, WH-015 ,URGENT
PKG-000501,280.38, WH-088 ,WH-035,NONE
PKG-000502,416.79,WH-099,WH-048,LOW
PKG-000503,165.70,WH-082,WH-016,STANDARD
PKG-000504,5.99,WH-015,WH-005,STANDARD
pkg-000505,130.92,WH-089,WH-045,
PKG-000506,425.01,WH-018,WH-071,URGENT
PKG-000507,156.55,WH-067,WH-032,low
PKG-000508,82.28, WH-085 ,WH-097,URGENT
PKG-000509,80.34,WH-068,WH-080,URGENT
PKG-000510,N/A,WH-070,WH-043,LOW
PKG-000511,23.87,wh-094,WH-077,URGENT
PKG-000512,155.42,WH-025,WH-055,URGENT
PKG-000513,323.52, WH-074 ,WH-089,low
 PKG-000514 ,211.92,,WH-039,URGENT
PKG-000515, 343.6464725456314 ,WH-055,WH-044,STANDARD
PKG-000516,139.28,WH-071,WH-051,STANDARD
PKG-000517,279.85,WH-041,WH-097,URGENT
PKG-000518,471.52, WH-092 ,WH-030,LOW
PKG-000519,202.31,WH-095, WH-089 ,STANDARD
PKG-000520,323.76,WH-064,WH-013,URGENT
PKG-000521,266.15,WH-018,WH-034,STANDARD
PKG-000522,25.15,WH-100, WH-083 ,LOW
PKG-000523,196.94,WH-013,WH-016,LOW

PKG-000524,178.06,WH-043,WH-077,STANDARD
PKG-000525,69.26, WH-074 ,WH-021,STANDARD
PKG-000526,272.08,WH-047,WH-066,URGENT
PKG-000527,491.30,wh-054,WH-052,EXPRESS
PKG-000528,183.20,WH-026,WH-054,URGENT
PKG-000529,392.92,,WH-079,LOW
PKG-000530,439.12,WH-005,WH-083,URGENT
PKG-000531,361.54,WH-085,WH-067,LOW
PKG-000532,282.78,WH-075,WH-021,NONE
PKG-000533,139.29,WH-094,WH-078,LOW
pkg-000534,265.82,WH-020,WH-093,STANDARD
PKG-000535,342.59,WH-023,WH-033,URGENT
PKG-000536,488.68,WH-094,WH-093,LOW
PKG-000537,87.51,WH-084,WH-005,STANDARD
PKG-000538,351.76,WH-007,WH-023,STANDARD
PKG-000539,109.36,wh-049,WH-018,URGENT
PKG-000540,498.27,WH-098,WH-034,URGENT
PKG-000541,386.50,WH-027,WH-061,LOW
PKG-000542,375.14,WH-051,WH-081,STANDARD
PKG-000543,266.42,WH-037,WH-021,LOW
PKG-000544,402.25,WH-025,WH-085,LOW
PKG-000545,140.22,WH-012,WH-032,STANDARD
PKG-000546,299.14,WH-040,WH-025,URGENT
PKG-000547,483.48,WH-001,WH-100,LOW
,298.94,WH-065,WH-067,LOW
PKG-000549,161.20,WH-067,WH-034,LOW
pkg-000550,256.40,WH-039,WH-007,LOW
PKG-000551,42.19, WH-058 ,WH-017
PKG-000552,223.90,WH-025,wh-058,CRITICAL
PKG-000553,56.05,WH-058,WH-070,STANDARD
PKG-000554,110.21,WH-033,WH-037,STANDARD
PKG-000555,80.75,WH-063,WH-043,VIP
,159.64,WH-050,WH-071,STANDARD
 PKG-000557 ,371.40,WH-043,WH-034,URGENT
PKG-000558,288.72,wh-038,WH-095,STANDARD
PKG-000559, 51.145167300443894 ,WH-052,WH-066,LOW
PKG-000560,181.53,WH-016,wh-052,LOW
PKG-000561,443.90,WH-005,WH-057,STANDARD
,35.95,WH-011,wh-093,STANDARD
PKG-000563,120.39,WH-080,wh-039, LOW 
PKG-000564,363.28,WH-025,WH-080,URGENT
PKG-000565,168.34, WH-036 ,WH-035,EXPRESS

,146.40,,WH-081,URGENT
PKG-000567,467.78,WH-064,WH-026,STANDARD
PKG-000568,494.60,WH-099,wh-064, STANDARD 
PKG-000569,195.19,WH-052,WH-096,URGENT
PKG-000570,436.46,wh-007,WH-014
PKG-000571,265.74,WH-014,WH-096,URGENT
PKG-000572,,WH-076,WH-090,LOW
PKG-000573,15.46,WH-070,WH-015,low
PKG-000574,306.11,WH-009,WH-042,URGENT
PKG-000575,12.22, WH-088 ,WH-033,LOW
PKG-000576,276.13,WH-077,WH-032,URGENT
PKG-000577,446.16,WH-009,WH-077,URGENT
PKG-000578,N/A,WH-043,WH-092,STANDARD
PKG-000579,336.72,WH-030,WH-007,URGENT
PKG-000580,420.55,WH-088,WH-050,URGENT
PKG-000581,401.41,WH-047,WH-023,LOW
 PKG-000582 ,340.33,WH-091,WH-076,LOW
PKG-000583,350.39,WH-021,WH-095,URGENT
PKG-000584,300.03,WH-056,WH-001,STANDARD
PKG-000585,307.36,WH-034,,STANDARD
PKG-000586,478.85,WH-097,wh-011,LOW
PKG-000587,438.64,WH-060,WH-017,URGENT
PKG-000588,231.21,WH-062,WH-096,URGENT
PKG-000589,386.84, WH-048 ,WH-011,
PKG-000590,424.11,WH-035,WH-007,LOW
PKG-000591,291.56,WH-083,WH-039,LOW
PKG-000592,426.17,WH-072,WH-055,STANDARD
PKG-000593,480.27,WH-058,WH-015,
PKG-000594,77.03,WH-036, WH-019 ,urgent
PKG-000595,204.20,WH-049,WH-086,STANDARD
PKG-000596,231.26,WH-066,WH-092,STANDARD
PKG-000597,476.73,,WH-047,LOW,
PKG-000598,474.11,WH-054,wh-061, STANDARD 
PKG-000599,365.16,WH-028,WH-001,LOW
PKG-000600,33.14,WH-074, WH-072 , LOW 
PKG-000601,37.08, WH-008 ,WH-015,URGENT
PKG-000602,164.03,WH-068,wh-078,LOW
PKG-000603,74.78,WH-015, WH-019 ,
PKG-000604,141.23,WH-039,WH-045,LOW
PKG-000605,295.11,WH-093, WH-010 ,STANDARD
,null,WH-039,WH-100,
PKG-000607,211.50,WH-047,WH-020,LOW
PKG-000608,182.30,WH-083,WH-014,URGENT
PKG-000609,16.95,WH-030,WH-095,EXPRESS
PKG-000610,129.30,WH-052,wh-097,URGENT
PKG-000611,237.85,WH-057,WH-020,
PKG-000612,258.72,WH-042,WH-047,STANDARD
PKG-000613,111.87,WH-024,WH-007,URGENT
PKG-000614,264.47,WH-016,WH-042,URGENT
pkg-000615,25.73,WH-008, WH-078 ,URGENT
PKG-000616,155.27,WH-048,WH-030,standard
PKG-000617,169.85,WH-030,WH-052,URGENT
PKG-000618,428.12,WH-036,WH-032,LOW
PKG-000619,165.45,WH-057,wh-013,low
PKG-000620,23.84,WH-084,WH-078,URGENT
PKG-000621,463.62,WH-040,WH-098,URGENT
pkg-000622,479.45,WH-059,WH-007,URGENT
PKG-000623,171.44,WH-096,WH-017,URGENT
,213.86,WH-030,WH-049,LOW
PKG-000625,423.92,WH-061,WH-015,STANDARD
PKG-000626,37.08,WH-043,WH-092,LOW
 PKG-000627 ,323.13, WH-068 ,WH-019,STANDARD
PKG-000628,324.32,WH-029,WH-087,STANDARD
PKG-000629,332.45,wh-046,WH-086,STANDARD
PKG-000630,411.12,WH-017,WH-023
PKG-000631,98.11,wh-014,WH-004,LOW
PKG-000632,205.63,WH-033,wh-031,STANDARD
PKG-000633,214.46,WH-058,wh-092,LOW
PKG-000634,201.15,WH-096,WH-079,STANDARD
PKG-000635,445.18,WH-087,WH-074,LOW
PKG-000636,320.26,WH-074,WH-078,URGENT
PKG-000637,252.93,WH-064,WH-041,STANDARD
PKG-000638,391.81,WH-004,WH-054,URGENT
PKG-000639,146.93,WH-065,WH-062,URGENT
PKG-000640,255.53,WH-035,WH-093,LOW
PKG-000641,444.00,WH-090,WH-047,URGENT
PKG-000642,377.37,WH-076,WH-050,URGENT
PKG-000643,54.01,WH-065,WH-073,CRITICAL
PKG-000644,55.60,WH-086,WH-072,LOW
PKG-000645,446.13,WH-089,WH-085,standard
PKG-000646,390.73,WH-069,WH-097,LOW
PKG-000647,11.71,WH-078,WH-051,URGENT
PKG-000648,310.93,WH-065,WH-063,LOW
PKG-000649,262.29,WH-014,WH-037,LOW
PKG-000650,420.45,WH-005,WH-040,URGENT
PKG-000651,186.01,WH-020,WH-076,LOW
PKG-000652,39.18,WH-065,WH-073,
PKG-000653,227.38,WH-037,WH-068,URGENT
PKG-000654,320.98,wh-004,WH-044,STANDARD
PKG-000655,186.45,WH-045,,URGENT
 PKG-000656 ,377.18,WH-022, WH-058 ,STANDARD
PKG-000657,244.68,WH-042,WH-006,STANDARD
pkg-000658,49.05,WH-031,WH-028,STANDARD
PKG-000659,350.23,WH-083,WH-071, URGENT 
PKG-000660,282.42,WH-026,WH-084,STANDARD
PKG-000661,176.30,WH-029,WH-047,URGENT
PKG-000662,132.80,WH-006,WH-025, URGENT 
PKG-000663,119.73,WH-085,WH-056,LOW

PKG-000664,220.27,wh-071,WH-052,STANDARD
PKG-000665,32.43,,WH-007,URGENT
PKG-000666,357.83,WH-067,WH-007,STANDARD
PKG-000667,324.15,WH-009,WH-088,standard
PKG-000668,344.25, WH-041 ,wh-032,LOW
PKG-000669,163.38,WH-081, WH-020 
PKG-000670,194.57,WH-013,WH-048, STANDARD 
PKG-000671,362.67,WH-095,WH-043
PKG-000672,306.06,WH-038,WH-036,LOW
PKG-000673,81.05,WH-079,WH-069,LOW
PKG-000674,419.75,WH-100, WH-069 ,STANDARD
PKG-000675,66.57,WH-096,WH-089,STANDARD
PKG-000676,98.73,WH-097,WH-064,LOW
PKG-000677,152.86,WH-050,WH-092,
PKG-000678,69.41,wh-016,wh-023,LOW
PKG-000679,489.34,WH-037,WH-080,LOW
PKG-000680,299.14,WH-094,WH-047,STANDARD
PKG-000681,21.92, WH-087 ,WH-028,STANDARD
PKG-000682,457.77,WH-097,WH-098,LOW
PKG-000683,285.81,WH-082,WH-043,LOW
PKG-000684, 497.05734794349183 ,WH-013,WH-036, STANDARD 
PKG-000685,196.15,WH-081,WH-034,LOW
PKG-000686,37.66,WH-046,WH-048
PKG-000687,N/A,WH-040,WH-035,URGENT
PKG-000688,426.88,WH-016,WH-073,standard
PKG-000689,386.40,WH-096,WH-097,LOW
PKG-000690,384.43,WH-076,WH-079,URGENT
,272.07,WH-004, WH-045 ,URGENT
PKG-000692,208.39,WH-001,WH-044, STANDARD 
PKG-000693,214.68,wh-041,WH-005,LOW
PKG-000694,74.16,WH-098,WH-056,URGENT
PKG-000695,342.68,WH-011,WH-018,STANDARD
PKG-000696,141.75,WH-057,WH-075,URGENT
PKG-000697,49.05,WH-003,wh-002,STANDARD
PKG-000698,180.97,WH-062,WH-018,STANDARD
PKG-000699,498.55,WH-027,WH-004,URGENT
PKG-000700,446.70, WH-080 , WH-006 ,LOW,
PKG-000701,291.15,WH-038,WH-074,URGENT
PKG-000702,81.40,WH-014,WH-023,URGENT
PKG-000703,397.57,WH-004,WH-098, URGENT 
PKG-000704,3.68,WH-029,WH-059,CRITICAL
PKG-000705,null, WH-072 ,WH-032,LOW
PKG-000706,8.03,WH-032,WH-017,urgent
PKG-000707,26.40,WH-049,WH-057,LOW
PKG-000708,387.69,WH-002,WH-035,LOW
PKG-000709,96.98,WH-078,WH-033,URGENT
PKG-000710,248.21,WH-097,WH-068,low
PKG-000711,189.48,WH-067,WH-037,URGENT
PKG-000712,23.15393707135513kg,WH-065,WH-068,URGENT
PKG-000713,26.29,,WH-098
PKG-000714,229.83975929956324kg,WH-080,WH-070,STANDARD
 PKG-000715 ,386.37,WH-023,WH-044,STANDARD
PKG-000716,349.84,WH-044,WH-089,URGENT
PKG-000717,291.21,WH-066,WH-008,LOW
PKG-000718,210.57,WH-040,WH-094,URGENT
PKG-000719,381.32,WH-084,WH-014,LOW
PKG-000720,279.81,wh-006,WH-072,LOW
PKG-000721,238.80,WH-089,WH-053,STANDARD
,210.79,WH-020,WH-011,URGENT
PKG-000723,149.26,WH-019,WH-047,STANDARD
PKG-000724,179.49,WH-052,WH-090,URGENT
PKG-000725,362.80,WH-085,WH-051,STANDARD
PKG-000726,259.25,WH-020,WH-047
PKG-000727,433.12,WH-057,wh-044,URGENT
PKG-000728,487.64,WH-057,WH-050,LOW
PKG-000729,130.88,WH-012, WH-074 ,LOW
PKG-000730,102.88,WH-027,WH-094
PKG-000731,272.94,,WH-016,urgent
PKG-000732,19.80,WH-003,WH-050,LOW
PKG-000733,124.44,WH-026,WH-035,URGENT
PKG-000734,26.58,WH-036,WH-042,STANDARD
PKG-000735,484.86,WH-014,wh-071,URGENT
PKG-000736,198.28,WH-048, WH-005 ,STANDARD
PKG-000737,22.64,WH-099,WH-090,STANDARD
PKG-000738,11.43,WH-021,WH-094,LOW
PKG-000739,120.02,WH-027,WH-036,STANDARD
PKG-000740,419.04,WH-081,WH-059,STANDARD
PKG-000741,240.39,WH-089,WH-092,URGENT
PKG-000742,80.09,WH-057,WH-065,standard
PKG-000743,486.04,WH-030,WH-042,LOW
PKG-000744,403.47,WH-045,WH-008,URGENT
PKG-000745,443.20,WH-006,WH-002,

PKG-000746,140.90,WH-051,WH-054,LOW
PKG-000747,82.34,WH-054,WH-089,URGENT
,91.63,WH-008,WH-092,LOW
PKG-000749,57.18,WH-039,WH-066,URGENT
PKG-000750,494.86,WH-096,WH-091, STANDARD 
PKG-000751,373.93,WH-092,WH-039,STANDARD
PKG-000752,151.09, WH-004 ,WH-020,STANDARD
PKG-000753,376.79,WH-079,WH-048, URGENT 
pkg-000754,60.33,WH-038, WH-048 , LOW 
PKG-000755,470.94,WH-044,WH-002,URGENT
PKG-000756,296.36,WH-042,WH-087,URGENT
PKG-000757,282.06,WH-086,WH-073,STANDARD
PKG-000758,435.19,WH-093,WH-064,LOW
PKG-000759,71.50,WH-033,WH-083,STANDARD
pkg-000760,356.75,WH-035,WH-094,LOW
PKG-000761,299.91,wh-099,WH-014,STANDARD
PKG-000762,218.92,WH-044,WH-007,LOW
PKG-000763,383.46,WH-078,WH-053,STANDARD
pkg-000764,90.80,WH-014,WH-023,URGENT
PKG-000765,362.53,WH-065,wh-011,STANDARD
PKG-000766,105.62,WH-092,WH-037,URGENT
PKG-000767,101.77,WH-066,WH-064,URGENT
PKG-000768,232.05,WH-046,WH-060,
PKG-000769,256.98, WH-068 ,WH-030,CRITICAL
PKG-000770,443.80,WH-097,WH-089,VIP
PKG-000771,9.08, WH-035 ,WH-037,standard
PKG-000772,14.02,WH-094,WH-056,low
PKG-000773,434.30,WH-025, WH-014 ,URGENT
PKG-000774,142.51,WH-084,WH-082,URGENT
PKG-000775,11.15,WH-011,WH-058,STANDARD
PKG-000776,186.04, WH-017 ,WH-031,URGENT
PKG-000777,474.99,WH-007, WH-042 ,VIP
PKG-000778,198.49,WH-069,WH-065, LOW 
PKG-000779,136.64,WH-078, WH-042 ,LOW
PKG-000780,297.82, WH-011 ,WH-068,URGENT
PKG-000781,129.88,WH-006,WH-071,LOW
PKG-000782,49.50,WH-014,WH-038,LOW
PKG-000783,444.24,wh-012,wh-051,LOW
PKG-000784,271.56,WH-001,WH-070,STANDARD
PKG-000785,180.87,WH-029,WH-061,URGENT
 PKG-000786 ,54.07,WH-092,WH-013, LOW ,
PKG-000787,419.90,WH-034,WH-041,URGENT
PKG-000788,317.98,WH-003,wh-049,LOW
pkg-000789,38.58,WH-026,WH-072,STANDARD
PKG-000790,222.26,WH-089,WH-016,STANDARD
PKG-000791,343.45,WH-090,WH-096,STANDARD
PKG-000792,63.80,WH-076,WH-070,EXPRESS
 PKG-000793 ,396.00,WH-069,WH-059,LOW
PKG-000794,42.26,WH-098,WH-084,URGENT
PKG-000795,461.79,WH-025,WH-083,URGENT
PKG-000796,363.99,WH-013,WH-069,STANDARD
PKG-000797,264.58,WH-047,WH-018,STANDARD
PKG-000798,344.18,WH-008,WH-041,STANDARD
PKG-000799,83.62,WH-068,WH-012,STANDARD
PKG-000800,284.67,WH-072,WH-039,STANDARD
PKG-000801,439.72,WH-047, WH-042 ,LOW
PKG-000802,467.30, WH-012 ,WH-042, URGENT 
PKG-000803,297.28,WH-091,WH-013,STANDARD
PKG-000804,117.53,WH-053,WH-067,STANDARD
 PKG-000805 ,463.10,WH-062,WH-038,URGENT,
PKG-000806,105.94,WH-089,WH-020,STANDARD
PKG-000807,303.39,WH-054,WH-057,STANDARD
PKG-000808,82.35,wh-002,WH-074,STANDARD
PKG-000809,283.55,WH-072,WH-093,low
PKG-000810,77.07, WH-081 ,WH-025,URGENT
PKG-000811,408.47,WH-094,WH-054,URGENT
PKG-000812,79.56,WH-013,WH-064,STANDARD
PKG-000813,491.97,WH-005,WH-009,URGENT
PKG-000814,388.62,wh-094,WH-010,URGENT
PKG-000815,110.77,,WH-100,STANDARD
PKG-000816,458.20,WH-088,WH-033, URGENT 
pkg-000817,151.93,WH-036,WH-014,URGENT
PKG-000818,230.16,WH-087,WH-012,STANDARD
,172.91,WH-081,WH-016,LOW
PKG-000820,29.86,WH-049,WH-096,STANDARD
 PKG-000821 ,400.53,WH-024,WH-061,STANDARD
PKG-000822,,WH-073,WH-030,URGENT
PKG-000823,446.56,WH-053,WH-036,
pkg-000824, 134.42135009275245 ,WH-041,WH-070,URGENT
pkg-000825,46.35,WH-017, WH-056 ,STANDARD
PKG-000826,139.00,WH-063,WH-012,STANDARD
PKG-000827, 141.84042804047334 ,wh-082,WH-051,STANDARD
PKG-000828, 482.8144000532462 ,WH-015,WH-062,LOW
PKG-000829,373.20,WH-090,WH-049,URGENT
pkg-000830,164.19,WH-071,WH-017,LOW
PKG-000831, 442.5887257919823 ,WH-048,WH-078,urgent
PKG-000832,117.76,WH-055,WH-045,LOW
PKG-000833,347.69, WH-071 ,WH-095,URGENT
PKG-000834,399.92,WH-086,WH-060,STANDARD
PKG-000835,48.47,WH-088,WH-059,urgent
PKG-000836,400.21,WH-061,WH-024,URGENT
PKG-000837,230.05,WH-051,WH-057,LOW
PKG-000838,96.44,WH-077,WH-022,URGENT
 PKG-000839 ,212.26,WH-002,WH-059,URGENT
PKG-000840,445.25,wh-076,WH-026,LOW
PKG-000841,63.53,WH-077,WH-051, LOW 
PKG-000842,381.97,WH-024,WH-098, LOW 
PKG-000843,371.38832475830986kg,WH-077,WH-075,STANDARD,
,38.74,WH-036,WH-024,LOW
PKG-000845,,WH-079, WH-026 ,
PKG-000846,394.94,WH-075,WH-013,URGENT
PKG-000847,82.26,WH-086,WH-049,URGENT
PKG-000848,null,WH-059,WH-087,LOW
 PKG-000849 ,190.68,WH-068,WH-065,LOW
pkg-000850,310.73,WH-039,WH-081,STANDARD
PKG-000851,52.25,WH-049,WH-021,
PKG-000852,48.00,WH-069,WH-035,LOW
 PKG-000853 ,327.48,WH-024,WH-034,LOW,
PKG-000854,350.13,WH-006,WH-067,STANDARD
PKG-000855,154.79,WH-058,WH-064,URGENT
 PKG-000856 ,180.14,WH-053,WH-003,low
PKG-000857,215.73,WH-053,WH-020,LOW

PKG-000858,62.86,WH-022,WH-082,STANDARD
PKG-000859,,WH-022,WH-003,STANDARD
PKG-000860,449.43,WH-068,WH-040,LOW
PKG-000861,32.64,WH-026,WH-022,URGENT
PKG-000862,137.38,WH-010,WH-069,STANDARD
PKG-000863,150.42,WH-022,WH-003,STANDARD
PKG-000864,60.90,WH-058,WH-078,LOW
PKG-000865,277.20,WH-012,wh-065,STANDARD
 PKG-000866 ,55.17,WH-021,WH-001,STANDARD
 PKG-000867 ,193.44,WH-097,WH-004,EXPRESS
PKG-000868,246.79,WH-015, WH-097 ,STANDARD
PKG-000869,291.15,WH-064,WH-058,URGENT
pkg-000870,85.54,WH-002,WH-090,STANDARD
PKG-000871,52.29,WH-042,WH-066,URGENT
PKG-000872,288.25,WH-063,WH-094,URGENT
pkg-000873,,WH-004,WH-065,URGENT
PKG-000874,25.67,WH-014,WH-023,LOW
PKG-000875,315.44,WH-044,WH-011,LOW
PKG-000876,141.69,WH-062,WH-046,LOW
PKG-000877,108.17456675890264kg,WH-046,WH-076,URGENT
PKG-000878,464.74,WH-037,WH-063,URGENT
 PKG-000879 ,205.78,WH-029,WH-057
PKG-000880,388.77,WH-051,WH-091,STANDARD

PKG-000881,457.09,WH-055,WH-063, LOW 
PKG-000882,366.27,WH-099,WH-052,STANDARD
PKG-000883,174.76,WH-034,WH-039,STANDARD
PKG-000884,416.50,WH-045,WH-025,STANDARD
PKG-000885,299.41,WH-077,WH-096,NONE
PKG-000886,336.36,WH-010,WH-079,standard
 PKG-000887 ,233.95,WH-078,WH-042,STANDARD
PKG-000888,116.48,WH-082, WH-003 ,URGENT
PKG-000889,11.29,WH-081, WH-094 ,LOW
PKG-000890,63.32,WH-065,WH-023,URGENT
PKG-000891,41.58,WH-075,WH-089,
PKG-000892,16.91, WH-009 ,WH-084,LOW
PKG-000893,65.61,WH-042,WH-080,URGENT
PKG-000894,262.07,WH-081,WH-018,
PKG-000895,250.67,WH-042,WH-047
PKG-000896, 92.40906781969906 ,WH-080,WH-029,URGENT
PKG-000897,266.54, WH-086 ,WH-032,STANDARD
PKG-000898,158.22,WH-092,WH-063,LOW
PKG-000899,398.38, WH-016 ,WH-086,STANDARD
PKG-000900,315.61,WH-038,WH-047,STANDARD
PKG-000901,309.60,WH-052,WH-071,LOW
pkg-000902,484.65,WH-017,WH-019, URGENT 
PKG-000903,468.07,WH-094,WH-069, URGENT 
PKG-000904,319.84,WH-089,WH-044,EXPRESS
PKG-000905,308.92,WH-023,WH-012,STANDARD
PKG-000906,305.97,WH-003,WH-006,standard
PKG-000907,6.51,WH-051,WH-053, URGENT 
PKG-000908,154.32,WH-007,WH-015,STANDARD
PKG-000909,340.02, WH-021 ,WH-037,LOW
PKG-000910,166.86,WH-005,WH-002,STANDARD
pkg-000911,114.05,WH-082,WH-088,URGENT
PKG-000912,250.1993087214982kg,WH-027,WH-070,URGENT
PKG-000913,193.01,WH-042,WH-052,STANDARD
PKG-000914,219.99,WH-099,WH-067,LOW
pkg-000915,484.44,WH-013,WH-083,STANDARD
PKG-000916,477.21,wh-100, WH-073 ,urgent
PKG-000917,183.71,WH-047,,LOW
PKG-000918,420.74,WH-021,WH-063,URGENT
PKG-000919,167.33,WH-041,WH-087,URGENT
PKG-000920, 374.5997843154066 ,WH-100,WH-022,URGENT
PKG-000921,255.37,WH-021,WH-013,STANDARD
PKG-000922,55.80389112965752kg,WH-060,WH-063,URGENT
PKG-000923,349.12,,WH-018,URGENT
PKG-000924,161.06,WH-083,WH-034,URGENT
PKG-000925,356.42,WH-020,wh-022,STANDARD
PKG-000926,242.80,WH-021,WH-067,low
PKG-000927,75.95,WH-066,WH-063,STANDARD
PKG-000928,424.15,WH-047,WH-020,LOW
PKG-000929,344.26,WH-096,WH-023,LOW
PKG-000930,288.06,WH-047,WH-067,STANDARD
PKG-000931,214.06, WH-053 ,WH-046,URGENT
pkg-000932,290.14,WH-029,WH-086,STANDARD
PKG-000933,478.80,WH-054,WH-023,URGENT
PKG-000934,117.30,WH-085,WH-096,STANDARD
PKG-000935,405.92,WH-063,WH-065,LOW
PKG-000936,98.35,WH-016,WH-052,STANDARD
pkg-000937,378.98,WH-042,WH-008,URGENT
PKG-000938,345.47,WH-047,WH-045,LOW
PKG-000939,218.3157050135559kg,WH-087,WH-052,URGENT
pkg-000940,415.97,WH-084,WH-019,STANDARD
PKG-000941,314.02,wh-040,WH-055,LOW
PKG-000942,349.31,WH-065,WH-001, URGENT 
PKG-000943,171.80,WH-072,WH-060,LOW
PKG-000944,134.82,WH-072,WH-069,URGENT
PKG-000945,444.98,wh-039, WH-006 ,URGENT
PKG-000946,null,WH-096,WH-044,standard
PKG-000947,,WH-061,WH-048,standard
PKG-000948,116.10,WH-094,WH-045,STANDARD
PKG-000949,404.96,wh-008,WH-062,URGENT
PKG-000950,235.55,WH-073,wh-074,LOW
,425.69,WH-016,WH-003,STANDARD
PKG-000952,351.17,WH-004,WH-084,LOW
PKG-000953,414.04,WH-040,WH-052,STANDARD
PKG-000954,399.35,WH-021,WH-061,URGENT
pkg-000955,178.56, WH-014 ,,LOW
PKG-000956,248.02,WH-044,wh-006,URGENT
PKG-000957,218.21,WH-020,WH-050,STANDARD
 PKG-000958 ,280.23,WH-020,WH-051,URGENT
PKG-000959,387.75,WH-082,WH-055,STANDARD
PKG-000960,9.35,WH-018,wh-074,URGENT
PKG-000961,380.86,WH-030,WH-011,LOW
 PKG-000962 ,307.00,WH-010,WH-045,LOW
PKG-000963,337.04,WH-096,WH-015,STANDARD
PKG-000964,284.31,WH-035,WH-046,URGENT
PKG-000965,438.38,wh-025,WH-086,LOW
PKG-000966,57.84,WH-064,WH-012,STANDARD
PKG-000967,346.94,WH-026,WH-008,LOW

PKG-000968,94.74,WH-039,WH-008,LOW
PKG-000969,214.24,WH-036,WH-004,STANDARD
PKG-000970,487.17,WH-078,WH-083,LOW
PKG-000971,421.51,WH-074,WH-039,URGENT
PKG-000972,318.59, WH-065 ,WH-008,LOW
PKG-000973,357.82,WH-035,WH-031,NONE
PKG-000974,307.21,WH-077,WH-078,LOW
PKG-000975,467.00,WH-080,WH-036,URGENT

PKG-000976,168.01,WH-037,WH-091, STANDARD ,
pkg-000977,153.76,,WH-090,URGENT
PKG-000978,417.76,,WH-093,URGENT
PKG-000979,407.17,WH-048,WH-031,STANDARD
PKG-000980,92.08,WH-031,WH-071,STANDARD
PKG-000981,70.84,WH-090,WH-097,standard
PKG-000982,227.82,WH-082,wh-089,LOW
PKG-000983,422.53,WH-048,WH-041,URGENT
PKG-000984,94.62,WH-066,WH-064,EXPRESS
PKG-000985,255.06,wh-054,WH-100,URGENT,
PKG-000986,345.66,WH-035,WH-096,LOW
 PKG-000987 ,367.03,WH-037,WH-070,URGENT
PKG-000988,368.53,WH-039,wh-047,NONE
pkg-000989,347.95,WH-033,WH-066,LOW
PKG-000990,205.87,WH-008,WH-085,VIP
PKG-000991,106.58907191597717kg,WH-055,WH-096,STANDARD
PKG-000992,136.05,WH-038,wh-005,URGENT
PKG-000993,197.36,WH-070, WH-090 ,STANDARD
PKG-000994,295.05,WH-027,WH-098,STANDARD
PKG-000995,213.49,WH-039,WH-064,STANDARD
PKG-000996,66.48,wh-077, WH-089 ,URGENT
PKG-000997,null,WH-031,wh-039,LOW
PKG-000998,81.72,WH-077,WH-038,URGENT
 PKG-000999 ,435.15,WH-057,,STANDARD
PKG-001000,60.78,WH-072,WH-013,LOW
PKG-001001,66.73,WH-057,WH-051,STANDARD
PKG-001002,31.86,WH-022,,STANDARD
PKG-001003,315.65,wh-059,, LOW 
PKG-001004,20.74,WH-015,WH-050,LOW
 PKG-001005 ,87.39,WH-011,WH-008,STANDARD
PKG-001006,169.75,WH-087,WH-015,URGENT
PKG-001007,396.97, WH-060 ,WH-005,low
PKG-001008,289.50,WH-053,WH-098,STANDARD
PKG-001009,163.63,WH-091,WH-080,URGENT
PKG-001010,,wh-092,WH-023,LOW
PKG-001011, 16.205781361107675 ,WH-041,WH-056,URGENT,
PKG-001012,199.78,WH-011,WH-055,CRITICAL
PKG-001013,19.55,WH-096,WH-051,LOW
 PKG-001014 ,140.17,WH-087,WH-017,LOW
PKG-001015,341.61,WH-078,WH-018,STANDARD
PKG-001016,null,WH-019,WH-061,LOW
PKG-001017,116.11,WH-058,WH-008,STANDARD
PKG-001018,293.36,WH-094,WH-006,LOW
PKG-001019,364.95,WH-003,WH-032,URGENT
PKG-001020,288.07,WH-060,WH-064,
PKG-001021,163.42,WH-043,WH-063,LOW
PKG-001022,497.88,WH-071,WH-053,STANDARD
 PKG-001023 ,155.48,WH-073,WH-055,STANDARD
pkg-001024,272.47,WH-035,WH-054,LOW
PKG-001025,34.01,WH-029, WH-030 ,STANDARD
PKG-001026,402.08, WH-097 ,WH-041,STANDARD
,67.18,WH-026,wh-055,STANDARD
PKG-001028,431.87,WH-081,WH-021,STANDARD
PKG-001029,234.39,wh-017,WH-089,STANDARD
PKG-001030,231.10,WH-030,WH-003,LOW
PKG-001031,490.65,WH-066,WH-021,LOW
PKG-001032,297.35, WH-030 ,WH-012,STANDARD
PKG-001033,28.29,WH-052,WH-071,LOW
 PKG-001034 ,127.52,WH-074,WH-082,urgent
 PKG-001035 ,25.88,WH-014,WH-066,LOW
PKG-001036,307.33,WH-061,WH-085,LOW
PKG-001037,291.37,WH-024,WH-051,LOW
PKG-001038,64.10,,WH-053,STANDARD
PKG-001039,189.25,WH-010,WH-001,URGENT,
PKG-001040,388.14, WH-079 ,WH-062,URGENT,
PKG-001041,83.85,WH-030,WH-063,URGENT
PKG-001042,28.64,WH-066,WH-004,URGENT
PKG-001043,475.66,WH-091,WH-037,LOW
PKG-001044,282.02,WH-040,WH-088,STANDARD
PKG-001045,270.38,wh-084,WH-050,URGENT
PKG-001046,80.07,WH-036,WH-057,NONE
pkg-001047,141.51, WH-006 ,wh-031,LOW
PKG-001048,104.04,WH-018, WH-036 ,STANDARD
PKG-001049,265.16,WH-053,WH-078,URGENT
PKG-001050,195.51,WH-064,WH-087, STANDARD 
PKG-001051,405.86,wh-046,WH-069,LOW
PKG-001052,475.54,WH-041,WH-090,URGENT
PKG-001053,91.45,WH-056,WH-048,URGENT
 PKG-001054 ,303.37,,WH-080,URGENT
PKG-001055,251.29,WH-043,wh-015,STANDARD
PKG-001056,143.01, WH-002 ,WH-012,LOW
PKG-001057,13.78,WH-099,WH-090,LOW
PKG-001058,393.00,WH-008, WH-064 ,LOW
PKG-001059,55.86,WH-087,WH-027,URGENT
pkg-001060,413.66,WH-091,WH-075,standard
PKG-001061,131.15,WH-087,WH-005,LOW
PKG-001062,324.30,WH-035,WH-071,low
PKG-001063,117.46,WH-086,WH-006,STANDARD
PKG-001064,124.40,WH-022,WH-072,STANDARD
PKG-001065,282.54,WH-036,WH-005,URGENT
PKG-001066,208.34,WH-029,WH-047,LOW
pkg-001067,251.77,WH-050,WH-044,STANDARD
PKG-001068,240.15,WH-098,WH-057,LOW
PKG-001069,358.05,WH-080,WH-041,LOW
PKG-001070,100.77,WH-017,wh-079,EXPRESS
PKG-001071,113.44,WH-044,WH-081,URGENT
PKG-001072,364.63,wh-058,WH-097,URGENT

PKG-001073,319.77,wh-026, WH-064 ,STANDARD
PKG-001074,195.56,WH-004,WH-033,LOW
PKG-001075,480.98,WH-097,WH-095,STANDARD
PKG-001076,488.15,WH-051,WH-011,STANDARD
PKG-001077,279.61,WH-079,WH-025,low
,424.25,WH-074,WH-021,LOW
PKG-001079,162.48,WH-071,WH-027,LOW
PKG-001080,115.91,WH-036,WH-026,URGENT
PKG-001081,438.18,WH-046,WH-039
PKG-001082,33.04,WH-100,WH-061,standard
PKG-001083,139.83,WH-078,WH-025,URGENT
PKG-001084,398.73, WH-096 ,WH-059,URGENT
PKG-001085,254.84,WH-028,wh-012,URGENT
PKG-001086,307.30,WH-085,WH-044,URGENT
PKG-001087,147.01,WH-070,WH-020,URGENT
PKG-001088,62.68,WH-046,WH-038,URGENT
PKG-001089,47.11,WH-083,WH-036,URGENT
PKG-001090,386.85,WH-071,WH-022,STANDARD
PKG-001091,223.68,WH-096,WH-014,STANDARD
PKG-001092,444.11, WH-013 ,WH-076,URGENT
PKG-001093,262.26,WH-062,WH-064,URGENT
PKG-001094, 313.10409632739345 ,wh-004,WH-069,LOW

PKG-001095,334.98,WH-081,WH-030,
PKG-001096,210.60,WH-023, WH-012 ,STANDARD
PKG-001097,425.46,WH-033,WH-035,LOW
PKG-001098,428.67,WH-035,WH-015,LOW
PKG-001099,351.05,WH-095,WH-046,VIP
PKG-001100,173.28,WH-083,WH-018,URGENT
PKG-001101,53.61,WH-093,WH-037,STANDARD
PKG-001102,82.67,WH-038,WH-002,LOW
PKG-001103,189.33,WH-073,WH-009,STANDARD
pkg-001104,422.84,WH-060,WH-033,NONE
,174.92,WH-016,WH-024, LOW 
PKG-001106,334.67,WH-035,WH-088,LOW
PKG-001107,224.11,WH-095,WH-018,low
PKG-001108,297.27,WH-070, WH-072 ,STANDARD
PKG-001109,37.64,WH-008,WH-047,urgent
PKG-001110,493.72,WH-060,WH-009,LOW,
PKG-001111,2.63,WH-098,WH-032,URGENT
PKG-001112,187.76, WH-012 , WH-090 ,LOW
PKG-001113,440.51,WH-055,WH-056,URGENT
PKG-001114,60.85,WH-077,WH-067,LOW
PKG-001115,364.40,WH-014,WH-087,LOW
PKG-001116,56.34,WH-070,WH-059,low
PKG-001117,199.56,WH-056,WH-062,URGENT
PKG-001118,466.35,wh-076,WH-083,STANDARD
PKG-001119,157.80,WH-005,WH-083,LOW,
PKG-001120,338.81,WH-085,WH-099,STANDARD
PKG-001121,483.76,WH-093,WH-057,LOW
PKG-001122,160.30,WH-040,WH-061,URGENT
PKG-001123,117.66,WH-004,WH-052,LOW
PKG-001124,16.80,wh-055,WH-091,STANDARD
PKG-001125,168.06,wh-054,,standard
PKG-001126,334.65,WH-074,WH-092,LOW
PKG-001127,219.72,WH-019,WH-081, STANDARD 
PKG-001128,74.68,WH-092,WH-093,URGENT
PKG-001129,479.52,WH-088,WH-044,STANDARD
PKG-001130,479.42,WH-094,WH-049,STANDARD
PKG-001131,350.07,WH-029,WH-080,LOW
PKG-001132,314.98,WH-099,WH-004,URGENT

PKG-001133,450.31,WH-030,WH-054,URGENT
PKG-001134,333.20,WH-058,wh-071,STANDARD
PKG-001135,226.87,WH-077,wh-038
PKG-001136,56.71,WH-005,WH-004,standard
PKG-001137,498.88,WH-056,WH-048,STANDARD
PKG-001138,321.02,WH-009,WH-094,LOW
PKG-001139,121.91,WH-064,WH-008,LOW
PKG-001140,296.11,WH-041,WH-096,LOW
PKG-001141,241.81,WH-011,WH-027,LOW
PKG-001142,269.23,WH-016,WH-058,STANDARD
PKG-001143,119.00,WH-083,WH-070,URGENT
PKG-001144,279.99,WH-061,WH-057,LOW
PKG-001145,280.79,WH-007,WH-041,LOW
PKG-001146,241.52,WH-023,WH-061,CRITICAL
PKG-001147,315.16,WH-088,WH-030,LOW
PKG-001148,279.97, WH-016 ,WH-014,urgent
PKG-001149,499.20,WH-047,WH-058
PKG-001150,286.95,WH-085,,URGENT
PKG-001151,58.33,WH-032,WH-036,LOW
PKG-001152,387.46,WH-058, WH-007 ,
PKG-001153,134.55,WH-027,WH-071,LOW
PKG-001154,89.18,WH-032,WH-080,URGENT
PKG-001155,156.37,WH-091,WH-035,URGENT
PKG-001156,347.81,WH-072,WH-087,LOW
PKG-001157,456.14,WH-027,wh-003,LOW
 PKG-001158 ,134.11,WH-094, WH-017 , URGENT 
PKG-001159,null,WH-032,WH-069,URGENT
PKG-001160,164.67,WH-038,WH-097,LOW

PKG-001161,152.11,WH-030,WH-072,STANDARD
PKG-001162, 334.3484448478512 ,WH-065,WH-005,URGENT

PKG-001163,316.37,WH-039,WH-041,LOW
PKG-001164,25.77,WH-087,WH-089,VIP
PKG-001165,N/A,WH-077,wh-006,URGENT
PKG-001166,234.39,WH-080,WH-025,URGENT

PKG-001167,330.21,WH-056,WH-057,
PKG-001168,279.41,WH-050,WH-006,standard
PKG-001169,279.30,WH-087,WH-002,LOW
PKG-001170,404.77, WH-067 ,WH-006,URGENT
PKG-001171,462.69,WH-071,,URGENT
PKG-001172,75.10,WH-025,WH-089,LOW
PKG-001173,311.97,WH-097,WH-011,none
PKG-001174,79.78,WH-037,WH-066,LOW
PKG-001175,407.64,WH-063,,STANDARD
 PKG-001176 ,433.59,WH-010,WH-006,LOW
PKG-001177,393.37,WH-036,WH-024,STANDARD
PKG-001178,238.97,WH-100,WH-037,URGENT
PKG-001179,363.75,WH-059,WH-035,URGENT
PKG-001180,182.12,WH-094, WH-032 ,URGENT
PKG-001181,4.15,WH-051,wh-086,LOW
PKG-001182,463.54,WH-072,WH-028,STANDARD
PKG-001183,98.85,,WH-005,LOW
pkg-001184,424.56,WH-067,WH-028,STANDARD
PKG-001185,433.23,WH-094,WH-082,LOW
PKG-001186, 160.82660473500584 ,WH-053,WH-079,STANDARD
PKG-001187,247.51,WH-079,WH-044,URGENT
PKG-001188,336.74,WH-069, WH-068 , LOW 
PKG-001189,291.05,WH-044,WH-090,URGENT
pkg-001190,98.14,WH-003, WH-029 ,LOW
pkg-001191,253.46,WH-016,WH-099,URGENT
PKG-001192,301.19,WH-095,WH-066,LOW
PKG-001193,269.33,WH-068,WH-038,LOW
PKG-001194,160.27,WH-086,WH-074,STANDARD
PKG-001195,58.70,WH-032,WH-086,URGENT
PKG-001196,4.21,WH-012,WH-051,LOW
PKG-001197,475.42,WH-068,WH-002,STANDARD
PKG-001198,17.70,WH-041,WH-031,STANDARD
PKG-001199,464.86,WH-069,WH-059,URGENT

PKG-001200,229.20,WH-037,WH-053,URGENT
PKG-001201,462.26,WH-002,WH-062,LOW
PKG-001202,315.22,WH-008,WH-013, LOW 
PKG-001203,13.78,WH-029,WH-090,STANDARD
PKG-001204,429.71,WH-041,WH-064,CRITICAL
PKG-001205,72.88,WH-027,WH-082,URGENT
pkg-001206,494.69,WH-009,WH-052,LOW
PKG-001207,265.97,WH-061,WH-040,STANDARD
PKG-001208,128.81,WH-036,WH-058,LOW
PKG-001209, 176.52291600572437 ,WH-075,WH-055,URGENT
PKG-001210,422.66,WH-096,WH-029,STANDARD
PKG-001211,140.37,wh-040,WH-027,LOW,
PKG-001212,70.32,WH-052,WH-093,STANDARD
PKG-001213,50.03,WH-040,wh-080,low
PKG-001214,141.67,WH-067,WH-006,URGENT
PKG-001215,343.66,WH-004,WH-029,CRITICAL
PKG-001216,444.38,WH-082,WH-058,STANDARD
PKG-001217, 409.3468619632875 ,WH-086,WH-078,URGENT
PKG-001218,213.38,WH-049,WH-046,URGENT
PKG-001219,N/A,WH-090,WH-002,
 PKG-001220 ,258.43,WH-080, WH-031 ,LOW
PKG-001221,143.63,WH-067,WH-070,STANDARD
PKG-001222,263.66,WH-061,WH-008,CRITICAL
PKG-001223,283.66,WH-004,WH-001,URGENT
 PKG-001224 ,297.20,WH-004,WH-032,LOW
PKG-001225,286.35,WH-070,WH-074,STANDARD
PKG-001226,310.54,WH-052,WH-035,
PKG-001227,null,,WH-088,STANDARD
PKG-001228,282.28,WH-063,WH-074,URGENT
PKG-001229,394.08,WH-100,wh-011,
PKG-001230,91.84,WH-031,WH-041,STANDARD
pkg-001231, 185.33164766291364 ,WH-067,WH-048,LOW
PKG-001232,320.86,WH-015,WH-043, URGENT 
PKG-001233,389.78,WH-090,WH-067,urgent
PKG-001234,250.71,WH-099,WH-061,URGENT
PKG-001235,491.57,WH-041,WH-016,URGENT
PKG-001236,142.98,WH-094, WH-021 ,URGENT
PKG-001237,181.19,WH-061,WH-089,LOW
PKG-001238,177.30,WH-056,WH-087,STANDARD
PKG-001239,254.36,WH-017,WH-048,VIP
PKG-001240,194.88,WH-078,WH-057,URGENT
PKG-001241,356.73,WH-078,WH-030,STANDARD
pkg-001242,282.64,WH-089, WH-084 ,STANDARD
PKG-001243,57.99,WH-036,wh-064,urgent
PKG-001244,296.04,WH-036,WH-080,LOW
PKG-001245,null,WH-016,WH-091,STANDARD
PKG-001246,422.04,WH-076, WH-067 ,URGENT
PKG-001247,42.53,WH-069,wh-017,STANDARD
pkg-001248,321.87,WH-028,WH-099,URGENT
PKG-001249, 277.75682853181456 ,WH-056,WH-082,STANDARD
PKG-001250,null,WH-046,WH-099,LOW

PKG-001251,186.93,WH-036,WH-080,EXPRESS

PKG-001252,432.60,WH-065,WH-089,LOW
PKG-001253,310.28,WH-092,WH-074,LOW
PKG-001254,165.09,WH-050,WH-016,URGENT
PKG-001255,null,WH-046,WH-061,URGENT
PKG-001256,N/A,WH-054,WH-001,LOW
PKG-001257,432.41,WH-043,WH-051,STANDARD
PKG-001258,328.31,WH-026,WH-085,LOW
PKG-001259,237.50,WH-065,WH-058,STANDARD
PKG-001260,48.21,WH-056,WH-082,urgent
PKG-001261,100.45,WH-015,WH-029,urgent
PKG-001262,121.31,WH-095, WH-021 ,STANDARD
PKG-001263,207.40,WH-038,WH-011,LOW
PKG-001264,363.37,wh-067,wh-016,STANDARD
PKG-001265,167.73,WH-091,WH-082,STANDARD
PKG-001266,494.93,WH-034,WH-087, URGENT 
PKG-001267,448.91,WH-006,wh-055,LOW
PKG-001268,191.62,WH-044,WH-053,URGENT
PKG-001269,457.20,WH-027,WH-003,LOW
PKG-001270,198.73,WH-006,WH-062,STANDARD
PKG-001271,178.85,WH-063,WH-045,STANDARD
PKG-001272,N/A,WH-021,WH-025,URGENT

PKG-001273,N/A,WH-026,WH-065,LOW
PKG-001274,315.29,WH-078,,URGENT
PKG-001275,417.85,WH-077,WH-037,standard
PKG-001276,240.78,WH-039,WH-006,STANDARD
PKG-001277,83.60,WH-050,WH-028,STANDARD
PKG-001278,155.27,WH-040,WH-010,STANDARD
PKG-001279,58.29,WH-028,WH-038,LOW
PKG-001280,130.88,,WH-092,NONE
PKG-001281,307.61,WH-035,WH-100,STANDARD
PKG-001282,341.75,WH-054,WH-063,URGENT
 PKG-001283 ,237.45,WH-038,WH-091,low
,163.90,wh-037,WH-024,low
,220.27,WH-035,WH-050,STANDARD
PKG-001286,431.73,WH-059,WH-033,LOW
 PKG-001287 ,261.21,WH-073,WH-068,STANDARD
PKG-001288, 293.82454294982335 ,WH-008,WH-079,LOW
PKG-001289,465.13,WH-055,WH-036,URGENT
PKG-001290,396.16,WH-013,WH-039,LOW
PKG-001291,230.74,WH-023,WH-095,LOW
PKG-001292,84.67,WH-092,WH-015,LOW
PKG-001293,255.79,WH-004,WH-002,low
PKG-001294,310.46,WH-084,WH-024,CRITICAL
PKG-001295,0.42, WH-040 ,WH-023,STANDARD
PKG-001296,425.37,WH-022,WH-046, URGENT 
PKG-001297,81.64,WH-024,WH-073,STANDARD
PKG-001298,6.75,WH-080,WH-083,LOW
PKG-001299,314.55,WH-057,WH-064,STANDARD
PKG-001300,202.28,WH-026, WH-035 ,STANDARD
PKG-001301,73.90,WH-090,WH-087,URGENT
 PKG-001302 ,455.43,WH-004,wh-027,LOW
PKG-001303,264.38,WH-029,WH-074,LOW
PKG-001304,85.62,WH-019,WH-039,URGENT
PKG-001305,483.87,,WH-017,STANDARD,
PKG-001306,43.13,WH-096,WH-082,URGENT
PKG-001307,54.23,WH-057,WH-034,STANDARD
pkg-001308,152.88,WH-008,WH-019,none
PKG-001309,19.84,WH-023,WH-014,LOW
PKG-001310,444.75,WH-019,WH-003,STANDARD
PKG-001311,361.34,WH-030,WH-081,STANDARD
PKG-001312,10.53,WH-080,WH-089,URGENT
PKG-001313,226.44,WH-052,WH-016,low
PKG-001314,451.13,WH-041,WH-095,URGENT
PKG-001315,362.11,WH-003,WH-036,URGENT
 PKG-001316 ,465.25,WH-039,WH-017,URGENT

 PKG-001317 ,425.75,WH-015,WH-059,LOW
 PKG-001318 ,264.03,WH-023,WH-046,STANDARD
PKG-001319,242.65,WH-100,wh-036,URGENT
PKG-001320,465.02,WH-099,WH-068,URGENT
PKG-001321,38.63,WH-073,WH-060,URGENT
PKG-001322,76.54,WH-012,WH-068,STANDARD
pkg-001323,301.73,WH-095,WH-073,URGENT
PKG-001324,116.86,WH-017,WH-049,URGENT
PKG-001325,229.03,WH-086,WH-042,LOW
PKG-001326,152.58,WH-097,WH-029,URGENT
PKG-001327,295.80,WH-071,WH-077,STANDARD
 PKG-001328 ,167.25,WH-036,WH-010,STANDARD
 PKG-001329 ,95.23,WH-035, WH-071 ,STANDARD
PKG-001330,130.35,WH-091,WH-099,LOW
PKG-001331,143.07,WH-093,WH-061,URGENT
PKG-001332,89.65,WH-041,wh-029,LOW
PKG-001333,383.95,WH-043, WH-017 ,low
PKG-001334,272.63,WH-081,WH-068,STANDARD
PKG-001335,96.52,WH-009,,URGENT
PKG-001336,337.72,WH-086,WH-047,STANDARD
PKG-001337,16.47,WH-091,WH-075,
 PKG-001338 ,168.39,WH-014,WH-005,STANDARD
PKG-001339,141.62169320386027kg,WH-026,WH-038,URGENT
PKG-001340,193.41,WH-021, WH-052 ,LOW
PKG-001341,479.85,WH-072,WH-013,URGENT
PKG-001342,0.22,WH-021,WH-050,STANDARD
PKG-001343,227.83,WH-062,WH-073,URGENT
PKG-001344,35.71,WH-017,WH-071,STANDARD
PKG-001345,298.33,WH-031,WH-062,URGENT
PKG-001346,11.68,WH-042,WH-030,
,438.36,WH-020,WH-007,STANDARD
PKG-001348,258.42422980735097kg,WH-013,WH-023,EXPRESS
PKG-001349,444.76,WH-053,wh-007,LOW
PKG-001350,193.14,WH-044,wh-023,STANDARD
PKG-001351,78.72,WH-073,WH-091,LOW
PKG-001352,30.10,WH-004,WH-088,URGENT
PKG-001353,141.91,WH-068,WH-051,STANDARD
PKG-001354,174.61,WH-065,WH-010,LOW
PKG-001355,223.66,WH-079,WH-006,LOW
PKG-001356,489.95,WH-099,WH-031,LOW
PKG-001357,427.23,WH-047,WH-036,LOW
PKG-001358,174.27,WH-069,WH-012,LOW
PKG-001359,139.61,wh-084,WH-090,LOW
PKG-001360,437.46,wh-077,WH-099,URGENT
PKG-001361,233.97, WH-014 ,WH-075,EXPRESS
PKG-001362,348.53,WH-019,WH-023,URGENT
PKG-001363,10.88,WH-008,WH-003,URGENT
PKG-001364,314.53,WH-094,WH-072,URGENT
PKG-001365,,,WH-032,URGENT
PKG-001366,null,WH-055,WH-099,LOW
PKG-001367,222.19,WH-093,WH-069,URGENT
PKG-001368,45.56,WH-016,WH-008,LOW
PKG-001369,338.70,WH-097,WH-095,STANDARD
PKG-001370,354.19,WH-079,WH-045,LOW
PKG-001371,N/A,WH-090,WH-070,STANDARD
PKG-001372, 27.948743062178742 ,WH-007,WH-083,STANDARD
PKG-001373,246.85,WH-042,WH-021,LOW
PKG-001374,59.35,WH-053,WH-065,LOW
PKG-001375,137.38,WH-015,WH-026,low
PKG-001376,343.07,WH-019,WH-029,URGENT
PKG-001377,107.27,WH-003,WH-083,URGENT
PKG-001378,480.87,WH-092,WH-008,STANDARD

PKG-001379,244.82,WH-003,WH-004,LOW
PKG-001380,192.13,WH-097,WH-046,VIP
 PKG-001381 ,475.44,WH-061,WH-010,LOW
PKG-001382,473.48, WH-056 ,,URGENT

PKG-001383,324.19,WH-019,WH-083,URGENT
 PKG-001384 ,12.64,WH-029,WH-061,STANDARD
PKG-001385,369.58,WH-046,WH-087,LOW
PKG-001386,428.07,,WH-056,NONE
PKG-001387,315.29,WH-028,WH-078,STANDARD
PKG-001388,376.05,WH-072,WH-088,LOW
PKG-001389,81.49,WH-006,WH-084,STANDARD
PKG-001390,142.84029695761618kg,WH-057,WH-092,NONE
PKG-001391,307.37,WH-039,WH-075,urgent
PKG-001392,342.74,WH-041,WH-088,URGENT
PKG-001393,233.82,,WH-005,URGENT
pkg-001394,206.76, WH-040 ,WH-006,LOW
PKG-001395,396.80,WH-011,WH-015,STANDARD
PKG-001396,115.84,WH-036,WH-029,URGENT
PKG-001397,355.35,WH-096, WH-077 ,STANDARD
PKG-001398,438.67,WH-066,WH-003,STANDARD
PKG-001399,119.46,WH-051,WH-026,STANDARD
PKG-001400,213.98,WH-069,WH-046,LOW
PKG-001401,308.50,WH-073,WH-036,URGENT
PKG-001402,176.08,WH-057,WH-076,STANDARD
PKG-001403,192.14,WH-004,WH-045,LOW
PKG-001404,400.70,WH-043,WH-075,URGENT
PKG-001405,480.15,WH-030,WH-022,URGENT
PKG-001406,89.08,WH-012,WH-003,STANDARD
PKG-001407,463.48,WH-098,WH-016,URGENT
PKG-001408,,WH-057,WH-053,LOW
PKG-001409,293.49,WH-061,WH-046,URGENT
PKG-001410,,WH-048,WH-097,URGENT
PKG-001411,414.94,WH-005, WH-047 ,STANDARD
PKG-001412,109.48,WH-012,WH-038,STANDARD
PKG-001413,202.69,WH-008,WH-100,URGENT
PKG-001414,86.44,WH-055,WH-015,STANDARD
PKG-001415,153.95,WH-037,WH-072,URGENT
PKG-001416,477.05,wh-068,WH-076,LOW
PKG-001417,341.32,WH-092,WH-064,URGENT
PKG-001418,385.04,, WH-095 ,STANDARD
PKG-001419,282.73,WH-073,WH-036,URGENT
PKG-001420,12.70, WH-092 ,WH-034, URGENT 
PKG-001421,342.15,WH-023,WH-043,LOW
PKG-001422,329.08,WH-057, WH-075 ,URGENT
PKG-001423,386.65,WH-086,WH-026,STANDARD
PKG-001424,493.27,WH-074,WH-093,STANDARD
PKG-001425,88.91,,WH-081,URGENT
PKG-001426,286.64,WH-021,WH-091,URGENT
PKG-001427,64.01,WH-020,WH-100,standard
PKG-001428,381.40,WH-053,WH-051,STANDARD
pkg-001429,481.19,WH-060,WH-013,
PKG-001430,67.87,WH-002,WH-011,URGENT
PKG-001431,N/A,WH-033,WH-097,standard
PKG-001432,169.45,WH-022,WH-006,LOW
PKG-001433,454.66609745540285kg,WH-071,WH-037,CRITICAL
PKG-001434,86.10,WH-039,WH-040,URGENT
PKG-001435,9.41,WH-038,WH-056,URGENT
PKG-001436,254.98,WH-049,WH-031, URGENT ,
PKG-001437,79.47,WH-049,WH-092,LOW
 PKG-001438 ,221.58,WH-034,WH-023,STANDARD
PKG-001439,80.22, WH-009 , WH-033 ,LOW
PKG-001440,176.03,WH-073,wh-034,STANDARD
PKG-001441,199.52,WH-019,WH-088,STANDARD
 PKG-001442 , 410.4637179483815 ,WH-033,WH-020,LOW
 PKG-001443 ,458.96,WH-082,WH-026,URGENT
PKG-001444,27.03,WH-047,WH-093,LOW
PKG-001445,372.78,WH-053,WH-020,LOW
PKG-001446,270.67,WH-002,WH-096,STANDARD
PKG-001447,175.40,WH-023,WH-078,LOW
PKG-001448,183.89,wh-070, WH-037 ,standard
PKG-001449,306.99,WH-043,WH-059,LOW
PKG-001450,479.47,,WH-044,URGENT
PKG-001451,254.86,WH-068,WH-085,STANDARD
 PKG-001452 ,430.25,WH-002,WH-060,URGENT
PKG-001453,2.1257844267555446kg,WH-057,WH-072, URGENT 
PKG-001454,133.34,WH-079,WH-042,LOW
PKG-001455,253.13,WH-063,WH-021,STANDARD
PKG-001456,211.99,WH-056,WH-019
PKG-001457,431.31,WH-095,WH-031,standard
PKG-001458,176.12,WH-061,WH-077, LOW ,
PKG-001459,126.76498037740762kg,WH-048,WH-078,LOW
PKG-001460,52.04,WH-004,WH-095,STANDARD
pkg-001461,423.29,WH-017,WH-012,URGENT
PKG-001462, 255.09219322407276 ,WH-064,WH-090,NONE
PKG-001463,201.83,wh-044,WH-082,STANDARD
PKG-001464,431.49,WH-075,WH-098,LOW
PKG-001465,86.44,WH-023,WH-088,STANDARD
pkg-001466,98.78,WH-004,WH-015,STANDARD
,399.99,WH-083,WH-059,LOW
PKG-001468,362.42,WH-002,WH-030,LOW
 PKG-001469 ,288.64,WH-080,WH-044,VIP
PKG-001470,121.46, WH-013 ,WH-053, LOW 
PKG-001471,72.09,wh-064,WH-016,URGENT
PKG-001472,196.47,WH-007,WH-064,STANDARD
PKG-001473,193.06,WH-017,WH-025,URGENT
PKG-001474,465.09,WH-003,WH-028,NONE
PKG-001475,12.28,WH-052,WH-062,STANDARD
 PKG-001476 ,278.87,WH-099,WH-075,URGENT
PKG-001477,366.95,WH-081,WH-024,URGENT
PKG-001478,334.43,WH-089,WH-020,STANDARD
PKG-001479,409.23,WH-010,WH-078, URGENT 
PKG-001480,81.12,WH-018,WH-009, STANDARD 
PKG-001481,255.95,WH-044,WH-001,URGENT
PKG-001482,126.72,WH-024,WH-064,LOW
PKG-001483,155.25, WH-087 ,WH-093,STANDARD
PKG-001484,400.38,WH-022,WH-052,STANDARD
PKG-001485,363.56,WH-047,WH-065, LOW 
PKG-001486,188.08,WH-018,WH-081,LOW
PKG-001487,486.87,wh-040,WH-077,URGENT
PKG-001488,235.83,WH-054,WH-090,STANDARD
PKG-001489,82.64,WH-038,WH-074,URGENT
PKG-001490,80.89,WH-007,WH-059,LOW
PKG-001491,141.29,WH-097,WH-092,LOW
 PKG-001492 ,442.30,WH-018,WH-090,URGENT
PKG-001493,394.10,WH-095,WH-090,
PKG-001494,53.63,WH-003,WH-075,URGENT
PKG-001495,274.66,WH-065,WH-081,standard
PKG-001496,297.78,WH-071,WH-022,low
PKG-001497,128.17,WH-097,WH-082, STANDARD 
pkg-001498,314.72,WH-041,WH-008,
pkg-001499,458.60,WH-096,WH-037,LOW
PKG-001500,451.31,WH-084,WH-081, URGENT 
PKG-001501,341.84,WH-006,WH-081,URGENT
PKG-001502,389.33,WH-057,WH-025,STANDARD
PKG-001503,476.74,WH-015,WH-006,
pkg-001504,25.25,WH-082,WH-031,LOW
PKG-001505,429.57,WH-028, WH-011 ,urgent
PKG-001506,28.76,WH-093,WH-090,STANDARD
PKG-001507,253.16,WH-082,WH-044,LOW
PKG-001508,419.06,WH-063,WH-100,LOW
PKG-001509,79.13,WH-040,WH-009,
PKG-001510,248.28,WH-009,WH-069,STANDARD
PKG-001511,442.90,WH-062,WH-046,LOW
pkg-001512,null,WH-099,WH-090, URGENT 
PKG-001513,70.20,WH-020,wh-059,URGENT
PKG-001514,30.62,WH-077,WH-073,URGENT
PKG-001515,344.46,WH-094,WH-077,STANDARD
PKG-001516,284.78,WH-035,WH-095,URGENT
PKG-001517,136.8607379117601kg,WH-066,WH-090,STANDARD
PKG-001518,177.34,WH-015,WH-097,URGENT
PKG-001519,479.48, WH-059 ,WH-060,URGENT
PKG-001520,202.47,WH-069,
PKG-001521,18.86,WH-072,WH-051,URGENT
PKG-001522,475.92,WH-079,WH-080,STANDARD
PKG-001523,267.42,WH-049,WH-087,
PKG-001524,465.61,WH-087,WH-055,STANDARD
PKG-001525,448.14,WH-055,WH-040,LOW
 PKG-001526 ,227.68,WH-004,WH-084,STANDARD
PKG-001527,38.48,WH-054,WH-047,LOW
PKG-001528,479.72,WH-033,WH-064,LOW
PKG-001529,null,WH-070,WH-096,low
PKG-001530, 76.50549016945112 ,WH-097,WH-042,URGENT
,256.81,,wh-095,CRITICAL
 PKG-001532 ,294.51, WH-027 ,WH-037, URGENT 
PKG-001533,294.09,,WH-092,URGENT
PKG-001534,354.99,WH-068,WH-025,URGENT
 PKG-001535 ,73.17,WH-087,WH-024,STANDARD,
PKG-001536,232.54,WH-090,WH-015,LOW
PKG-001537,496.40,WH-038,WH-027,STANDARD
PKG-001538,77.49,WH-049,WH-088,URGENT
PKG-001539,208.72,WH-040,wh-034,LOW
pkg-001540,219.37,wh-028,WH-084,STANDARD
pkg-001541,226.74, WH-045 ,WH-039, URGENT 
pkg-001542,153.94,WH-025,WH-088,LOW
PKG-001543,18.52,WH-004,WH-018,URGENT
PKG-001544,458.47,WH-007,WH-089,STANDARD
PKG-001545,240.21,WH-034,WH-007,STANDARD
 PKG-001546 ,246.95,WH-062,WH-075,LOW
PKG-001547,202.99,WH-032,WH-041,URGENT
PKG-001548,57.30,WH-043,WH-044, LOW 
PKG-001549,359.16,WH-008, WH-061 ,STANDARD
PKG-001550,415.01,WH-054,WH-073,LOW
PKG-001551,80.82,WH-003,WH-070,STANDARD
 PKG-001552 ,227.78,WH-028,WH-063,LOW
PKG-001553,333.83,WH-095,WH-065,STANDARD
PKG-001554,184.97,WH-057,WH-062,URGENT
PKG-001555,35.73,WH-010,WH-030,LOW
PKG-001556,112.24, WH-061 ,WH-094,vip
PKG-001557,442.80,WH-090,WH-054,LOW
PKG-001558,48.10,WH-025,WH-099,STANDARD
PKG-001559,455.30,WH-063,, STANDARD 
PKG-001560,453.32,WH-070,WH-012,URGENT
PKG-001561,52.84,WH-026,WH-037,STANDARD
 PKG-001562 ,271.05,WH-082,WH-080, URGENT 
PKG-001563,466.77,WH-068,WH-096,URGENT
PKG-001564,159.80,WH-059,,STANDARD
PKG-001565,276.03,WH-010,wh-002,URGENT
,19.29,WH-070,WH-016,URGENT
PKG-001567,305.56,WH-024,WH-043,LOW
PKG-001568,222.60,WH-091, WH-044 ,STANDARD
PKG-001569,160.91,WH-053,WH-090,URGENT
 PKG-001570 ,22.94,WH-074,,URGENT,
 PKG-001571 ,123.33,WH-089,WH-062,URGENT
PKG-001572,420.66,wh-089,WH-013,URGENT
PKG-001573,183.01,,WH-043,LOW
 PKG-001574 ,299.12,WH-079,WH-066,LOW
PKG-001575,93.71,WH-037,WH-033,LOW
PKG-001576,394.01,WH-079,WH-041,URGENT
PKG-001577,261.02,WH-015,WH-024,standard
PKG-001578,75.20, WH-053 ,WH-010,STANDARD
PKG-001579,119.66,WH-087,WH-028,LOW
PKG-001580,null,WH-075,WH-089,STANDARD
PKG-001581,88.80,WH-038,wh-083,URGENT
PKG-001582,262.66,WH-063,WH-023,STANDARD
pkg-001583,384.78,WH-014,WH-081
PKG-001584,74.06,WH-073,,LOW
PKG-001585,268.70,WH-068,WH-032,STANDARD
PKG-001586,129.11,,WH-075,STANDARD

 PKG-001587 ,163.84,WH-054,WH-032,LOW
PKG-001588,,WH-088,WH-071,STANDARD
PKG-001589,50.16,WH-056,wh-096,LOW
PKG-001590,309.60,WH-099,WH-021,STANDARD
pkg-001591,52.89,WH-054,WH-100,LOW
PKG-001592,167.71,wh-076,WH-031,URGENT
 PKG-001593 ,341.38,WH-009,WH-011,URGENT
PKG-001594,42.73,WH-045,WH-024,STANDARD
PKG-001595,244.53,WH-011,WH-064,LOW
PKG-001596,35.74,WH-055,WH-005,STANDARD
PKG-001597,149.88,WH-009,WH-039,STANDARD
PKG-001598,307.21,WH-025,WH-019,LOW
 PKG-001599 ,215.81,WH-036,WH-085,LOW

PKG-001600,137.09,WH-058,WH-040,LOW
PKG-001601,399.58,WH-031,WH-037,LOW
PKG-001602,271.47,WH-035,WH-054,STANDARD
PKG-001603,257.75,WH-001,WH-062,STANDARD
PKG-001604,326.78,WH-091,WH-002,STANDARD
PKG-001605,263.30,WH-009,WH-008,STANDARD
PKG-001606,56.99,wh-053,WH-012,STANDARD
PKG-001607,144.80,WH-051,WH-078,STANDARD
PKG-001608,40.88,WH-031,WH-046,LOW
pkg-001609,243.09,wh-060,WH-024,URGENT
PKG-001610,166.15,WH-030,WH-008, URGENT 
PKG-001611,382.35,WH-029,WH-009,LOW
PKG-001612,365.78,WH-077,WH-076,standard
PKG-001613,81.43, WH-043 , WH-032 ,URGENT
PKG-001614,97.74,WH-050,WH-068,URGENT
PKG-001615,425.24,WH-031,WH-078,URGENT
PKG-001616,481.98,WH-084,WH-033,LOW
PKG-001617,343.60,WH-029,WH-089, LOW 
PKG-001618,433.35,WH-019,WH-066,URGENT
PKG-001619,287.31,WH-089,WH-034,URGENT
PKG-001620,148.39,WH-076,WH-063,URGENT
PKG-001621,428.81,WH-047,WH-078,LOW
pkg-001622,,,WH-018, URGENT 
PKG-001623,167.18,,WH-036,STANDARD
PKG-001624, 236.95327674814047 ,WH-060,WH-025,LOW
PKG-001625,,WH-025,WH-035,STANDARD
pkg-001626,290.86,WH-065,WH-022,LOW
pkg-001627,71.14,WH-083,WH-015,STANDARD
 PKG-001628 , 141.7323660625105 ,WH-093,WH-069,LOW
PKG-001629,351.11, WH-031 ,WH-086,STANDARD
PKG-001630,233.71,WH-039,WH-027,URGENT
PKG-001631,285.06,WH-049,WH-059,LOW
PKG-001632,163.33,WH-094, WH-053 ,LOW
PKG-001633,233.30,WH-095,WH-013,URGENT
PKG-001634,22.13,WH-052,WH-074,URGENT
PKG-001635,204.90,WH-002,WH-097,urgent
PKG-001636,359.00,WH-023,WH-010,LOW
PKG-001637,19.36,WH-042,WH-093,URGENT
PKG-001638,480.67,WH-079,WH-024,URGENT,
PKG-001639,412.45,WH-060,WH-030,LOW
PKG-001640,349.81,WH-005,WH-003,LOW
PKG-001641,172.72,WH-053,WH-089,URGENT
PKG-001642,34.14,WH-042,wh-064,STANDARD
PKG-001643,174.94,WH-060,WH-033,URGENT
PKG-001644,170.82,WH-024,WH-053,URGENT
PKG-001645,123.87,WH-048,WH-086,LOW
PKG-001646,170.13,WH-084, WH-090 ,STANDARD
PKG-001647,403.00,WH-038,WH-034,STANDARD
PKG-001648,348.36,WH-033, WH-025 ,URGENT
PKG-001649,433.91,WH-016,WH-094,URGENT,
PKG-001650,50.28,WH-098,wh-095,LOW
pkg-001651,155.05,WH-047,WH-016,URGENT
PKG-001652,202.23,WH-005,WH-042,LOW
pkg-001653,61.83,WH-086,WH-034,LOW
PKG-001654,277.53,WH-072,WH-040,STANDARD
PKG-001655,137.89,WH-081,WH-005,URGENT
PKG-001656,370.67,WH-099,,STANDARD
PKG-001657,331.77,WH-051,WH-030,URGENT
PKG-001658,248.03,WH-098,WH-079,STANDARD
PKG-001659,496.51,WH-088, WH-044 ,URGENT
PKG-001660,257.84,WH-093,WH-081,URGENT
 PKG-001661 ,454.16, WH-045 ,WH-033, URGENT 
PKG-001662, 152.27424429404925 ,WH-026,WH-043,STANDARD
PKG-001663,269.29,WH-076,WH-014,STANDARD
PKG-001664,204.99,WH-065,WH-055,STANDARD
PKG-001665,411.79,WH-060,WH-090,LOW
pkg-001666,117.62,WH-069,WH-059,URGENT
PKG-001667,218.72,WH-077,WH-097,
PKG-001668,154.25,wh-019,WH-003,STANDARD
PKG-001669,264.57, WH-012 ,WH-077,LOW
PKG-001670,407.41,WH-036,WH-046,standard
PKG-001671,426.07,WH-021,WH-056,URGENT
PKG-001672,145.73,WH-047,WH-013,VIP
PKG-001673,42.40,,WH-008,STANDARD,
,26.70,WH-031,WH-018,LOW
PKG-001675,3.24,WH-013, WH-053 ,URGENT
PKG-001676,309.04,WH-014, WH-033 ,URGENT
pkg-001677,474.10,WH-065,WH-024
,83.37,WH-026,WH-018,low
PKG-001679,364.53,wh-023,WH-038,LOW
PKG-001680,115.37,WH-011,wh-058,LOW

 PKG-001681 ,425.66,WH-013, WH-028 ,LOW
PKG-001682,133.96,WH-009,WH-042,STANDARD
PKG-001683,77.72,WH-019,WH-056,LOW
PKG-001684,404.24,WH-007,WH-086,URGENT
PKG-001685,140.42,WH-028,WH-008,LOW
PKG-001686,159.14,WH-067,WH-038,URGENT
PKG-001687,476.43,WH-009,WH-091,LOW
PKG-001688,390.18,WH-054,WH-061,URGENT
PKG-001689,68.71,WH-043,WH-035,
PKG-001690,142.30,WH-036,WH-091,LOW
PKG-001691,82.95,WH-061,WH-028,STANDARD
PKG-001692,444.33,WH-017,WH-040,URGENT
PKG-001693,175.54,WH-035,WH-021,LOW
PKG-001694,383.28,WH-022,WH-054,URGENT
PKG-001695,346.78,WH-058,WH-029,VIP
pkg-001696,428.87, WH-031 ,wh-038,LOW
PKG-001697,464.59,WH-017,WH-038,LOW
 PKG-001698 ,327.78,WH-006,,URGENT
PKG-001699,462.29,WH-092,WH-042,URGENT
PKG-001700,187.40,WH-061,WH-024,URGENT
PKG-001701,125.56,WH-065, WH-083 ,vip
PKG-001702,94.71,WH-059,wh-068,STANDARD
PKG-001703,133.21,WH-003,WH-029,STANDARD
PKG-001704,247.21,WH-039,WH-028,URGENT
PKG-001705,34.15,WH-073,WH-011,LOW
PKG-001706,null,WH-015,WH-049,STANDARD
PKG-001707,448.25,WH-068,WH-014,LOW
pkg-001708, 107.41691837289756 ,wh-097,WH-019,URGENT
PKG-001709,,WH-066,WH-045,URGENT
PKG-001710,41.41,WH-079,WH-042,STANDARD
PKG-001711,394.76,wh-092,WH-031,VIP
PKG-001712,75.52,WH-052,WH-060,STANDARD
PKG-001713,166.45, WH-041 ,WH-048,URGENT
PKG-001714,451.49,WH-058,WH-040, STANDARD 
,491.33,WH-044,WH-008,URGENT
PKG-001716,185.87,WH-039,WH-051,URGENT
PKG-001717,476.07,WH-007,WH-097,standard
PKG-001718,485.13,WH-017,WH-090,URGENT
PKG-001719,392.76,WH-051,WH-034, URGENT 
PKG-001720,227.29,WH-079,,STANDARD
pkg-001721,97.00,WH-080,WH-008,LOW
PKG-001722,51.57,WH-100,WH-050,STANDARD
PKG-001723,28.29,,WH-087,URGENT
PKG-001724,136.58,WH-024,WH-082,LOW
PKG-001725,224.94,WH-027,WH-069,CRITICAL
PKG-001726,5.41,WH-063,WH-074,EXPRESS
PKG-001727,434.94,WH-095,WH-048, URGENT 
PKG-001728,377.44,WH-005,WH-100,STANDARD
PKG-001729,490.39, WH-013 ,WH-019,URGENT
PKG-001730,265.23,WH-093,WH-080,LOW
PKG-001731,169.66,wh-033,WH-093,STANDARD
PKG-001732,88.67504941399505kg,WH-017,WH-001,URGENT
PKG-001733,188.24,WH-069,WH-079,LOW
PKG-001734,300.15,,WH-044, STANDARD 
PKG-001735,179.31,WH-088,WH-064,LOW
PKG-001736,236.60,WH-061,WH-015,STANDARD
PKG-001737,498.21,WH-092,WH-054,STANDARD
PKG-001738,324.60,WH-061,WH-023,URGENT
PKG-001739,17.07,WH-072,WH-083,LOW
pkg-001740,162.64,WH-035,WH-052,standard
PKG-001741,462.34,WH-021,WH-025,URGENT
PKG-001742,335.56,WH-029,WH-032,URGENT
PKG-001743,389.52,WH-014,WH-060,URGENT
PKG-001744,78.54,WH-097, WH-046 ,STANDARD
PKG-001745,411.58,WH-100,WH-033,LOW
PKG-001746,302.91,WH-019,WH-078,URGENT
PKG-001747,152.91,WH-099,WH-054,
PKG-001748,391.92,WH-063,WH-071, LOW 
PKG-001749,58.93,WH-059,WH-096
PKG-001750,268.56,WH-058,WH-017,LOW
PKG-001751,337.64,WH-004,WH-048,URGENT
pkg-001752,291.73893198390397kg,WH-078,WH-099,low
PKG-001753,474.77,WH-066,WH-068,CRITICAL
PKG-001754,298.65,WH-010,wh-002,urgent
,300.50,WH-072,WH-062,STANDARD
PKG-001756,145.99,WH-063, WH-006 ,urgent
PKG-001757,239.35,WH-082,WH-043,STANDARD
PKG-001758,392.39,WH-074,WH-005,URGENT
PKG-001759,329.79,WH-066,WH-062,STANDARD
PKG-001760,445.05,WH-027,WH-090,LOW
pkg-001761,314.79,WH-049,wh-082,LOW
PKG-001762,149.96,WH-078,WH-062,URGENT
PKG-001763,250.50,WH-030,WH-100,STANDARD
PKG-001764,186.89,WH-003,WH-010,STANDARD
PKG-001765,315.07,WH-002,WH-033,STANDARD
,186.57,WH-065,WH-033,
PKG-001767,156.08,wh-100,WH-014,STANDARD
PKG-001768,159.74,WH-018,WH-073,STANDARD
PKG-001769,383.40,WH-006, WH-050 ,STANDARD
PKG-001770,36.96,WH-096,WH-029,LOW
PKG-001771,487.04, WH-087 , WH-051 ,VIP
PKG-001772,355.61,WH-005,WH-079,LOW
PKG-001773,113.57, WH-014 ,WH-008,LOW
PKG-001774,30.27,WH-073,WH-072,STANDARD
PKG-001775,380.61,WH-087,WH-097,STANDARD
PKG-001776,221.65,WH-070,WH-016,LOW
PKG-001777,227.41,WH-078,WH-090,STANDARD
PKG-001778,377.71,wh-005,WH-022,LOW
PKG-001779,272.16,wh-069,WH-076,LOW
PKG-001780,20.42,WH-049,WH-067,URGENT
PKG-001781,438.51,WH-059,WH-003,STANDARD
PKG-001782,N/A,WH-096,WH-028,low
PKG-001783,369.20,WH-067,WH-019,STANDARD
PKG-001784,172.41,WH-023, WH-005 ,LOW
PKG-001785,35.06,WH-073,WH-035,LOW
PKG-001786,20.22,WH-014,WH-033,URGENT
PKG-001787,455.20,WH-003,WH-012,LOW
PKG-001788,481.84,WH-082,WH-084,LOW
pkg-001789,377.20,WH-049,WH-099,URGENT
pkg-001790,32.67,WH-023,WH-097,URGENT
PKG-001791,81.62,WH-007,WH-090,STANDARD
PKG-001792,414.13,WH-079,WH-040,VIP
PKG-001793,133.69,WH-055,WH-095,low

PKG-001794,431.14,WH-082,WH-034,EXPRESS,
PKG-001795,128.34,WH-047,wh-065,STANDARD
PKG-001796,108.56,,WH-056,
PKG-001797,156.66,WH-047, WH-064 ,URGENT
PKG-001798,226.97,WH-054,WH-071,STANDARD
PKG-001799,441.67,WH-083,WH-056,STANDARD
PKG-001800,499.94,WH-073,WH-025,STANDARD
PKG-001801,44.01,WH-067,WH-008,URGENT
PKG-001802,186.94,WH-013, WH-088 ,STANDARD
PKG-001803,338.09,WH-098,,STANDARD
PKG-001804,128.75,WH-099, WH-074 ,STANDARD
PKG-001805,385.87,WH-076, WH-090 ,vip
PKG-001806,375.79,WH-079,WH-085,URGENT
pkg-001807,467.82,WH-087,WH-084,URGENT
PKG-001808,null,WH-069,WH-086,LOW
PKG-001809,51.09,WH-091,WH-066,LOW
PKG-001810,60.85,WH-064,WH-018,URGENT
PKG-001811,88.41,WH-097,WH-051,STANDARD
PKG-001812,325.45, WH-013 ,,LOW
PKG-001813,4.21,,WH-077,URGENT
PKG-001814,56.90,WH-079, WH-054 ,LOW
PKG-001815,395.47,WH-082,wh-015,STANDARD
,434.86,WH-095,WH-046,URGENT
PKG-001817,1.31,WH-043,WH-065,URGENT
PKG-001818,38.16,WH-050,WH-094,URGENT
PKG-001819,276.18,WH-017,WH-025,STANDARD
PKG-001820,85.28,WH-017,WH-029,LOW
PKG-001821,92.95,WH-030,WH-063,URGENT
PKG-001822,221.18,WH-075,WH-086,URGENT
PKG-001823,314.99,WH-050,WH-088,low
PKG-001824,349.25,WH-049,WH-034,URGENT
PKG-001825,,WH-051,WH-099,LOW
PKG-001826,93.73,WH-087,WH-037,standard
PKG-001827,172.60,WH-097,WH-088,STANDARD
PKG-001828,50.94,WH-026,WH-005, STANDARD 
PKG-001829,29.73,WH-091,WH-086,LOW
PKG-001830,271.57,WH-074,WH-088,STANDARD
PKG-001831,44.65,WH-094,WH-065,URGENT
PKG-001832,229.04,WH-040,WH-090,LOW
PKG-001833,341.17,WH-014,WH-091,LOW
PKG-001834,205.74,WH-002,WH-045,STANDARD
PKG-001835,22.93,WH-015,WH-016,URGENT
PKG-001836,17.73,WH-049,,LOW
PKG-001837,39.46,WH-005,WH-003,URGENT
PKG-001838,489.60,WH-079,WH-096,LOW
PKG-001839,238.06,WH-082,WH-099,LOW
PKG-001840,101.45,WH-088,WH-061,STANDARD
PKG-001841,27.61,WH-054,WH-100,URGENT

PKG-001842,461.45,WH-004,WH-006,LOW
PKG-001843,336.05,WH-042,WH-037,STANDARD
PKG-001844,144.96,WH-081,WH-033,URGENT
PKG-001845,74.80,WH-005,WH-092,STANDARD
PKG-001846,N/A,WH-023,WH-070,LOW
PKG-001847,434.15,,WH-093,LOW
PKG-001848,365.83,WH-062,WH-063,STANDARD
PKG-001849,313.73,WH-034,WH-041,URGENT
PKG-001850,217.33,WH-038,WH-067,STANDARD
PKG-001851,364.54,WH-021,WH-080,STANDARD
PKG-001852,N/A,WH-065,WH-020,standard
PKG-001853,164.79,WH-067,WH-064,STANDARD
PKG-001854,252.75,WH-067,WH-042,LOW
PKG-001855,165.01,WH-067,WH-100,STANDARD
PKG-001856,479.71,WH-087,WH-029,URGENT
PKG-001857,469.84, WH-054 ,WH-026,URGENT
PKG-001858,44.92,WH-027,WH-008,LOW
PKG-001859,255.26,WH-044,WH-089,URGENT
PKG-001860,,WH-081,WH-045
PKG-001861,72.73,WH-048,WH-083,URGENT
PKG-001862,421.11,WH-047,WH-073,URGENT
PKG-001863,472.40, WH-019 ,WH-078,STANDARD
PKG-001864,454.04,WH-055,WH-068,standard
PKG-001865,135.42,WH-057,WH-043,low
PKG-001866,321.33,WH-046,WH-095,URGENT
PKG-001867,343.25,WH-099,WH-045,LOW
PKG-001868,129.37,,WH-047,urgent
PKG-001869,204.68,WH-008,WH-040,LOW
 PKG-001870 ,455.89,WH-006,WH-030,URGENT
PKG-001871,60.00, WH-071 ,WH-031, STANDARD 
PKG-001872,373.15,WH-018,WH-066,LOW
 PKG-001873 ,97.07,wh-026,WH-016,VIP
PKG-001874,459.77,WH-093,WH-029,URGENT
PKG-001875,243.69,WH-078,WH-011,STANDARD
PKG-001876,232.75,WH-029, WH-022 ,STANDARD
PKG-001877,358.14,WH-079,WH-092,LOW
pkg-001878,225.83,WH-051,WH-049,URGENT
PKG-001879,309.44,WH-034,WH-073,LOW
PKG-001880,,WH-074,WH-004,STANDARD
PKG-001881,42.39,wh-083,WH-092,LOW
pkg-001882,221.60,WH-079,WH-046,URGENT
PKG-001883,453.03,WH-034,WH-032,URGENT
PKG-001884,0.91,WH-029,WH-033,VIP
 PKG-001885 ,8.99,wh-030,WH-080,
PKG-001886,25.80,WH-040,WH-050, STANDARD 
PKG-001887,412.72097232309324kg,WH-046,WH-051, EXPRESS 
PKG-001888,489.71,WH-016, WH-078 ,VIP
PKG-001889,28.50,WH-007,,URGENT
PKG-001890,193.17,WH-068,WH-079,URGENT
PKG-001891,397.20,WH-019,wh-030,LOW
PKG-001892,452.99,WH-041,WH-032,STANDARD
PKG-001893,430.71, WH-081 , WH-068 ,URGENT
PKG-001894,286.25,WH-027,wh-068
PKG-001895,364.88,WH-069,WH-001,URGENT
PKG-001896,324.61,WH-003,WH-038,LOW
PKG-001897,147.87,WH-010,WH-008,STANDARD
PKG-001898,40.07,wh-071,WH-012,URGENT
PKG-001899,431.64,WH-045,WH-036,
PKG-001900,401.91,WH-026,WH-083,
PKG-001901, 81.90118178134843 ,WH-026,WH-076,URGENT
PKG-001902,232.78,WH-092,WH-081,LOW
PKG-001903,242.25,WH-072,WH-001, URGENT 
PKG-001904,478.03,WH-091,WH-089,URGENT
PKG-001905,56.16,WH-037,WH-045,
 PKG-001906 ,143.00,WH-085,WH-092,URGENT
PKG-001907,424.19,WH-036,WH-026,URGENT
PKG-001908,93.86,WH-082, WH-078 ,STANDARD
PKG-001909,55.84,WH-010,WH-067,LOW
PKG-001910,132.78,WH-037,WH-081,LOW
PKG-001911,15.09,WH-089,WH-070,LOW
 PKG-001912 ,494.55,WH-058,WH-067,STANDARD
PKG-001913,147.09,WH-067,WH-096,URGENT
PKG-001914,217.23,WH-046,WH-070,URGENT

PKG-001915,25.99,WH-030,WH-014,EXPRESS
PKG-001916,284.51,WH-100,WH-083,LOW
PKG-001917,94.74,WH-032,WH-082,STANDARD
,403.37,WH-097,WH-064,LOW
PKG-001919,202.63,wh-081,WH-049,LOW
PKG-001920,189.10,WH-079,WH-067,CRITICAL
PKG-001921,272.00,wh-090,WH-048,URGENT
PKG-001922,134.40,,WH-044,URGENT
PKG-001923,113.64,WH-033,WH-093,VIP
PKG-001924,380.00,WH-013,WH-099,STANDARD
PKG-001925,36.20,WH-029,WH-002,URGENT
 PKG-001926 ,319.76,WH-064,WH-001,URGENT
PKG-001927,13.24,WH-068,WH-089,URGENT
PKG-001928,4.32,WH-071,WH-069,LOW
PKG-001929,149.14,WH-090,WH-010,STANDARD
PKG-001930,140.24,WH-007,WH-097,STANDARD
PKG-001931,236.76,WH-079,WH-071,URGENT
PKG-001932,124.33,WH-010,WH-054,URGENT
PKG-001933,334.02,WH-032,WH-017,URGENT
PKG-001934,154.65,WH-019,WH-082,LOW
PKG-001935,201.35,WH-097,WH-053,URGENT
PKG-001936,71.85,WH-087,WH-019,URGENT
PKG-001937,395.84, WH-019 ,wh-007,URGENT
 PKG-001938 ,86.08,WH-038,WH-012,STANDARD
pkg-001939,184.78,wh-026,WH-063,LOW
PKG-001940,211.11,WH-070,WH-094,LOW
PKG-001941,165.25,wh-051,WH-055,LOW

PKG-001942,185.57,WH-021,WH-048,standard
PKG-001943,192.21,WH-080,WH-098,URGENT
PKG-001944,226.87,WH-019,WH-057,LOW
PKG-001945,312.84,WH-003,WH-092,URGENT
pkg-001946,248.10,WH-001,,STANDARD
PKG-001947,279.79,WH-012,WH-029,LOW
PKG-001948,208.83,WH-097,WH-023,URGENT
PKG-001949,426.36,WH-016,WH-049,URGENT
PKG-001950,376.23,WH-083,,URGENT
PKG-001951,22.57,WH-096,wh-057,LOW
PKG-001952, 432.62263818654867 , WH-076 ,WH-094,EXPRESS
pkg-001953,479.34,WH-036,WH-028,STANDARD
PKG-001954,236.40,WH-079,WH-024,STANDARD
 PKG-001955 ,9.71,WH-035,WH-100,VIP
PKG-001956,118.46,WH-099,WH-052,STANDARD
PKG-001957,N/A,WH-043,WH-089,LOW
PKG-001958,195.33, WH-047 ,WH-024,STANDARD
PKG-001959,460.77,WH-084,WH-010,URGENT
PKG-001960,395.09,WH-022, WH-057 ,LOW
PKG-001961,,wh-055,WH-030,URGENT
PKG-001962,100.88,WH-086,wh-008,LOW
PKG-001963,471.59,wh-027,WH-038,LOW
PKG-001964,488.48,WH-033,WH-024,LOW
PKG-001965,186.09,WH-062,WH-043,LOW
PKG-001966,253.23,WH-083,WH-047,low
PKG-001967,435.34,WH-054,WH-042,LOW
PKG-001968,74.97,WH-027,WH-068,LOW
,,WH-051,WH-011,LOW
PKG-001970,116.19,WH-017,WH-007,URGENT
PKG-001971,250.74,WH-095,WH-043,URGENT
PKG-001972,239.70,WH-027,WH-059,URGENT
PKG-001973,467.92,,WH-097,
 PKG-001974 ,N/A,WH-015,WH-006
PKG-001975, 135.28045706171625 ,WH-083,WH-039,NONE
PKG-001976,186.08,WH-053,WH-054,LOW
PKG-001977,86.07,WH-092,WH-013,URGENT
PKG-001978,19.99,WH-065,WH-068,LOW
PKG-001979,,WH-006,WH-079,LOW
PKG-001980,484.83,WH-032,WH-090,LOW
PKG-001981,463.26,WH-074,WH-047,LOW
PKG-001982,315.06,WH-092,WH-043,LOW
PKG-001983,465.27,WH-039,WH-056,LOW
PKG-001984,190.69,WH-034,WH-031,
PKG-001985,104.60, WH-085 , WH-023 ,STANDARD
PKG-001986,415.15,WH-070,WH-071,STANDARD
PKG-001987,300.78,WH-059,WH-091,LOW
PKG-001988,325.84, WH-053 ,WH-025,LOW
PKG-001989,256.90,WH-060,WH-097,STANDARD
 PKG-001990 ,434.89,WH-071,WH-070,standard
PKG-001991,456.84,WH-100,WH-066,STANDARD
PKG-001992,295.53,WH-043,WH-036,CRITICAL
PKG-001993,337.35,WH-040,WH-076,CRITICAL
PKG-001994,3.649198349240056kg,WH-092,WH-044, LOW 
PKG-001995,433.08,WH-084,WH-028,STANDARD
,126.19,WH-061,WH-020,
PKG-001997,343.91,WH-045,WH-024,STANDARD
PKG-001998,261.54,WH-065,WH-007,URGENT
pkg-001999,104.64,WH-024, WH-072 ,URGENT
PKG-002000,166.12,,WH-085,STANDARD
 PKG-002001 ,176.22,WH-089,wh-011,URGENT
PKG-002002, 157.9095235591441 ,WH-097,WH-078,LOW
PKG-002003,357.97,WH-096,WH-062,LOW
PKG-002004,174.92,WH-071,WH-031,LOW
PKG-002005,211.78,WH-073,WH-055,URGENT
PKG-002006,N/A,WH-036,WH-090,NONE
PKG-002007,90.25,WH-035,WH-081,STANDARD

PKG-002008,152.02,WH-089,WH-035,LOW
PKG-002009,368.44,WH-039,WH-025,URGENT
PKG-002010,270.90,WH-053,WH-094,NONE
PKG-002011,462.33,WH-084,WH-090,NONE
PKG-002012, 419.96713007795256 ,WH-086,WH-014,URGENT
PKG-002013,195.14,WH-049,WH-025,STANDARD

 PKG-002014 ,415.21,WH-055,WH-072,LOW,
 PKG-002015 ,133.79,WH-014,WH-099,STANDARD
PKG-002016,196.37,WH-036,WH-081,STANDARD
PKG-002017,464.73,WH-020,WH-046,LOW
PKG-002018,null,WH-026,WH-050,URGENT
PKG-002019,286.92,wh-010,WH-080,LOW
PKG-002020,66.97,WH-091,WH-035,STANDARD
PKG-002021,,WH-002,WH-001,URGENT
PKG-002022,327.06,WH-029,WH-063,LOW
pkg-002023,230.51,WH-051,WH-086,LOW
PKG-002024,351.13,WH-052,WH-054,URGENT
PKG-002025,407.98, WH-033 ,WH-054,LOW
PKG-002026,,WH-082,WH-057, STANDARD 
PKG-002027,300.40,WH-041,WH-050,STANDARD
PKG-002028,455.98,WH-074,WH-009,STANDARD
PKG-002029,301.28,WH-064,WH-096, URGENT 
PKG-002030,69.89,WH-096,WH-011,STANDARD
PKG-002031,388.37,WH-096,WH-005,STANDARD
PKG-002032,454.69,WH-003,WH-078,URGENT
PKG-002033,317.09,WH-033,WH-042,STANDARD
PKG-002034,160.34,WH-071,wh-070,LOW
PKG-002035,108.22,WH-049, WH-082 ,STANDARD
PKG-002036,239.44,,WH-095,VIP
PKG-002037,71.70,WH-030,WH-003,LOW
PKG-002038,417.43,WH-037,WH-074,URGENT
PKG-002039,211.86,WH-019,WH-077,STANDARD
PKG-002040,313.09,wh-034,WH-097,STANDARD
PKG-002041,443.73,WH-070,WH-057,STANDARD
PKG-002042,233.84,WH-094,WH-088,LOW
PKG-002043,235.27,WH-086,WH-026,STANDARD
pkg-002044,210.82,WH-026,WH-043,URGENT
PKG-002045,116.01,WH-034,WH-056,LOW
PKG-002046,391.09,WH-089,WH-088,STANDARD
 PKG-002047 ,235.93,WH-100,WH-001,LOW
PKG-002048,422.35,WH-016,WH-040,STANDARD
PKG-002049,444.98,wh-037, WH-058 ,URGENT
PKG-002050,284.50,WH-022,wh-058, LOW 
PKG-002051,250.59,WH-024,WH-051,URGENT,
PKG-002052,367.58,WH-059,WH-012,STANDARD
PKG-002053,0.59,wh-019,WH-082,STANDARD
PKG-002054,162.20,WH-037,WH-075,URGENT
PKG-002055,131.14,WH-053,WH-099,LOW
PKG-002056,83.24,WH-063,WH-042,LOW
PKG-002057,73.56,WH-006,WH-048,URGENT
PKG-002058,160.91,WH-027,WH-018,URGENT
PKG-002059,340.37,WH-030,WH-038,LOW
PKG-002060,381.65,WH-059,WH-042,URGENT
PKG-002061,473.04,WH-036,WH-020,urgent
pkg-002062,428.64,WH-093,WH-050,URGENT
PKG-002063,67.11,WH-038,WH-061,
PKG-002064,96.80, WH-043 ,WH-009,
PKG-002065,461.41,WH-084,WH-095,LOW
PKG-002066,,WH-061,WH-013,URGENT
PKG-002067,213.54,WH-032,WH-073,URGENT
PKG-002068,null,WH-002,WH-004,urgent
PKG-002069, 60.363143098979045 ,WH-029,WH-026, STANDARD 
PKG-002070,422.84,WH-003,,LOW
PKG-002071,45.39,WH-072,WH-099
PKG-002072,271.48,wh-005,WH-056,urgent
PKG-002073,338.98,WH-061,WH-084,LOW
PKG-002074,441.76,WH-074,WH-079,STANDARD
PKG-002075,233.98,WH-027,WH-052,STANDARD
PKG-002076,477.56,WH-063,wh-010,standard
PKG-002077,303.06,WH-017,WH-065,
pkg-002078,76.68,WH-080,WH-074,LOW
PKG-002079,54.56,WH-092,WH-016,
PKG-002080,330.94,wh-019, WH-098 ,URGENT
PKG-002081,40.13,wh-059,WH-097,STANDARD
PKG-002082,,WH-046,WH-017,LOW
PKG-002083,302.17, WH-050 ,WH-054,LOW
pkg-002084,373.82,wh-039,WH-007,STANDARD
PKG-002085,93.30, WH-019 ,WH-009, URGENT 

PKG-002086,336.62, WH-023 , WH-038 ,LOW
PKG-002087,162.00,WH-030, WH-093 ,low
PKG-002088,236.04,WH-047,WH-084,STANDARD
PKG-002089, 107.52821508379503 ,WH-093,WH-014,STANDARD
PKG-002090,49.30,WH-089,WH-020,LOW
PKG-002091,217.85,WH-058,WH-066, STANDARD 
PKG-002092,421.28,WH-007,WH-031,URGENT
PKG-002093,309.44,WH-098,WH-025,URGENT
PKG-002094,39.37,wh-064,WH-084,LOW
PKG-002095,268.93,WH-016,WH-088,STANDARD
PKG-002096,105.03, WH-038 ,WH-096,URGENT
PKG-002097,63.62,WH-050,WH-068,LOW
 PKG-002098 ,296.16,wh-003,WH-002,LOW
PKG-002099,264.11,WH-030,WH-022, STANDARD 
PKG-002100,347.67,WH-060,WH-072,URGENT
PKG-002101,57.72,WH-024,WH-079,STANDARD
pkg-002102,1.76,WH-007,WH-086,STANDARD
PKG-002103, 67.05911280747704 ,WH-096,WH-077,URGENT
PKG-002104,35.92,WH-077,WH-047,none
PKG-002105,495.97,WH-032,WH-011,LOW
PKG-002106,464.90,WH-013,WH-097, LOW 
PKG-002107,480.92,WH-068,WH-016,LOW
PKG-002108,475.46,WH-029,WH-094,LOW
PKG-002109,389.91,WH-034,WH-077,LOW
PKG-002110,146.02,wh-029,WH-074,STANDARD
PKG-002111,159.45,WH-067,WH-011,URGENT
PKG-002112,472.29,WH-100,wh-092,STANDARD
PKG-002113,366.50,WH-017,WH-019,NONE
PKG-002114,303.89,WH-021,WH-068,STANDARD
PKG-002115,421.72,WH-050,WH-037,VIP
PKG-002116,74.70,WH-032,WH-068,STANDARD
PKG-002117,361.97,WH-017,WH-003,urgent
 PKG-002118 ,378.71,WH-094,wh-093,STANDARD
PKG-002119,167.68, WH-098 ,WH-061,URGENT
PKG-002120,470.07,WH-021,WH-049, STANDARD 

PKG-002121,163.48,WH-056,WH-026,LOW
 PKG-002122 ,497.19,WH-010,WH-073,LOW
PKG-002123,35.15,WH-077,WH-052,STANDARD
 PKG-002124 ,197.50,WH-025,WH-037,URGENT
PKG-002125,59.82,WH-059,WH-022,STANDARD
PKG-002126,340.76,WH-097,WH-011,LOW
PKG-002127,440.76,,WH-050,CRITICAL
PKG-002128,41.54,WH-017,WH-046,STANDARD
PKG-002129,434.26,WH-099,WH-019, URGENT 
PKG-002130,478.63,WH-008,WH-001,LOW
PKG-002131,318.76,WH-061,WH-035,URGENT
PKG-002132,281.78,WH-067,WH-096,URGENT
 PKG-002133 ,489.38,WH-092,WH-021,LOW
PKG-002134,269.96,WH-050,WH-023,LOW
PKG-002135,234.11,WH-055,WH-035, LOW 
PKG-002136,156.28,WH-089,WH-004,low
PKG-002137,300.08,WH-011,WH-075,STANDARD
PKG-002138,358.94,WH-066,WH-017,LOW
PKG-002139,290.24,WH-051,WH-030,standard
PKG-002140,303.94,WH-046,WH-083,STANDARD
PKG-002141,251.09822458871588kg,WH-065,WH-086,LOW
PKG-002142,220.30,WH-056,WH-015,URGENT
PKG-002143,452.80,WH-100,WH-049,LOW
PKG-002144,460.45,,WH-089,URGENT
PKG-002145,376.83,WH-075,,STANDARD
PKG-002146,null,WH-093,WH-016,URGENT
PKG-002147,19.87,WH-035,WH-026, STANDARD 
pkg-002148,340.02,WH-066,WH-031,LOW
PKG-002149,232.86,wh-015,WH-098,URGENT
PKG-002150,329.93,WH-046,WH-052,LOW

PKG-002151,311.33,WH-064,wh-093,URGENT
PKG-002152,138.58,wh-050,WH-042,LOW
PKG-002153,429.16,WH-026,WH-075,STANDARD
PKG-002154,76.70,WH-053,WH-082,LOW
 PKG-002155 ,142.53,WH-079,WH-067,URGENT
PKG-002156,394.92,WH-007,WH-058,URGENT
PKG-002157,371.18, WH-001 ,WH-059,STANDARD
PKG-002158,340.69,wh-034,WH-038,STANDARD
PKG-002159,472.38,WH-050,wh-003,URGENT
PKG-002160,N/A,WH-028,WH-007,URGENT
PKG-002161,256.00,WH-065,WH-096,LOW
PKG-002162,267.36,WH-069,wh-022,LOW
PKG-002163,316.87,WH-089,WH-021,CRITICAL
PKG-002164,154.78,WH-062,WH-031,URGENT
PKG-002165,346.38,WH-034,WH-030,LOW
PKG-002166,366.93,WH-056, WH-081 ,STANDARD
PKG-002167,26.51,WH-086,,LOW
PKG-002168,375.45,WH-075,WH-092,STANDARD
PKG-002169,89.40, WH-019 ,WH-008,URGENT
PKG-002170,443.83,WH-050,WH-099,LOW
PKG-002171,,wh-087,WH-068,LOW
PKG-002172,230.20,WH-017,WH-075,LOW
PKG-002173,374.29,WH-042,WH-082,URGENT
PKG-002174,336.22,WH-022,WH-025,STANDARD
,365.92,WH-081,WH-032,LOW
PKG-002176,119.84,WH-071,WH-064,NONE
PKG-002177,,WH-046,WH-001,LOW
PKG-002178,243.40,WH-063,WH-045,URGENT
PKG-002179,335.30,WH-070,WH-053,LOW
PKG-002180,372.82,,wh-043,STANDARD
PKG-002181,403.62,WH-011,WH-002,urgent
PKG-002182,288.18,WH-100,WH-006,LOW
PKG-002183,166.99,WH-029,WH-047,STANDARD
PKG-002184,398.31,WH-074,WH-032,LOW
PKG-002185,15.76,WH-046,WH-067,LOW
PKG-002186, 109.8057368971708 ,WH-018,WH-024,LOW

PKG-002187,158.45,WH-026,WH-070,LOW
PKG-002188, 206.7594616075635 ,WH-069,WH-067,URGENT
 PKG-002189 , 423.37679471946666 ,WH-029,WH-001,LOW
PKG-002190,465.55,WH-011,wh-034,standard
pkg-002191,339.16,WH-015, WH-082 ,URGENT
PKG-002192,468.31, WH-087 ,WH-040,URGENT
PKG-002193,407.95,WH-035,WH-024,URGENT
PKG-002194,481.65,WH-028,WH-098,LOW
PKG-002195,217.20,WH-093,WH-067,URGENT
PKG-002196,407.19,WH-066,WH-090,URGENT
PKG-002197,30.61, WH-074 ,WH-012,LOW
PKG-002198,489.69,WH-053,WH-007,LOW
 PKG-002199 ,N/A,WH-045, WH-085 ,LOW
 PKG-002200 ,299.24,WH-078,WH-042,LOW
PKG-002201,413.85,WH-003,WH-079,urgent
PKG-002202,484.27,WH-091,WH-051,URGENT
PKG-002203,252.57,WH-100,WH-049,LOW
PKG-002204,467.71,WH-069,WH-031,STANDARD
PKG-002205,180.23,WH-092,WH-035,STANDARD
PKG-002206,440.12,WH-026,WH-076, LOW 
PKG-002207,474.21,WH-048,WH-090,URGENT
PKG-002208,145.28,WH-049,WH-072,NONE
PKG-002209,9.86,WH-064,WH-060,STANDARD
PKG-002210,31.64,WH-072, WH-038 ,STANDARD
PKG-002211,414.21,WH-010,WH-033,URGENT
PKG-002212,421.32,WH-029,WH-072,LOW
PKG-002213,293.41,WH-053,WH-063,URGENT
PKG-002214,66.52,WH-094,WH-031,URGENT
PKG-002215,308.29,WH-087, WH-003 ,LOW
PKG-002216,354.42,WH-041,WH-072,URGENT
PKG-002217,102.81,wh-069,WH-005,urgent
PKG-002218,378.28,WH-043,WH-028,URGENT
PKG-002219,323.80,WH-064,WH-096,
PKG-002220,113.42,,WH-016,NONE
PKG-002221,184.54,WH-011,WH-016,low
pkg-002222,147.47,WH-069,WH-054,CRITICAL
PKG-002223,73.28,WH-059,WH-063,URGENT
PKG-002224,171.59,WH-061,WH-064,URGENT
pkg-002225,452.33,WH-014,WH-082,LOW
PKG-002226,370.83,WH-020,WH-037,STANDARD
PKG-002227,423.90,WH-093,WH-070,URGENT
PKG-002228,265.01,WH-017,WH-036,URGENT
pkg-002229,306.47,WH-033,WH-004,LOW
pkg-002230,N/A,WH-033,WH-093, STANDARD 
PKG-002231,323.75,WH-098,WH-074,STANDARD
PKG-002232,293.85,WH-053,WH-013,URGENT
PKG-002233,340.48,WH-013,WH-072, URGENT 
 PKG-002234 , 379.59106891949784 ,WH-052,WH-028,LOW
PKG-002235,363.97,WH-023,WH-052,
PKG-002236,3.93,WH-069,WH-091,URGENT
PKG-002237,N/A,WH-092,WH-058,LOW
PKG-002238,284.09,WH-087,WH-070,LOW
PKG-002239,456.20,WH-091,WH-070,LOW
pkg-002240,478.99,WH-043,WH-077,LOW
PKG-002241,483.90,WH-043,WH-035,URGENT
PKG-002242,460.59,WH-014,WH-061,URGENT
PKG-002243,464.72,WH-018,WH-066,URGENT
PKG-002244,104.45,WH-034,WH-045,URGENT
PKG-002245,233.37,WH-021,WH-023,LOW

PKG-002246,493.39,WH-063,WH-090,LOW
PKG-002247,478.59,WH-034,WH-053, LOW 
PKG-002248,445.63, WH-031 ,WH-100,STANDARD
PKG-002249,428.36, WH-075 ,WH-062,STANDARD
PKG-002250,471.55,WH-021,WH-032,LOW
PKG-002251,171.18,WH-083,WH-048,URGENT
PKG-002252,321.28,WH-017,WH-085,STANDARD
PKG-002253,461.47,WH-040,WH-050,LOW
PKG-002254,382.00,WH-044,WH-056,STANDARD
PKG-002255,186.79,WH-065,WH-080,STANDARD
PKG-002256,155.78,WH-015,WH-048,LOW
PKG-002257,90.67,wh-024,WH-005,URGENT
,57.31,WH-037,WH-067,URGENT
PKG-002259,65.44,WH-070,WH-078,STANDARD
PKG-002260,25.57, WH-064 ,WH-039,STANDARD

PKG-002261,76.10,WH-065,WH-061,none
PKG-002262,219.61,WH-043,WH-044,STANDARD
PKG-002263,266.44,WH-041,WH-068,LOW
PKG-002264,431.72,WH-035,WH-017,LOW,
PKG-002265,493.44, WH-075 ,WH-063,URGENT
PKG-002266,34.24,WH-066,WH-065,STANDARD
PKG-002267,201.66,WH-094,WH-061,STANDARD
PKG-002268,285.69,wh-022,WH-024,URGENT
PKG-002269,N/A,,WH-055,URGENT
PKG-002270,246.67,WH-030,WH-021,low
PKG-002271,356.78,WH-058,WH-020,URGENT
 PKG-002272 ,181.55,wh-077,WH-061,URGENT
PKG-002273,21.09,WH-027,WH-065,LOW
PKG-002274,138.94,WH-016, WH-068 ,URGENT
PKG-002275,316.99,WH-005,WH-061,URGENT
PKG-002276,N/A,WH-004,wh-049,STANDARD
PKG-002277,251.61,WH-066,WH-083,LOW
,55.13,WH-058,WH-080,VIP
PKG-002279,320.17,WH-023,WH-042,URGENT
PKG-002280,16.83,WH-078,WH-052,URGENT
PKG-002281,109.24, WH-008 ,WH-069,LOW
 PKG-002282 ,208.92,WH-032,WH-096,NONE
PKG-002283,463.53,WH-050,WH-048,CRITICAL
PKG-002284,379.40,,WH-040,STANDARD
PKG-002285,448.34,WH-035,WH-031,STANDARD
PKG-002286,71.53,WH-095,WH-041,STANDARD
PKG-002287,222.85,WH-024,WH-091,LOW
pkg-002288,271.02,wh-074,WH-037,URGENT
PKG-002289,473.62,WH-011,WH-061,STANDARD
PKG-002290,431.28,WH-009,WH-054
PKG-002291,441.03,WH-030,WH-085,STANDARD
PKG-002292, 308.2203703409042 ,WH-010,WH-054,standard
PKG-002293,103.14,WH-055,WH-037,STANDARD
PKG-002294,158.70,WH-021,WH-015,
PKG-002295,23.78,WH-061, WH-034 ,STANDARD
PKG-002296,486.47,WH-088,WH-074,STANDARD
PKG-002297,36.31,,WH-080,URGENT
PKG-002298,373.13,WH-096,WH-074,LOW
pkg-002299,310.15,WH-099,WH-044,STANDARD
PKG-002300,94.72,WH-077,wh-078,STANDARD
PKG-002301,173.32,WH-025,WH-078,LOW
pkg-002302,N/A,WH-049,WH-043,LOW
PKG-002303,476.80,WH-045,wh-067,URGENT
PKG-002304,67.85,wh-062,WH-059,LOW
PKG-002305,340.45,WH-050, WH-091 ,urgent
PKG-002306,244.03,wh-071,wh-059,LOW
 PKG-002307 ,204.5025560035007kg,WH-004,WH-035,URGENT
PKG-002308,195.84,WH-045,WH-018,URGENT
PKG-002309,28.17, WH-012 ,WH-004,STANDARD
pkg-002310,308.10,WH-039,WH-086,URGENT
pkg-002311,181.89,WH-023,WH-084
PKG-002312,23.93,WH-062,WH-022,LOW
PKG-002313,284.32,WH-088,WH-024, STANDARD 
PKG-002314,474.67,WH-092,WH-070,STANDARD
 PKG-002315 ,158.55,WH-046,WH-052,URGENT
PKG-002316,253.86,WH-049,WH-005, STANDARD 
PKG-002317,82.25,WH-067,WH-009,STANDARD
PKG-002318,49.57,WH-012,WH-079,LOW
PKG-002319,161.15,WH-033,WH-027,STANDARD
PKG-002320,null,WH-019,wh-047,URGENT
PKG-002321,99.08,wh-055,WH-077,STANDARD
PKG-002322,null,WH-076,WH-043,
PKG-002323,228.67,WH-016,WH-078,STANDARD
PKG-002324,33.10,WH-028,WH-033,LOW
PKG-002325,211.99,WH-098,WH-076,STANDARD
PKG-002326,463.75,WH-074,WH-040, LOW 
PKG-002327,91.01,WH-048,WH-094,STANDARD
PKG-002328,153.00,WH-038,WH-010,standard
PKG-002329,5.15,WH-096,WH-027
PKG-002330,104.16, WH-014 ,WH-067,critical
PKG-002331,106.91,WH-062,WH-088, LOW 
PKG-002332,6.62,WH-089,WH-082,URGENT
 PKG-002333 ,101.40,WH-070,WH-020,LOW
PKG-002334,443.31,WH-068,WH-024,STANDARD
PKG-002335,43.59,WH-053,WH-001,low

PKG-002336,67.34,WH-069, WH-008 ,STANDARD
PKG-002337,65.51,WH-038,WH-069,STANDARD
PKG-002338,284.96,WH-056,WH-036,LOW
pkg-002339,236.27,WH-068,WH-059,STANDARD
PKG-002340,199.94,WH-035,WH-023,URGENT
PKG-002341,77.07,WH-084,WH-032,STANDARD
PKG-002342, 467.21112098057483 ,WH-001,WH-080,STANDARD
PKG-002343,N/A,WH-067,WH-010,LOW
PKG-002344,null,WH-052, WH-078 ,URGENT
PKG-002345,105.31,WH-023,WH-091,STANDARD,
PKG-002346,242.74,WH-038,WH-025, URGENT 
PKG-002347,null,WH-062,WH-088,LOW
PKG-002348,113.87,WH-095,WH-074,LOW
PKG-002349,373.01,WH-002,,STANDARD,
PKG-002350,237.09,WH-098,WH-004,STANDARD
PKG-002351,499.43,WH-087,WH-068,URGENT
PKG-002352,39.69,WH-072,WH-021,URGENT
PKG-002353,116.95,WH-043,WH-022,LOW
PKG-002354,327.21,WH-066, WH-060 , URGENT 
PKG-002355,312.34,WH-043, WH-029 ,STANDARD
PKG-002356,105.70,WH-080,WH-039, LOW 
PKG-002357,226.53,WH-075,WH-058,standard
pkg-002358,308.32,WH-017,WH-038,URGENT
PKG-002359,23.67,WH-037,WH-087
PKG-002360,417.91,WH-032,WH-091,STANDARD
pkg-002361,317.37,WH-085,WH-087,urgent
PKG-002362,404.80,WH-029,WH-095,STANDARD
PKG-002363,109.63,WH-024,WH-041,LOW
PKG-002364,47.05,WH-068,WH-092,STANDARD,
PKG-002365,398.18,WH-013, WH-074 ,LOW
PKG-002366,42.15,WH-032,WH-013,URGENT
PKG-002367,186.98,,WH-020,LOW
PKG-002368,296.74,WH-059,WH-076,URGENT
PKG-002369,412.62,WH-042,WH-057,URGENT
PKG-002370,121.38,WH-042,WH-013,LOW
PKG-002371,163.65,WH-054,WH-030,LOW
PKG-002372,105.36,WH-053,WH-076, STANDARD 
PKG-002373,338.17,WH-043,WH-037,STANDARD
PKG-002374,425.22,wh-070,WH-080,CRITICAL
PKG-002375,253.41,WH-010,WH-023,URGENT
PKG-002376,367.66,WH-071,WH-047,standard
pkg-002377,467.60,WH-058,WH-039,URGENT
PKG-002378,156.02,WH-084,WH-038,LOW
PKG-002379,299.64,WH-096,WH-070,STANDARD
PKG-002380,330.09,WH-084,WH-070,STANDARD
PKG-002381,164.87,WH-094,WH-018, LOW 
,61.65,WH-025,WH-048,NONE
PKG-002383,376.96,WH-040,WH-017,LOW
PKG-002384,404.15,WH-036,WH-019,STANDARD

PKG-002385,249.86,WH-035,WH-044,LOW
PKG-002386,346.43,WH-052,,URGENT
PKG-002387,351.83,WH-079,WH-098,LOW
PKG-002388,66.39,WH-100,WH-015,LOW
PKG-002389,251.23,WH-016,WH-100,URGENT
PKG-002390,0.78,WH-084,WH-035,URGENT
PKG-002391,72.96,WH-088,WH-081,STANDARD
PKG-002392,361.94,WH-027,WH-036,LOW
pkg-002393,73.70,WH-046, WH-073 ,NONE
PKG-002394,109.19,WH-081,WH-009,LOW
PKG-002395,2.96,WH-049,,standard
PKG-002396,406.54,WH-086,WH-057,URGENT
PKG-002397,N/A,WH-014,WH-047,LOW
PKG-002398,120.04,WH-024,WH-090,LOW
PKG-002399, 233.4368833244751 ,WH-026,WH-071,URGENT
PKG-002400,160.29716256099147kg,WH-068,wh-022,LOW
pkg-002401,41.39, WH-079 ,WH-039,LOW
pkg-002402,462.09,WH-036,WH-051,STANDARD
PKG-002403,37.01,WH-069,WH-049,
PKG-002404,233.19,WH-003,WH-070
PKG-002405,91.33,WH-057,WH-027,STANDARD
PKG-002406,209.58,WH-092,WH-014,URGENT
PKG-002407,396.00,WH-099,WH-039,STANDARD

pkg-002408,3.24,WH-013,WH-056,URGENT
PKG-002409,360.61,WH-042,WH-094,low
PKG-002410,219.15,WH-042,WH-071,LOW
pkg-002411,24.29,WH-020,WH-012,URGENT
PKG-002412,158.20,WH-015,WH-099
PKG-002413,331.83,WH-004,wh-027,STANDARD
PKG-002414,279.27,WH-083,WH-053
PKG-002415,450.89,WH-060,,URGENT
PKG-002416,171.08,WH-073,WH-008,STANDARD
PKG-002417,49.00,WH-060,WH-068,URGENT
PKG-002418,69.55,wh-006,WH-071, STANDARD ,
PKG-002419,26.95,WH-037,WH-044,LOW
PKG-002420,222.97,WH-060,WH-036,STANDARD
PKG-002421,393.02,WH-071,WH-070,standard
PKG-002422,61.19,wh-087,WH-028,URGENT
PKG-002423,121.82,WH-014,WH-073,LOW
pkg-002424,52.42, WH-068 ,WH-096,URGENT
PKG-002425,264.68,WH-090,WH-026,URGENT
PKG-002426,444.95,WH-056,WH-089,STANDARD
PKG-002427,142.14,WH-024,WH-053,LOW
PKG-002428,71.55,WH-051,WH-074,STANDARD
pkg-002429,189.94,WH-097,WH-015,
PKG-002430,272.84,WH-038,WH-075,STANDARD
 PKG-002431 ,227.38,WH-099,WH-013,URGENT
PKG-002432,389.54,WH-097,WH-089,LOW
PKG-002433,176.14,WH-087,WH-047,STANDARD
PKG-002434,235.76,WH-079,WH-053,LOW
PKG-002435,120.54,WH-025,WH-074,URGENT
PKG-002436,344.40, WH-095 ,WH-085,URGENT
PKG-002437,133.18,WH-070,WH-078,LOW
PKG-002438,446.78,WH-013,WH-067
PKG-002439,495.12,WH-084,WH-057,STANDARD
PKG-002440,219.35,WH-070,, STANDARD 
PKG-002441,475.72, WH-001 ,WH-014,standard
 PKG-002442 ,207.59,wh-050,,STANDARD
PKG-002443,52.71,WH-037,WH-067,LOW
PKG-002444,499.67,WH-032,WH-001,URGENT
,363.62,WH-022,WH-040,STANDARD
PKG-002446,308.85,WH-093,WH-053,STANDARD
PKG-002447,90.16,WH-050,WH-086,URGENT
PKG-002448,72.30,WH-094,WH-059,LOW
PKG-002449,82.04,WH-007,WH-010,STANDARD
PKG-002450,111.61,WH-048,WH-081,standard
PKG-002451,178.67,WH-002,WH-064,LOW
PKG-002452,17.72,wh-012,WH-100, URGENT 
PKG-002453,434.45,WH-085,WH-013,LOW
PKG-002454,209.73,WH-054,WH-061,URGENT
,248.73,WH-048,WH-010,STANDARD
PKG-002456,325.30,WH-077,WH-055,URGENT
PKG-002457,302.67,WH-089,wh-091,LOW
PKG-002458,377.38,WH-059,WH-051,low
PKG-002459,239.45,WH-074,wh-082,URGENT
PKG-002460,344.38,WH-045,WH-060,STANDARD
PKG-002461,162.12,WH-028,WH-093,LOW
,N/A,WH-036,wh-048,LOW
PKG-002463,470.55,WH-050,WH-052,URGENT
PKG-002464,36.59,WH-027,WH-024,STANDARD
PKG-002465,463.41,WH-019,WH-014,STANDARD
PKG-002466,426.82,WH-016,WH-035,URGENT
PKG-002467,N/A,WH-033,WH-086,STANDARD
, 90.32683689600488 ,WH-028,WH-085,URGENT
PKG-002469,183.86,WH-016,WH-055,STANDARD
PKG-002470,121.44,WH-030,WH-022,URGENT
PKG-002471,273.59,WH-061,WH-078,STANDARD
PKG-002472,166.14,WH-040,WH-044,URGENT
PKG-002473,307.36,WH-072,WH-069,LOW
PKG-002474,173.39,WH-016,WH-013,STANDARD
PKG-002475,65.98,wh-013,WH-001, URGENT 
pkg-002476,444.25,WH-013,WH-019,STANDARD
PKG-002477,491.42,WH-030,WH-036,URGENT
PKG-002478,0.66,WH-033,WH-016,URGENT
PKG-002479, 482.31911878818045 ,WH-084,WH-057,URGENT
PKG-002480,466.39,WH-003,WH-028,LOW
PKG-002481,438.85,WH-076,WH-097,URGENT
PKG-002482,478.72,WH-053,WH-058,LOW
PKG-002483,448.71,WH-065,WH-006,URGENT
PKG-002484,77.97,WH-079,WH-099,URGENT
,191.49,WH-036,wh-097,LOW
 PKG-002486 ,91.9996566667589kg,WH-052, WH-039 ,LOW
PKG-002487,165.6842913164371kg,WH-022,WH-057,LOW
PKG-002488,232.86,WH-097,WH-010,URGENT
PKG-002489,215.44,WH-055,WH-027,URGENT
PKG-002490,387.89,wh-094,WH-050,STANDARD
PKG-002491,300.02,WH-079,WH-100,STANDARD
, 58.70910754326033 ,WH-037,WH-093,URGENT
PKG-002493,440.46,WH-076,WH-061,LOW
PKG-002494,252.99,,WH-013,STANDARD
PKG-002495,157.23,WH-015,WH-085,LOW
PKG-002496,N/A,WH-070,WH-078,LOW
PKG-002497,444.48, WH-100 ,WH-088,STANDARD
PKG-002498,10.49, WH-063 ,WH-074,STANDARD
pkg-002499,201.60,WH-029,wh-012,URGENT
PKG-002500,57.62,WH-059,WH-050,URGENT
, 78.42653193544942 ,WH-072,WH-036,LOW
PKG-002502,219.89,wh-047,WH-066,low
PKG-002503,346.74,WH-065,WH-051,LOW
PKG-002504,30.71,WH-090,WH-055,LOW
PKG-002505,206.66,WH-077,wh-042,URGENT
PKG-002506,102.13,wh-078,WH-037,LOW
 PKG-002507 ,297.51,WH-052,WH-050,STANDARD
PKG-002508,207.17,WH-003,WH-015,URGENT
 PKG-002509 ,409.75,WH-057,WH-064,LOW
PKG-002510,269.00,WH-055, WH-090 ,STANDARD
PKG-002511,353.64,WH-064,WH-065,LOW
PKG-002512,264.55,WH-076,wh-096,STANDARD
PKG-002513,300.88,WH-019,WH-044,LOW
 PKG-002514 ,220.55,WH-100,WH-060,STANDARD
PKG-002515,185.32,WH-034,WH-036,STANDARD
PKG-002516,350.90,WH-020,WH-003,STANDARD
PKG-002517,466.32,WH-023,WH-058, STANDARD 
PKG-002518,31.16,WH-036,WH-020,LOW
PKG-002519,28.52,WH-021,WH-092,STANDARD
pkg-002520,231.97,WH-049,WH-005,LOW
PKG-002521,107.79,WH-077,WH-003,STANDARD
PKG-002522,24.80,wh-069,WH-014,URGENT
PKG-002523,345.00,WH-038,WH-036,LOW
PKG-002524,222.59,WH-042,WH-011,URGENT
PKG-002525,372.08,WH-069,WH-009,URGENT
pkg-002526, 451.9601580424856 ,WH-029,WH-099, STANDARD 
PKG-002527,361.95,WH-024,WH-018,
PKG-002528,302.18,WH-016,WH-015,URGENT
PKG-002529,481.73,WH-066,WH-092,LOW
 PKG-002530 ,327.35,WH-098,WH-012,STANDARD
,378.63,WH-064,WH-019,LOW
PKG-002532,423.14,WH-095,WH-051,LOW
PKG-002533,293.83,WH-055,WH-058,LOW
 PKG-002534 ,156.52, WH-043 , WH-018 ,URGENT
PKG-002535,26.96,WH-053,WH-019,URGENT
PKG-002536,163.64,WH-099,WH-069,URGENT
PKG-002537,152.24,WH-096,WH-013,STANDARD
PKG-002538,77.36,WH-071,WH-009,LOW
PKG-002539,null,,WH-099,LOW
 PKG-002540 ,355.41,WH-058,WH-039,STANDARD
PKG-002541,494.63,,WH-093,STANDARD
PKG-002542,289.67,WH-016,WH-013,LOW
PKG-002543,26.60,,WH-098,EXPRESS
PKG-002544,402.88,WH-081,WH-077,URGENT
 PKG-002545 ,200.70,WH-056,WH-097, EXPRESS ,
PKG-002546,167.39,WH-084,WH-024,URGENT
 PKG-002547 ,,WH-064,WH-038,LOW
PKG-002548,47.22,WH-038,WH-007,URGENT
PKG-002549,121.87,WH-043,WH-015,URGENT
PKG-002550,N/A,WH-072,WH-076,URGENT
PKG-002551,283.19,WH-080,WH-019,LOW
PKG-002552,213.93,wh-069,WH-015,LOW
PKG-002553,458.54,wh-062,WH-068,STANDARD
PKG-002554,463.44,WH-048,WH-002,URGENT
PKG-002555,122.96, WH-030 ,,urgent
 PKG-002556 ,6.17,WH-039,WH-018,STANDARD
PKG-002557,327.95,WH-051,WH-062,LOW
PKG-002558,166.46,WH-090,WH-038,LOW
PKG-002559,,WH-083,WH-030,STANDARD
PKG-002560,205.21,WH-073,WH-027,URGENT
PKG-002561,484.18,WH-099,WH-041,VIP
pkg-002562,null,WH-072,WH-024,STANDARD
 PKG-002563 ,190.64,WH-058,WH-046,URGENT
PKG-002564,402.10,WH-063, WH-008 ,LOW
PKG-002565,487.50,WH-069,WH-010,URGENT
PKG-002566,268.24,WH-098,WH-077,LOW
PKG-002567,326.24,WH-078,WH-002,STANDARD
PKG-002568,81.96,WH-056,wh-064,STANDARD
pkg-002569,78.72,WH-051,WH-092,URGENT
,70.97,WH-027,WH-086,urgent
PKG-002571,390.95,WH-032,,NONE
PKG-002572,247.50,WH-023,WH-099,LOW
PKG-002573,140.43,WH-011,WH-100,STANDARD
PKG-002574,373.87,WH-073,WH-043,URGENT
PKG-002575,438.49,WH-093,, LOW 
PKG-002576,335.08,WH-046,WH-066, LOW 
PKG-002577,109.22,WH-067,WH-031,URGENT
PKG-002578,473.29,WH-025,WH-033,LOW
PKG-002579,394.67,WH-075,WH-006,URGENT
PKG-002580,467.58, WH-022 ,WH-020,URGENT,
PKG-002581,126.64,WH-083,WH-012,LOW
PKG-002582,459.20,WH-018,wh-019,LOW
PKG-002583,N/A,WH-011,WH-001,URGENT
PKG-002584,463.88,WH-089,WH-065,URGENT
PKG-002585,427.92,,WH-073,URGENT
PKG-002586,135.98,WH-082,WH-027,NONE
PKG-002587,51.64,WH-063,WH-073,URGENT
PKG-002588,398.43,WH-024,WH-077,LOW

,129.13,WH-032,WH-043,LOW
PKG-002590,103.17,WH-028,WH-051,URGENT
PKG-002591, 30.3103894991007 ,WH-060, WH-099 ,STANDARD
PKG-002592,246.55,WH-081,WH-017,VIP
PKG-002593,422.23,WH-039,WH-014,STANDARD,
PKG-002594,152.11,WH-042,WH-051,STANDARD

PKG-002595,362.61,WH-084,WH-038,LOW
PKG-002596,119.87,WH-083,WH-028,URGENT
PKG-002597,462.50,WH-026,WH-024,LOW
PKG-002598,450.63,WH-029,wh-057,LOW
PKG-002599,235.87,WH-080,WH-002,LOW
PKG-002600,296.60,,WH-079,STANDARD
pkg-002601,353.59,WH-035,WH-007,STANDARD
PKG-002602,483.09,WH-064,WH-021,LOW
PKG-002603,177.81,WH-076,WH-035,URGENT
PKG-002604,353.05,WH-036,WH-058,URGENT
PKG-002605,86.23,WH-041,WH-088,URGENT
PKG-002606,6.36,WH-092,WH-024,LOW
PKG-002607, 436.70985150751284 ,WH-019,wh-008,STANDARD
PKG-002608,111.11,WH-038,WH-057,STANDARD
pkg-002609,189.29,WH-076,WH-095,LOW
PKG-002610,497.72,WH-044,WH-033,STANDARD
PKG-002611,178.54,WH-038,wh-086,STANDARD
PKG-002612,243.09,WH-098,WH-022,URGENT
PKG-002613,108.89,WH-056,WH-052,urgent
PKG-002614,432.33,WH-009,WH-062,LOW
PKG-002615,369.19,,WH-073,CRITICAL
PKG-002616,74.73,WH-100,WH-009,standard
PKG-002617,51.14,WH-024,WH-046,LOW
PKG-002618,349.52,WH-006, WH-053 ,STANDARD
PKG-002619,221.98,WH-036,wh-096,standard
PKG-002620,155.50, WH-089 , WH-038 ,STANDARD
PKG-002621,360.38,,,URGENT
PKG-002622,361.54,WH-084, WH-030 ,STANDARD
PKG-002623, 394.0158204459243 ,WH-042,WH-077,URGENT
 PKG-002624 ,350.49,,WH-083,STANDARD
PKG-002625,278.86,WH-027,WH-077,LOW
PKG-002626,357.09,WH-088,WH-055,STANDARD
PKG-002627,223.66,WH-002,WH-019,URGENT
PKG-002628,127.01,WH-097,WH-040,NONE
PKG-002629,224.11,WH-030,WH-046,URGENT
pkg-002630,308.72,WH-098,WH-005,NONE
PKG-002631,26.25,WH-087,WH-043,LOW
PKG-002632,129.65,WH-099,WH-014,
PKG-002633,63.58,WH-031,WH-034,LOW
PKG-002634,125.34,WH-052, WH-098 ,LOW
PKG-002635,,WH-097,WH-008,URGENT
PKG-002636,173.83,WH-029,WH-042,STANDARD
PKG-002637,317.53,WH-033,WH-020,URGENT
PKG-002638,0.32,WH-065,WH-014,URGENT
pkg-002639,467.74,WH-081,WH-064,VIP
pkg-002640,446.79,WH-086,WH-084,URGENT
PKG-002641,440.24,WH-006,WH-020,URGENT
PKG-002642,287.63,WH-018,WH-090,URGENT
PKG-002643,244.39,WH-095,WH-090, URGENT 
PKG-002644,158.75,WH-016,WH-060,URGENT
PKG-002645,33.95,WH-016,, URGENT 
PKG-002646,480.25,WH-021,WH-100,URGENT
PKG-002647,194.69,,wh-032,STANDARD
PKG-002648,458.44,WH-051,,URGENT
PKG-002649,496.65,WH-088,WH-066,LOW
PKG-002650,470.45,WH-055,WH-092,LOW
PKG-002651,118.14,WH-025,WH-093,URGENT
PKG-002652,N/A,WH-024, WH-084 ,URGENT
PKG-002653,153.54,WH-054,WH-007,STANDARD
PKG-002654,350.33,WH-077,WH-065,LOW
PKG-002655,25.51,wh-026,WH-024,
PKG-002656,28.08,WH-044,WH-093,LOW
PKG-002657,466.78,WH-045,WH-077,URGENT
PKG-002658,242.06,WH-007,WH-060,URGENT
PKG-002659,336.97,WH-007,WH-005,LOW
PKG-002660,295.02,WH-012,WH-028,STANDARD
pkg-002661,235.13,WH-040, WH-054 ,STANDARD
PKG-002662,301.07,WH-017,WH-011,urgent
PKG-002663,448.36,WH-020,WH-087,URGENT
PKG-002664,405.41,WH-074,wh-038,LOW
 PKG-002665 ,342.63,WH-042,WH-055,LOW
PKG-002666,451.28,WH-066,WH-065,STANDARD
PKG-002667,23.44,WH-067,WH-082,LOW
PKG-002668,493.49,,WH-075,URGENT
PKG-002669,266.61,WH-087,WH-056,LOW
pkg-002670,445.87,WH-080,WH-046,URGENT
PKG-002671,483.22, WH-014 ,WH-045,URGENT
PKG-002672,244.77,WH-036,WH-011,URGENT
PKG-002673,330.90,WH-044,WH-015,STANDARD
PKG-002674,197.89,WH-070,WH-076, URGENT 
PKG-002675,37.93,WH-008,WH-077,STANDARD
pkg-002676,477.92,WH-002,WH-051,LOW
PKG-002677,350.21,WH-099,WH-079,URGENT
PKG-002678,,WH-016,,STANDARD
PKG-002679,471.69,WH-013,WH-010,STANDARD
PKG-002680,482.09, WH-033 ,WH-019,LOW
PKG-002681,201.59,WH-099,WH-077,URGENT
PKG-002682,315.05,WH-052,WH-093,LOW
PKG-002683,41.61,WH-061,WH-022,STANDARD
PKG-002684,32.77,WH-029,WH-054,LOW
 PKG-002685 ,382.43,WH-003,WH-006,URGENT
pkg-002686,496.35,,WH-055,CRITICAL
PKG-002687,402.20,WH-006,WH-011,STANDARD
PKG-002688,440.83,WH-046,WH-040,STANDARD
PKG-002689,256.77, WH-014 ,WH-043,STANDARD
,70.00,WH-012,WH-022,LOW
PKG-002691,49.55,WH-025,WH-019,LOW
PKG-002692,423.92,WH-073,WH-063,STANDARD
PKG-002693,20.97,WH-061,WH-057,STANDARD
PKG-002694,370.29,WH-074,WH-033,LOW
PKG-002695,397.69,WH-021,WH-037,STANDARD
PKG-002696, 88.64177099588385 ,WH-069,WH-071,STANDARD
PKG-002697,467.61,WH-024,WH-084, CRITICAL 
PKG-002698,332.42,WH-038,WH-090,URGENT
PKG-002699,89.49,WH-038,WH-005,STANDARD
PKG-002700,447.61,WH-065,WH-051,STANDARD
PKG-002701,125.81,WH-018,WH-089,URGENT
PKG-002702,148.46,WH-042,WH-061,LOW
PKG-002703,439.48,WH-090,WH-035,STANDARD
PKG-002704,241.39,WH-030,WH-031,
PKG-002705,211.08,WH-081,WH-023,
PKG-002706,41.71,WH-046,WH-044,LOW
PKG-002707,139.03,WH-097,WH-057,URGENT
,66.91,WH-083, WH-031 ,NONE
PKG-002709,61.26,WH-084,wh-003,LOW
PKG-002710,182.99,WH-009,WH-070,URGENT
,360.24,WH-014,WH-056,LOW
PKG-002712,69.16,wh-086,WH-036,LOW
PKG-002713,395.28, WH-062 ,WH-082,STANDARD
PKG-002714,166.75,WH-078,WH-074, STANDARD 
pkg-002715,10.58,WH-029,WH-066,URGENT
PKG-002716,143.20,wh-091,WH-022,LOW
PKG-002717,102.85,WH-059,WH-040,URGENT
PKG-002718,17.22,WH-057,WH-079,LOW
PKG-002719,381.24,WH-029,WH-093,URGENT
PKG-002720,234.23,WH-003,wh-094,STANDARD
PKG-002721, 460.78167300704445 ,WH-079,WH-043,URGENT
PKG-002722,415.29,wh-065,WH-024,STANDARD
pkg-002723,233.00,WH-065,WH-068,LOW
 PKG-002724 ,447.99, WH-082 ,WH-052,STANDARD
PKG-002725,,WH-007,WH-016,STANDARD
PKG-002726,159.11,WH-042,WH-052,URGENT
PKG-002727,495.29,WH-019,WH-027,URGENT
PKG-002728,147.39,WH-017,WH-092,STANDARD
PKG-002729,179.83,WH-084,wh-087,STANDARD
PKG-002730,363.99,WH-029,WH-019,LOW
PKG-002731,292.48,WH-085,WH-038,LOW
PKG-002732,461.79,WH-094,WH-088,STANDARD
PKG-002733,499.28,WH-069,WH-032,STANDARD
PKG-002734,116.45,WH-011,WH-063,URGENT
PKG-002735,106.53,WH-098,WH-099,URGENT
pkg-002736,292.91,WH-062,WH-071, STANDARD 
PKG-002737,null,WH-009,WH-081,EXPRESS
PKG-002738,246.75,WH-097,WH-031,LOW
PKG-002739,27.58,WH-016,wh-064,URGENT
PKG-002740,474.31,WH-077,wh-079,STANDARD
PKG-002741,248.48,WH-075,WH-090,STANDARD
PKG-002742,206.72,wh-051,WH-046,URGENT
PKG-002743,388.66,WH-004,WH-013,LOW
PKG-002744,25.52,WH-091,,LOW
PKG-002745,329.08,WH-079,WH-033, STANDARD 
PKG-002746,491.54,WH-038,WH-042,LOW
PKG-002747,N/A,WH-078,WH-014,LOW
PKG-002748,455.7917644123959kg,WH-098,WH-045,LOW
PKG-002749,454.49,WH-011, WH-072 ,STANDARD
PKG-002750,442.41,WH-051,wh-006,LOW
PKG-002751,351.88,WH-059,WH-066,STANDARD
PKG-002752,370.03, WH-037 ,wh-073,STANDARD
PKG-002753,150.67,WH-039,WH-074,LOW
PKG-002754,80.37,WH-029, WH-002 ,URGENT
PKG-002755,66.71,WH-094,WH-004,STANDARD
PKG-002756,,WH-064,WH-006,LOW
PKG-002757,332.23,WH-058,wh-019,URGENT
PKG-002758,135.75,WH-084,WH-025,LOW
PKG-002759,375.19, WH-058 ,WH-028,URGENT
PKG-002760,253.01,WH-027,wh-011, URGENT 
PKG-002761,242.35,WH-040,WH-054,STANDARD
PKG-002762,232.35,WH-023,WH-054,LOW
PKG-002763,433.38, WH-030 ,WH-025,EXPRESS
PKG-002764,237.56, WH-019 ,WH-081,LOW
PKG-002765,,WH-078,wh-012,STANDARD
PKG-002766,257.38,WH-022,WH-089,LOW
pkg-002767,41.45,WH-073,WH-082,URGENT
PKG-002768,169.66,WH-054,WH-020,STANDARD
PKG-002769,362.25,WH-077,WH-064,URGENT
PKG-002770,376.63183781134103kg,WH-050,WH-017,URGENT
PKG-002771,161.77,WH-019,WH-015,STANDARD
 PKG-002772 ,316.04,WH-046,WH-080,URGENT
PKG-002773,296.13,WH-100,WH-019,URGENT
PKG-002774,319.44,WH-008,WH-060,STANDARD
PKG-002775,268.78,WH-033,WH-091,STANDARD
PKG-002776,129.17,WH-007,WH-011,
PKG-002777,243.71,WH-052,WH-081,urgent
pkg-002778,464.06,WH-059, WH-061 ,LOW
PKG-002779,5.16,WH-080,WH-070,LOW
PKG-002780,419.69,WH-086,WH-058,LOW
PKG-002781,24.39, WH-022 , WH-077 ,STANDARD
PKG-002782,439.00,WH-030,WH-036,URGENT
PKG-002783,484.39,WH-019,WH-068,
PKG-002784,54.02,WH-012, WH-006 ,URGENT
 PKG-002785 ,359.13,WH-087,WH-035,LOW
PKG-002786,null,WH-100,WH-066,LOW
PKG-002787,40.54,WH-075,WH-022,URGENT
PKG-002788,197.98,WH-094,WH-064,standard
 PKG-002789 ,118.43, WH-062 ,WH-098,LOW
PKG-002790,363.68,WH-087, WH-042 ,URGENT
PKG-002791,69.97,WH-045,WH-084, STANDARD 
PKG-002792,360.44,WH-094,WH-006,
PKG-002793,383.59, WH-028 ,WH-019,URGENT
PKG-002794, 265.9458072588932 ,WH-049,WH-028,STANDARD
PKG-002795,86.12,WH-016,WH-068,low
PKG-002796,133.46,WH-042,WH-043,URGENT
PKG-002797,243.74,WH-072,WH-067,LOW
pkg-002798,449.13,WH-037,WH-076,LOW
PKG-002799,111.98, WH-072 ,WH-059,CRITICAL
PKG-002800,2.36,WH-061,WH-069,STANDARD
PKG-002801,416.07,WH-047,WH-097,LOW

PKG-002802,372.52,WH-025,WH-080, URGENT 
PKG-002803,35.17,WH-087,WH-007,LOW
PKG-002804,162.59,WH-047,WH-069,URGENT
pkg-002805,72.49,WH-013,WH-073,LOW
PKG-002806,63.42,WH-054,WH-091,LOW
PKG-002807,344.92,WH-042,WH-020,STANDARD
 PKG-002808 ,1.60,WH-077,WH-048,STANDARD
PKG-002809,97.99,WH-051,WH-077,LOW
PKG-002810,210.34,WH-098,WH-032,URGENT
 PKG-002811 ,416.82, WH-080 ,WH-020,LOW
PKG-002812,245.54,WH-017,WH-090,STANDARD
PKG-002813,267.45,WH-058,WH-014,URGENT
,326.51,WH-026,WH-060,LOW
pkg-002815,460.02,WH-062,WH-061,LOW
PKG-002816,227.69,WH-004,WH-025,STANDARD
 PKG-002817 ,195.70,WH-052,WH-005,STANDARD
PKG-002818,489.74,WH-053,WH-029,STANDARD
PKG-002819,16.28,wh-041,WH-074,STANDARD
PKG-002820,251.07,WH-039,WH-015,LOW
PKG-002821,327.74,WH-015,WH-097,URGENT
PKG-002822,324.37,WH-073,WH-040,URGENT
PKG-002823,95.64,WH-093,WH-031,URGENT
PKG-002824,144.84809289830963kg,WH-052,WH-068,LOW
PKG-002825,307.18,WH-046,WH-066,LOW
PKG-002826,182.22,WH-050,WH-052,STANDARD
PKG-002827,233.62,wh-090,WH-018,URGENT
PKG-002828,52.75,WH-087,WH-078,LOW
PKG-002829,294.71,WH-077,WH-061,low
PKG-002830,229.74,WH-068,WH-096,STANDARD
PKG-002831,430.88,WH-081,WH-043,URGENT
 PKG-002832 ,356.90,wh-059, WH-069 ,STANDARD
PKG-002833,93.56,WH-029,WH-022,URGENT
PKG-002834,450.38,WH-053,wh-059,URGENT

PKG-002835,441.37,wh-088,WH-063,LOW
PKG-002836,52.27,WH-032,WH-092,LOW
PKG-002837,5.88,WH-014,wh-045,standard
PKG-002838,495.24,WH-033,WH-096,URGENT
PKG-002839,105.60,WH-078,WH-070,NONE
PKG-002840,178.67,WH-085,WH-060,STANDARD
PKG-002841,212.35,WH-012,wh-095,EXPRESS
,349.98,WH-075,WH-037,LOW
 PKG-002843 ,431.95,WH-100,WH-042,URGENT
PKG-002844,66.04,WH-090,WH-092,NONE
PKG-002845,385.21,WH-098,WH-037,LOW
PKG-002846,53.34,WH-029,WH-012,STANDARD
PKG-002847,310.90,WH-066, WH-082 ,URGENT
PKG-002848,N/A,WH-005,WH-088,LOW
PKG-002849,194.64,WH-017,WH-090, STANDARD 
,N/A, WH-045 ,WH-098,VIP
PKG-002851,171.97,WH-098,WH-089,LOW
PKG-002852,61.85, WH-013 ,WH-046,STANDARD
PKG-002853,182.39,wh-036, WH-047 ,VIP
PKG-002854,138.44,WH-047,WH-057,LOW
PKG-002855,269.64,WH-088,WH-025,LOW
PKG-002856,271.28,WH-089,wh-031,LOW
pkg-002857,480.58,WH-077,WH-084,STANDARD
PKG-002858,32.62818114374202kg,WH-005,WH-023,LOW
 PKG-002859 ,250.63,wh-043,WH-086,URGENT
PKG-002860,256.48,WH-066,WH-011,URGENT
PKG-002861,438.24,WH-005,WH-066,LOW
PKG-002862,477.70,wh-017,WH-045,LOW
PKG-002863,206.93,,WH-072,
PKG-002864,333.40,WH-030,WH-044, LOW 
PKG-002865,169.84,WH-008, WH-093 ,standard
PKG-002866,197.03866608349668kg,WH-065,WH-099,URGENT
PKG-002867,234.07,WH-076,WH-048,STANDARD
pkg-002868,13.05,WH-028,WH-058, URGENT 
PKG-002869,260.14,WH-095,WH-069,STANDARD
PKG-002870,29.95,WH-081,WH-084,URGENT
PKG-002871,478.81,WH-007,wh-077,URGENT
PKG-002872,105.67,WH-075,,LOW
PKG-002873,43.07,WH-097,WH-045,STANDARD
PKG-002874,58.10,WH-006,WH-088,STANDARD
PKG-002875,N/A,WH-055,WH-100,STANDARD
PKG-002876,124.44,WH-062, WH-040 ,URGENT
 PKG-002877 ,281.98,WH-081,WH-004,
PKG-002878,339.09,wh-035, WH-030 ,URGENT
PKG-002879,114.42,WH-055,WH-002,LOW
PKG-002880,257.82, WH-098 ,WH-020,LOW
PKG-002881,354.52,WH-007,WH-062,STANDARD
PKG-002882,371.15,WH-081,WH-083,LOW,
PKG-002883,77.96,WH-005,WH-044,LOW
PKG-002884,20.12,WH-043,WH-064,LOW
pkg-002885,483.79,WH-049,,STANDARD
PKG-002886,424.02,WH-004,WH-005,LOW
PKG-002887,52.89144817826536kg,WH-077,WH-058,STANDARD
PKG-002888,354.29,WH-038,WH-080,LOW
PKG-002889,71.30,WH-064, WH-024 ,URGENT
PKG-002890,158.31,WH-061,WH-079,LOW
PKG-002891,147.05,WH-027,WH-088,URGENT
PKG-002892,306.28,WH-038,WH-022,URGENT
PKG-002893,207.03,WH-087,WH-007,LOW
PKG-002894,221.31,WH-017, WH-002 ,STANDARD
PKG-002895,202.16, WH-001 ,WH-005,STANDARD
PKG-002896,60.96,WH-007,WH-090,STANDARD
PKG-002897,361.65,WH-012,WH-072,STANDARD
PKG-002898,297.83,,WH-015
PKG-002899,297.63,WH-024,WH-088,URGENT
PKG-002900,166.35,WH-095,WH-018,STANDARD
 PKG-002901 ,N/A,WH-078,WH-091,URGENT
PKG-002902,376.44,WH-019, WH-038 ,LOW
PKG-002903,183.65,WH-012,WH-084,URGENT
PKG-002904,375.35,WH-009,WH-033,LOW
PKG-002905,395.65,WH-030,WH-092,LOW
PKG-002906,379.97,WH-045,WH-007, LOW 
PKG-002907,465.38, WH-057 ,WH-082,URGENT
, 486.2419682334737 ,WH-017,WH-040,URGENT
pkg-002909,304.04,WH-022,WH-064,LOW
PKG-002910,300.05,WH-067,WH-052,URGENT
PKG-002911,489.02,WH-011,WH-061,STANDARD
PKG-002912,284.77,WH-081,WH-051,STANDARD
PKG-002913,null,WH-010,WH-042,STANDARD
PKG-002914,216.73,WH-030,WH-061,LOW
PKG-002915,217.72,WH-090,WH-001,STANDARD
PKG-002916,79.23,WH-087,WH-033,STANDARD
PKG-002917,331.82,,WH-055,STANDARD
PKG-002918,443.40,WH-087,WH-005,URGENT
PKG-002919,14.47,WH-029, WH-026 ,STANDARD
PKG-002920,N/A,WH-092,WH-088,LOW
PKG-002921,42.34,WH-086,WH-079,LOW
PKG-002922,276.19,WH-058, WH-068 , STANDARD 
PKG-002923,285.84, WH-062 ,WH-090,URGENT
,70.21,WH-010,wh-087,STANDARD
pkg-002925,76.06,WH-018,WH-007,LOW
PKG-002926,282.31,WH-087,WH-030,STANDARD
PKG-002927,198.42,WH-081,WH-083,URGENT
PKG-002928,491.62,WH-049,WH-098,STANDARD
PKG-002929,271.89,WH-034,WH-079,EXPRESS
PKG-002930,94.29, WH-037 ,wh-062,STANDARD
PKG-002931,16.89,WH-043,WH-097,LOW
PKG-002932,271.78,WH-076,WH-027,URGENT
PKG-002933,282.97,WH-010,WH-090,LOW
PKG-002934,38.38,WH-089,WH-012,URGENT
PKG-002935, 35.63878785552551 , WH-009 ,WH-073,STANDARD
PKG-002936,7.67,WH-084,WH-045,EXPRESS
PKG-002937,189.05,WH-088,WH-029,URGENT
 PKG-002938 ,448.85,WH-069,,STANDARD
PKG-002939,54.60,WH-046,WH-012,LOW
PKG-002940,325.45,WH-009,WH-022,standard
pkg-002941,254.15,WH-047,WH-049,URGENT
PKG-002942,56.90,WH-052,wh-058,LOW
PKG-002943,N/A,WH-080,WH-066,URGENT
PKG-002944,121.44,WH-041,WH-014,STANDARD
PKG-002945,433.08,WH-023,WH-081,URGENT
PKG-002946,348.01,WH-087,WH-027,URGENT
PKG-002947,140.92,WH-075,WH-073,STANDARD
PKG-002948,477.45,WH-075,WH-064,urgent
PKG-002949,367.21,WH-003,WH-054,STANDARD
PKG-002950,335.39,WH-073,WH-058,LOW
PKG-002951,55.18,WH-056,WH-028,LOW
PKG-002952,235.66,WH-092,WH-088,STANDARD
PKG-002953,444.31,wh-029,WH-025,STANDARD
PKG-002954,333.69,WH-082,WH-061,EXPRESS
PKG-002955,427.35,WH-083,WH-001, URGENT 
PKG-002956,371.47,WH-090,WH-037,STANDARD
PKG-002957,211.22,WH-088,WH-091,URGENT
PKG-002958,279.93,WH-076,WH-052,LOW
pkg-002959,375.89,WH-019,WH-074
PKG-002960,382.97,WH-009,WH-074, URGENT 
PKG-002961,89.67,,WH-025, STANDARD 
PKG-002962,132.88,WH-058,WH-004,NONE
PKG-002963,264.29, WH-077 ,WH-097,LOW
PKG-002964,172.22,WH-048,WH-053,URGENT
pkg-002965,119.96,WH-015,wh-051,CRITICAL
 PKG-002966 ,77.38,WH-038,WH-035,STANDARD
PKG-002967,118.54,WH-079,WH-021,LOW
PKG-002968,138.98157368249267kg,WH-039,WH-040, STANDARD 
PKG-002969,215.91,WH-030,wh-082,LOW
PKG-002970,169.11,WH-067,WH-072,LOW
PKG-002971,90.46,WH-009,WH-088,urgent
PKG-002972,78.38,WH-087,WH-073,URGENT
PKG-002973,390.78,WH-062,WH-008,LOW
PKG-002974,385.31,WH-056,WH-039,URGENT
PKG-002975,358.51, WH-075 ,WH-073,low
PKG-002976,339.70,WH-085,WH-084,STANDARD
PKG-002977,321.23,WH-024,WH-054,STANDARD
PKG-002978,283.28,WH-026,WH-029,CRITICAL
PKG-002979,314.96,wh-094,WH-035, STANDARD 
PKG-002980,414.42,WH-058,WH-100,URGENT
PKG-002981,15.22,WH-078, WH-098 ,STANDARD
PKG-002982,156.98,WH-057,WH-086,LOW
PKG-002983,125.05,WH-048,WH-049,URGENT
PKG-002984,303.66,WH-079,WH-036,LOW
PKG-002985,439.43,WH-014,,URGENT
PKG-002986,385.98, WH-029 ,WH-034,URGENT
PKG-002987,64.49,WH-083,WH-009,URGENT
PKG-002988,210.45,,WH-088,LOW
PKG-002989,16.57,WH-098,WH-081,URGENT
PKG-002990,N/A,WH-059,WH-075,LOW
PKG-002991,498.24,wh-017,WH-039,STANDARD
 PKG-002992 ,23.87,WH-002,WH-005,LOW
PKG-002993,490.73,WH-043,WH-001,LOW
PKG-002994,265.40,WH-001,WH-032,URGENT
PKG-002995,434.35,WH-080,WH-047,LOW
 PKG-002996 ,174.88,WH-095,WH-017,URGENT
PKG-002997,28.72,WH-089,WH-086,NONE
PKG-002998,116.35,WH-058,WH-057
 PKG-002999 ,194.55, WH-014 ,WH-033, LOW 
PKG-003000,474.70,WH-033,WH-029,URGENT
PKG-003001,370.50,WH-010,WH-012
PKG-003002,287.13,WH-064,WH-017, STANDARD 
PKG-003003,453.35,WH-100,WH-084,LOW
PKG-003004,388.53,WH-057,WH-023,URGENT
PKG-003005,125.48,WH-079,WH-037,
PKG-003006,187.69,WH-058,WH-044,URGENT
PKG-003007,273.31,WH-019,WH-017,URGENT
PKG-003008,487.84,WH-034,WH-019,VIP
PKG-003009,114.24,WH-026,WH-074,URGENT,
PKG-003010,431.47,WH-054,WH-007,LOW
PKG-003011,48.07,WH-064,WH-007,STANDARD
,171.19,WH-004,WH-068,URGENT
PKG-003013,99.12,WH-031,WH-024,LOW
PKG-003014,62.64,WH-051,WH-048,VIP
PKG-003015,125.38,WH-003,WH-036,LOW
PKG-003016,266.76,WH-066,WH-056,
PKG-003017,292.69,WH-086,WH-048,URGENT
PKG-003018,81.60,WH-013,WH-037,URGENT
PKG-003019,436.73,WH-009,WH-090,CRITICAL
PKG-003020,376.19,WH-079,WH-084,LOW
PKG-003021,295.40,WH-084,WH-076,LOW
PKG-003022,273.96,WH-082,WH-020,URGENT

PKG-003023,N/A,WH-071,WH-036,URGENT
PKG-003024,468.41,WH-062,WH-048,LOW
,253.60,WH-026,WH-018,URGENT
 PKG-003026 ,454.98,WH-031,WH-094,URGENT
PKG-003027,226.19,WH-046,WH-049,STANDARD
PKG-003028,151.00,WH-036,WH-003,LOW
PKG-003029,445.77,WH-041,WH-017,URGENT
PKG-003030,382.78,WH-009,WH-074,LOW
PKG-003031,458.99,WH-060,WH-056,URGENT
PKG-003032,94.94, WH-095 ,WH-062,standard
PKG-003033,272.82,WH-050,WH-047,LOW
PKG-003034,112.11,WH-019,WH-029,URGENT

PKG-003035,230.44,WH-067, WH-026 ,URGENT
PKG-003036,220.31,WH-012,WH-076,URGENT
PKG-003037,187.21,WH-100,WH-001,LOW
PKG-003038,284.61,WH-001,wh-084,EXPRESS
PKG-003039,257.37,WH-029,WH-038,LOW
PKG-003040,311.38,WH-034,WH-076,LOW
PKG-003041,N/A,WH-063,wh-002,STANDARD
PKG-003042,22.77,WH-041,WH-080,STANDARD
PKG-003043,474.80,wh-036, WH-030 ,VIP
PKG-003044,392.45,WH-058,WH-033,STANDARD
PKG-003045,,WH-053,WH-069,STANDARD
PKG-003046,26.59,WH-083,WH-059,STANDARD

PKG-003047,407.82,WH-043,WH-065,LOW
PKG-003048,191.85,WH-011,WH-047,URGENT
PKG-003049,468.01,WH-026,WH-067,low
PKG-003050,160.95,WH-013,WH-090,standard
PKG-003051,210.94,WH-077, WH-076 ,URGENT
PKG-003052,245.10,WH-099,WH-007,STANDARD
PKG-003053,193.79,WH-022,WH-003,URGENT
PKG-003054,335.97,WH-081,WH-076,STANDARD
PKG-003055,288.72,WH-078,WH-012,STANDARD
PKG-003056,298.78,WH-001,WH-058,URGENT
PKG-003057,121.30, WH-076 ,WH-079,URGENT
PKG-003058,271.15,WH-002,WH-036,STANDARD
PKG-003059,390.4675628200874kg,WH-023,WH-100,URGENT
PKG-003060,321.97,WH-079,WH-061,STANDARD
 PKG-003061 ,327.71,WH-091,WH-007,URGENT
PKG-003062,93.68,WH-057, WH-090 ,STANDARD
PKG-003063,282.70,WH-079,wh-083,STANDARD
PKG-003064,,WH-020,WH-066,NONE
PKG-003065,159.05,WH-051,WH-041,LOW
PKG-003066,304.95,WH-087,WH-042,STANDARD
PKG-003067,405.04,WH-009,WH-031
PKG-003068,N/A,WH-036,WH-030,URGENT
PKG-003069,,WH-003,WH-100, STANDARD 
PKG-003070,377.74,WH-002,WH-014,URGENT
PKG-003071,1.63,WH-028,WH-029,URGENT
PKG-003072,52.21,WH-011,WH-042,LOW
PKG-003073,360.57,WH-089,WH-078,URGENT
PKG-003074,35.85,WH-009,WH-029,URGENT
PKG-003075,115.54,WH-077,WH-033,LOW
PKG-003076,369.30,wh-012,WH-040,LOW
PKG-003077,59.50,WH-051,WH-041,URGENT
PKG-003078,180.31,WH-007,WH-049,STANDARD
PKG-003079,416.16,WH-096,WH-054,URGENT
PKG-003080,450.53,WH-075,WH-052,URGENT
PKG-003081,248.19,WH-024,WH-003,STANDARD
PKG-003082,216.13,WH-012,WH-022,URGENT
PKG-003083,59.73,WH-014,WH-008,standard

PKG-003084,447.19,,WH-072,STANDARD
pkg-003085, 444.54626106598 ,WH-017,WH-044,LOW
PKG-003086,295.16,WH-056,WH-003,CRITICAL
PKG-003087,199.80,WH-045,WH-012, URGENT 
PKG-003088,238.30,WH-038,WH-083,LOW
PKG-003089,187.91, WH-042 ,WH-077,standard
PKG-003090,112.12,WH-048,WH-098,STANDARD
pkg-003091,93.60,WH-015,WH-089,STANDARD
PKG-003092,147.87,WH-089,WH-001,URGENT
PKG-003093,308.33013099194994kg,WH-033,WH-037,URGENT
 PKG-003094 ,129.69, WH-052 ,WH-091,URGENT
PKG-003095,460.27,WH-082,WH-089,EXPRESS
PKG-003096,351.39,WH-017,WH-007,STANDARD
PKG-003097,361.81,WH-027,WH-042,
PKG-003098,498.08,WH-078,WH-018,URGENT
PKG-003099,349.15,WH-051,WH-014,LOW
pkg-003100,226.63,WH-085,WH-082,URGENT
PKG-003101,N/A,WH-068,WH-082,LOW
PKG-003102,32.39,,WH-023,URGENT
PKG-003103,262.18,WH-038,WH-031,LOW
PKG-003104,159.04,WH-025,wh-073,URGENT
PKG-003105,473.40, WH-092 ,WH-094,LOW
PKG-003106,23.27, WH-076 ,WH-025,STANDARD
PKG-003107,353.30,WH-042,WH-054,LOW
PKG-003108,117.94,WH-079,WH-028,STANDARD
PKG-003109,45.64,WH-067,wh-037,NONE
PKG-003110,48.40,WH-046,WH-076,URGENT
PKG-003111,457.89,WH-060,WH-029,LOW
PKG-003112,428.24, WH-035 ,WH-043,STANDARD
PKG-003113, 210.018603059611 ,WH-053,WH-055,STANDARD
PKG-003114,192.64,wh-060,WH-094,LOW
PKG-003115,10.01,WH-033,WH-079,LOW
 PKG-003116 ,473.24,WH-093,WH-040,URGENT
PKG-003117,351.28,WH-009,WH-093,LOW
PKG-003118,275.16,WH-052,WH-004,URGENT
PKG-003119,392.54,WH-059,WH-004,STANDARD
PKG-003120,55.71,wh-099,WH-016,
PKG-003121, 385.671789833121 ,WH-099,WH-089,URGENT
PKG-003122,195.01647036681968kg,,WH-086,URGENT
PKG-003123,96.56, WH-036 ,WH-095, STANDARD 
PKG-003124,351.92,WH-043, WH-061 ,LOW
PKG-003125,299.85,WH-012,WH-072,STANDARD
,169.08,WH-030,WH-082,URGENT
PKG-003127,null,WH-087,WH-048,STANDARD
 PKG-003128 ,130.42,wh-083,WH-095,STANDARD
PKG-003129,152.46,WH-083,WH-014,LOW
pkg-003130,232.51,WH-020,WH-094,URGENT
PKG-003131, 377.08110951849744 ,WH-047,WH-026,URGENT
PKG-003132,341.91,,WH-098,STANDARD
PKG-003133,null,WH-065,WH-012,STANDARD
PKG-003134,252.35,WH-086,wh-078,URGENT
pkg-003135,373.35,WH-088,WH-044,
PKG-003136,419.48,WH-064,WH-061, URGENT 
PKG-003137,362.83,WH-040,WH-045, LOW 
pkg-003138,400.56,WH-065,WH-090,LOW
PKG-003139,294.74,WH-042,WH-018,STANDARD
PKG-003140,461.75,WH-008,WH-047, STANDARD 
PKG-003141,402.94,WH-088,WH-018, URGENT 
PKG-003142,289.04,WH-051,WH-036,URGENT
PKG-003143,51.19,WH-065, WH-050 ,LOW
PKG-003144,99.39,wh-081,WH-004,VIP
PKG-003145,37.85,WH-060,WH-006,LOW
 PKG-003146 ,30.56392854925432kg,WH-060,WH-013,LOW
PKG-003147,356.69,,wh-086,URGENT
PKG-003148,61.89,WH-070, WH-073 ,URGENT
PKG-003149,305.53,WH-086,WH-096,CRITICAL
PKG-003150,463.67,WH-002,WH-047,URGENT
PKG-003151,302.20,WH-007,WH-042,EXPRESS
PKG-003152,181.26,WH-032,WH-024,LOW
PKG-003153,263.38,WH-097,WH-071,LOW
pkg-003154,451.26, WH-036 ,WH-033,LOW
PKG-003155,260.14,WH-014,WH-006,URGENT
PKG-003156,159.70,wh-010,WH-081,
PKG-003157,52.58765715680198kg,WH-013,WH-082,LOW
PKG-003158, 408.06212425117866 ,WH-073,WH-071,URGENT
PKG-003159,445.52,WH-036,WH-012,STANDARD
 PKG-003160 , 267.88880919120453 , WH-044 ,WH-016,URGENT
 PKG-003161 ,398.37,WH-077,WH-022,STANDARD
PKG-003162,25.70, WH-005 ,WH-064,URGENT
PKG-003163,279.45,WH-014,WH-018,LOW
PKG-003164,76.88,WH-094, WH-039 ,LOW
PKG-003165,458.56,WH-017,WH-067,LOW
PKG-003166,454.48,WH-045,WH-080,STANDARD
PKG-003167,25.54,WH-078,WH-080,low
PKG-003168,452.44,WH-095,wh-005,STANDARD
PKG-003169,382.01,WH-077,WH-057,STANDARD
PKG-003170,442.24,WH-040,WH-024,STANDARD
PKG-003171,440.46,WH-012,WH-097,URGENT
PKG-003172,203.89,WH-017,WH-042,LOW
 PKG-003173 ,465.21,WH-022,WH-071,URGENT
PKG-003174,455.87,WH-096,WH-025,LOW
PKG-003175,323.61,WH-063,WH-027,LOW
PKG-003176,260.86,WH-088,WH-072,STANDARD
 PKG-003177 ,476.36,WH-079,WH-088,LOW
PKG-003178,167.67,WH-046,WH-005,urgent
 PKG-003179 ,null,WH-078,WH-082,STANDARD
PKG-003180,138.94, WH-045 ,WH-100,VIP
PKG-003181,N/A,WH-012,WH-086, STANDARD 
 PKG-003182 ,471.72,WH-066,WH-047,LOW
PKG-003183,294.76,WH-009,WH-007,STANDARD
PKG-003184,164.29,WH-063,WH-085,URGENT
PKG-003185,170.62,WH-011,WH-037,LOW
PKG-003186,2.48,WH-057,WH-098,LOW
PKG-003187,272.35,WH-022,WH-063,standard,
PKG-003188,60.58,WH-051,WH-096,STANDARD
,421.19,WH-048,WH-070,STANDARD
pkg-003190,376.93,WH-089,WH-080,STANDARD
pkg-003191,97.69, WH-023 ,WH-005,URGENT
PKG-003192, 351.6532699189439 ,WH-080,WH-006,LOW
PKG-003193,268.84,WH-005,WH-002,URGENT
PKG-003194,477.71,WH-092,WH-080,URGENT
PKG-003195,31.68,WH-041,WH-008,STANDARD
PKG-003196,351.88,WH-057,WH-081,URGENT
PKG-003197,362.87,WH-066, WH-069 ,URGENT
PKG-003198,395.72,WH-069,WH-033,STANDARD
PKG-003199,1.48,WH-039,WH-088,LOW,
PKG-003200,84.54,WH-025,WH-023,STANDARD

 PKG-003201 ,374.94,WH-081,WH-040,URGENT
PKG-003202,149.34,WH-027,WH-009,URGENT
PKG-003203,31.40,WH-002,WH-074,LOW
PKG-003204,301.61,WH-094,wh-036,URGENT
,141.01,WH-001,WH-008,LOW
PKG-003206,162.03,WH-024,WH-085,LOW
 PKG-003207 ,112.76,WH-004,WH-030,LOW
PKG-003208,169.3402997641768kg,WH-007,WH-015, LOW 
PKG-003209,116.01,WH-063,WH-020
PKG-003210,443.02,WH-047,WH-072,STANDARD
PKG-003211,136.97,WH-076,WH-088,STANDARD
PKG-003212,406.22,WH-049,WH-069
PKG-003213,496.64,WH-006,WH-100,URGENT

 PKG-003214 ,326.83,WH-093, WH-029 ,STANDARD
PKG-003215,440.28,WH-016,WH-018,URGENT
PKG-003216,293.06,WH-049,WH-040,URGENT
PKG-003217,217.14,WH-092,WH-002,URGENT
PKG-003218,307.28,WH-065,WH-016,URGENT
PKG-003219,322.04,WH-030,WH-058,STANDARD
 PKG-003220 ,347.62,WH-067,WH-019,STANDARD
PKG-003221,40.08,WH-009,WH-090,LOW
PKG-003222,442.98,WH-033,wh-097,STANDARD
PKG-003223,365.28,WH-095,WH-032,STANDARD
PKG-003224,111.58,WH-034,WH-035
PKG-003225,482.08,WH-083,WH-023,URGENT
PKG-003226,253.07,WH-049,WH-098,STANDARD
 PKG-003227 ,439.10,WH-043,WH-059,STANDARD
PKG-003228,491.75,WH-033,WH-074,URGENT
PKG-003229,279.17,WH-063,WH-054,STANDARD
PKG-003230,162.44,WH-058,WH-065,LOW
 PKG-003231 ,379.70, WH-018 ,WH-024,LOW
PKG-003232,106.93,WH-025,WH-016,URGENT
 PKG-003233 ,289.02,WH-083,wh-009,LOW
PKG-003234,29.55,WH-096,WH-076
PKG-003235,308.11,WH-056,WH-033,STANDARD
PKG-003236,356.47,WH-013,WH-022,LOW
PKG-003237,398.89,WH-044, WH-019 ,STANDARD
PKG-003238,468.14,WH-054,WH-014,urgent
PKG-003239,208.79,WH-039,WH-050,URGENT,
PKG-003240,324.22,WH-002,WH-098,STANDARD
PKG-003241,429.01,WH-026,WH-060,STANDARD,
PKG-003242,91.38,WH-013,WH-031,STANDARD
PKG-003243,426.48,WH-053,wh-006,
PKG-003244,469.92,WH-012,WH-093, STANDARD 
PKG-003245,231.25,WH-084,WH-017,low
PKG-003246,262.99,WH-010,wh-049,URGENT
PKG-003247,248.20,WH-006,WH-080,STANDARD
 PKG-003248 ,446.00,WH-084,WH-033,LOW
PKG-003249,335.08,WH-087,WH-060,STANDARD
PKG-003250,215.59,WH-034,WH-098,STANDARD
PKG-003251,159.66,WH-076,WH-005,
pkg-003252,461.44,WH-070,WH-057,LOW
PKG-003253,407.04,WH-012,WH-059, URGENT 
PKG-003254,253.47,WH-049,WH-014,STANDARD
 PKG-003255 ,480.75,WH-048,WH-003,URGENT
PKG-003256,27.95,WH-035,WH-080,URGENT
PKG-003257,194.73,WH-088,WH-021,LOW
PKG-003258,452.03,WH-097,WH-031,NONE
PKG-003259,275.73,WH-068,WH-073
PKG-003260,444.25,WH-077,wh-027,URGENT
PKG-003261,11.46,WH-078,WH-088,URGENT
PKG-003262,312.82,WH-013,WH-086,URGENT
PKG-003263,384.03,WH-077,WH-069,STANDARD
PKG-003264,148.75,WH-049,WH-076,URGENT
PKG-003265,109.73,WH-018,WH-083,URGENT
PKG-003266,26.78,WH-009,WH-015,LOW
PKG-003267,250.43,WH-027,WH-055,URGENT
PKG-003268,312.15,WH-032,WH-045,NONE
PKG-003269,175.53,WH-055,WH-078,STANDARD
PKG-003270,91.56,WH-011,WH-090,LOW
PKG-003271, 295.3655756523291 ,WH-048,WH-004,STANDARD
PKG-003272,371.85,WH-066,WH-088,LOW
PKG-003273,241.71,WH-095,WH-021,STANDARD
PKG-003274,343.55,WH-018,WH-036,STANDARD
 PKG-003275 ,398.30,WH-031,WH-078,URGENT
PKG-003276,390.45,WH-004,WH-075,LOW
PKG-003277,131.05,WH-047,WH-056,LOW
PKG-003278, 210.90056840102963 ,WH-044,WH-090,LOW
PKG-003279,319.57,WH-085,WH-029, STANDARD 
PKG-003280,186.40,WH-026,WH-072,CRITICAL
PKG-003281,439.56,WH-048,WH-072,URGENT
PKG-003282,446.77,WH-077,WH-031,STANDARD
PKG-003283,292.21,WH-094,wh-083,STANDARD
PKG-003284,133.62,WH-081,WH-082,STANDARD
PKG-003285,261.84,WH-048,WH-015,
 PKG-003286 ,491.37,WH-024,WH-087,URGENT
PKG-003287,462.47,WH-074,WH-057,
PKG-003288,null,WH-081,WH-045,urgent
PKG-003289,415.88,WH-020,WH-095,STANDARD
PKG-003290,493.88,WH-098,WH-091,standard
PKG-003291,280.26055280048445kg,WH-044,WH-046,NONE
PKG-003292,274.89,wh-054,WH-052,LOW
PKG-003293,131.94,WH-032,wh-035,STANDARD
,123.25,WH-003,WH-029,STANDARD
PKG-003295,347.18,wh-092,WH-028,EXPRESS
PKG-003296,205.91,wh-070,WH-055,URGENT
PKG-003297,83.87,WH-004, WH-087 ,URGENT
 PKG-003298 ,213.40,WH-075,WH-028,STANDARD
PKG-003299,231.84,WH-074,WH-047,URGENT
PKG-003300,141.79,WH-100, WH-062 ,STANDARD
PKG-003301,207.55,WH-017,WH-097,LOW
PKG-003302,408.88,wh-032,WH-053,
PKG-003303,483.92,wh-015,WH-030,URGENT
PKG-003304,158.35,WH-030,,LOW
PKG-003305,481.29,WH-068,WH-039,LOW
PKG-003306,218.86,WH-081,WH-092, URGENT 

PKG-003307,316.39,WH-020,WH-046,LOW
PKG-003308,274.61,WH-084,WH-087,URGENT
PKG-003309,178.97, WH-038 ,WH-001,LOW
PKG-003310,61.62,WH-041,WH-028,STANDARD
PKG-003311,425.62,WH-001,, URGENT 
PKG-003312,144.04,WH-066,wh-018,STANDARD
PKG-003313,291.48,WH-012,WH-013,URGENT
PKG-003314,154.84,WH-012,WH-017,urgent
PKG-003315,4.91,WH-086,WH-004,STANDARD
PKG-003316,235.98,WH-065,WH-014,LOW
PKG-003317,486.57,WH-077,WH-011,EXPRESS
PKG-003318,427.88,WH-093,WH-089,URGENT
 PKG-003319 ,322.48,WH-093,WH-034,URGENT
PKG-003320,304.29,WH-086,WH-059,URGENT
PKG-003321,433.00,WH-009,WH-082,STANDARD
PKG-003322,471.16, WH-040 ,WH-024,URGENT
pkg-003323,129.50,WH-017,WH-011,LOW
PKG-003324,309.48,WH-056,wh-014,STANDARD
,144.81,wh-008,WH-078,STANDARD
PKG-003326,251.58,WH-042,wh-099,URGENT
,474.33,WH-082,WH-068,LOW
PKG-003328,175.02,WH-009,WH-086,STANDARD
PKG-003329,188.17,WH-044,WH-085,URGENT
PKG-003330,489.94,WH-070,WH-003,
PKG-003331,345.62,WH-087, WH-098 ,URGENT
,445.87, WH-009 ,WH-095,LOW
PKG-003333,480.29,WH-088,WH-025,URGENT
PKG-003334,212.31,WH-077,WH-013,STANDARD
PKG-003335,288.82,wh-011,WH-046,LOW
PKG-003336,147.86,WH-003,WH-085,URGENT
PKG-003337,362.70214541887555kg,WH-052,WH-045,standard
PKG-003338,264.61,WH-033,WH-020,URGENT
PKG-003339,249.44,WH-043,WH-022,VIP
PKG-003340,384.73,WH-071,wh-026,STANDARD
PKG-003341,443.34,WH-019,WH-042,URGENT
PKG-003342,370.11,WH-099,WH-018,URGENT
PKG-003343,407.77, WH-063 ,WH-026,LOW
PKG-003344,45.07,,WH-007,LOW
PKG-003345,290.79,WH-018,WH-016,STANDARD
PKG-003346,28.79,WH-023,WH-015,LOW
PKG-003347,483.49,WH-017,WH-018,URGENT
PKG-003348,146.23,WH-094, WH-092 ,STANDARD
PKG-003349,129.25,WH-093,WH-008,STANDARD
PKG-003350,448.38,WH-086,WH-093,STANDARD
 PKG-003351 , 172.26942734715414 ,WH-015,WH-077,URGENT
PKG-003352,236.86,WH-074,WH-069,URGENT,
PKG-003353,67.28,WH-072,WH-092,STANDARD
PKG-003354,301.82,WH-072,,URGENT
PKG-003355,164.34358683043848kg,WH-065,WH-025,STANDARD
PKG-003356,159.05,WH-094,WH-031,URGENT
PKG-003357,335.81,WH-083,WH-086,
PKG-003358,300.66,WH-078,WH-040,CRITICAL
PKG-003359,486.18,WH-099,WH-004,URGENT
PKG-003360,99.61,WH-019,WH-093,STANDARD
PKG-003361,359.07,WH-002,WH-077,STANDARD
PKG-003362,194.75,WH-036,WH-093,LOW
PKG-003363,272.54,WH-089,WH-026,URGENT
 PKG-003364 ,267.98,WH-070,wh-053,URGENT
PKG-003365,139.18,WH-007,WH-043,LOW
pkg-003366,68.61,WH-063,WH-016,STANDARD
PKG-003367,473.67,WH-100,WH-048,STANDARD
PKG-003368,475.74,WH-044,WH-025,STANDARD
PKG-003369,281.41,WH-081,WH-029,STANDARD
PKG-003370,160.65, WH-088 ,WH-070,STANDARD
PKG-003371,48.94,WH-080,wh-003,LOW

PKG-003372,438.76,WH-068,WH-064,URGENT
PKG-003373,463.86,WH-096,WH-053,STANDARD
PKG-003374,293.10,WH-019,WH-061,URGENT
PKG-003375,210.61,WH-001,WH-056,LOW
PKG-003376,452.41,WH-014,WH-031,LOW
 PKG-003377 ,352.04,WH-009,WH-040,STANDARD
PKG-003378,390.40,WH-066,WH-052,STANDARD
PKG-003379,160.05,WH-062, WH-085 ,STANDARD
,266.05,WH-089,WH-094,URGENT
PKG-003381,252.58,WH-055,WH-090,STANDARD
PKG-003382,195.27,WH-038,wh-061,LOW
PKG-003383,498.63,WH-015,WH-041,LOW
PKG-003384,77.82,WH-017,WH-044,URGENT
PKG-003385,90.77,WH-044,WH-057,EXPRESS
PKG-003386, 463.0361149302202 ,WH-045,WH-019,STANDARD
PKG-003387,367.37,WH-011,wh-052,STANDARD
PKG-003388,85.60,WH-035, WH-083 ,URGENT
PKG-003389,90.06,WH-016, WH-089 , URGENT 
PKG-003390,267.54,WH-022,,URGENT
PKG-003391,298.92,WH-021,WH-052,URGENT
PKG-003392,434.42,WH-002,WH-071,LOW
PKG-003393,243.18,WH-043,wh-046,STANDARD
PKG-003394,147.54,WH-063,WH-018,URGENT
PKG-003395,20.20,WH-073,WH-054,LOW
PKG-003396,181.13, WH-070 ,WH-062,LOW
pkg-003397,463.81,WH-006,WH-044,STANDARD
PKG-003398,303.82,WH-001, WH-031 ,STANDARD
PKG-003399,null,WH-081,WH-084,LOW
PKG-003400,461.19,WH-036,WH-072,URGENT
PKG-003401,110.36,WH-027,WH-001,EXPRESS
PKG-003402,118.68,WH-030,WH-059,URGENT
PKG-003403,10.20,WH-032, WH-061 ,LOW
 PKG-003404 ,304.15,WH-036, WH-070 ,standard
PKG-003405,373.52,WH-070,WH-007,LOW
PKG-003406,63.55,WH-059,WH-028,STANDARD
PKG-003407,396.79,WH-027,WH-094,URGENT
PKG-003408,43.41,WH-072,WH-016, URGENT 
PKG-003409,358.53,WH-001,WH-047,STANDARD
PKG-003410,323.39,WH-094,WH-009,STANDARD
PKG-003411,15.28,WH-028,WH-054,URGENT
PKG-003412,381.30,WH-024,WH-091,urgent
PKG-003413,316.25,,WH-058,URGENT
PKG-003414,299.24,WH-045,WH-042,URGENT
PKG-003415,null,WH-081,WH-070,URGENT
PKG-003416,100.59,WH-036,wh-006,URGENT
PKG-003417,109.30,WH-033,WH-086, URGENT 
PKG-003418,340.32,WH-084,WH-052,URGENT
PKG-003419,289.24,wh-024,WH-027,URGENT
PKG-003420,104.10,WH-090,WH-017,STANDARD
PKG-003421,193.31,WH-040, WH-100 ,
PKG-003422,224.67,WH-097,WH-024,STANDARD
PKG-003423,327.02,WH-021,WH-058,LOW
 PKG-003424 ,271.04,WH-084,WH-058,STANDARD
PKG-003425,76.19,WH-097,WH-024,STANDARD
PKG-003426,479.94,WH-043,WH-095,urgent
PKG-003427,249.03,WH-061,WH-006,LOW
PKG-003428,223.10,WH-048,WH-040,LOW
PKG-003429,12.99,wh-040,WH-069,STANDARD
PKG-003430,null,WH-011,WH-082,STANDARD
PKG-003431,222.94,WH-098,WH-020,URGENT
PKG-003432,491.72,WH-033,WH-036,STANDARD
PKG-003433,293.29,WH-005, WH-077 ,LOW
PKG-003434,58.98,WH-076,WH-019,LOW
PKG-003435,134.91,WH-008,WH-079,low
PKG-003436,94.00,WH-023,WH-053,
PKG-003437,215.66,WH-059,WH-053,URGENT
PKG-003438,10.03,WH-082, WH-093 ,URGENT
PKG-003439,354.83,WH-021,WH-065
PKG-003440,396.68,wh-094,WH-070
PKG-003441,254.68,WH-097,WH-002,LOW
pkg-003442,366.69,WH-024,WH-088,STANDARD
PKG-003443,391.40,WH-070,WH-011,URGENT
PKG-003444,81.14,WH-089,WH-018,URGENT
PKG-003445,N/A,WH-034,WH-089, LOW 
PKG-003446,1.34,WH-054,WH-098,STANDARD
PKG-003447,91.43,WH-068,WH-037,URGENT
PKG-003448,167.65,WH-091,WH-027,CRITICAL
PKG-003449,100.59,wh-078,WH-081,LOW
PKG-003450,17.16,WH-033,WH-098,URGENT
PKG-003451,449.97,WH-066,WH-031,STANDARD
PKG-003452,458.29,WH-036,WH-079,STANDARD
PKG-003453,309.85,WH-015,WH-072,STANDARD
PKG-003454,150.60,WH-039,WH-033,STANDARD
PKG-003455,429.79,WH-067,WH-086,LOW
PKG-003456,253.82,WH-042,WH-092,URGENT
PKG-003457,N/A,WH-036,WH-056,STANDARD
PKG-003458,340.92,,WH-030,STANDARD
pkg-003459,76.51,WH-073,WH-070,URGENT
PKG-003460,28.21,WH-058,WH-008,low
PKG-003461,345.44,WH-011,WH-049, LOW 
PKG-003462,489.93,WH-001,WH-098,
PKG-003463,220.85,,WH-072,LOW
PKG-003464,212.40,WH-063,WH-078,URGENT
PKG-003465,189.55,WH-096,WH-042,STANDARD
PKG-003466,458.88,WH-080,WH-007,URGENT
PKG-003467,148.73,WH-014,,NONE
PKG-003468,239.12,WH-040,WH-015,STANDARD
PKG-003469,375.36, WH-064 ,WH-051,LOW
PKG-003470,488.53,WH-072,WH-021,LOW
PKG-003471,301.04,WH-065, WH-089 ,STANDARD
 PKG-003472 ,341.78,WH-049,WH-068,LOW
PKG-003473,269.09,WH-003,WH-010,URGENT
PKG-003474,450.10,WH-073,WH-016,STANDARD
PKG-003475,,WH-053,wh-050,VIP
PKG-003476,279.67,WH-025,WH-083,STANDARD
PKG-003477,373.05,WH-075,wh-055,low
PKG-003478,74.32,WH-048, WH-056 ,LOW
 PKG-003479 ,N/A,WH-018,WH-058, URGENT 
PKG-003480,324.78,WH-100,WH-060,LOW
PKG-003481,58.74,WH-067,WH-057, STANDARD 
PKG-003482,392.64,WH-088,WH-072,STANDARD
PKG-003483,64.46,WH-100,WH-039,LOW
PKG-003484, 410.12631390925196 ,WH-024,WH-006,URGENT
PKG-003485,454.80,WH-006,WH-050,URGENT
PKG-003486,214.62,WH-070,WH-071,URGENT
PKG-003487,85.10,WH-086,WH-056,CRITICAL
PKG-003488,205.51,,WH-047,LOW
PKG-003489,67.55,, WH-094 ,LOW
 PKG-003490 ,267.21,WH-030,WH-081,URGENT
PKG-003491,338.86,WH-066,WH-085,URGENT
PKG-003492,31.78,WH-071, WH-078 ,URGENT
PKG-003493,179.26,WH-080,WH-008, LOW 
 PKG-003494 ,395.29,WH-037,,STANDARD
PKG-003495,275.21,WH-100,WH-021,LOW
PKG-003496,433.62,WH-048,WH-015,URGENT
PKG-003497,81.16,WH-094, WH-069 ,low
PKG-003498,482.53,WH-030,wh-074,
PKG-003499,416.16,WH-084,WH-012,VIP
PKG-003500,413.89,WH-018,WH-062,STANDARD
PKG-003501,268.14,WH-062,WH-036,URGENT
PKG-003502,337.43,WH-061,WH-062,STANDARD
PKG-003503,103.41,WH-084,WH-100,LOW
PKG-003504,163.71,WH-037,WH-017, LOW 
PKG-003505,322.26, WH-008 ,WH-097,LOW
PKG-003506,185.46,WH-017,WH-003,URGENT
PKG-003507,147.93,WH-023,WH-024,LOW
PKG-003508,279.20,WH-085,WH-003,STANDARD
PKG-003509,204.03,WH-066,WH-078,STANDARD
PKG-003510,158.23,WH-002,WH-092,LOW
PKG-003511,157.75,WH-055,WH-085,LOW
PKG-003512,323.82,WH-064,WH-058,URGENT
PKG-003513,80.57, WH-006 ,WH-025,STANDARD
PKG-003514,99.07,WH-074,WH-068,LOW
PKG-003515,480.73,WH-087,WH-075,URGENT
PKG-003516,385.27,WH-044,wh-092,URGENT
PKG-003517,45.08,WH-029,WH-010,LOW
PKG-003518,369.87,,WH-089,STANDARD
PKG-003519,364.91,wh-057,WH-067,URGENT
PKG-003520,389.18,wh-079,WH-033,URGENT
PKG-003521,488.66,WH-012,WH-037,LOW
 PKG-003522 ,470.35,WH-045,WH-060,STANDARD
PKG-003523,72.73,WH-002,WH-084,STANDARD
PKG-003524,39.64,WH-079,WH-080,URGENT
PKG-003525,249.82,WH-060,WH-026,URGENT
PKG-003526,48.31,WH-063,WH-076,STANDARD
PKG-003527,484.84,WH-071,WH-035,STANDARD
PKG-003528,87.17,WH-041,WH-029,URGENT
PKG-003529,496.91,WH-028,WH-092,LOW
PKG-003530, 493.9598467289264 ,WH-052,WH-074,low
PKG-003531,277.40,wh-031,WH-018,STANDARD
PKG-003532,353.50,WH-004,WH-033,LOW
PKG-003533,98.65,WH-047,WH-085,STANDARD
PKG-003534,238.87,WH-069,WH-099,STANDARD
PKG-003535,218.53,WH-011,WH-046
PKG-003536,183.30,WH-087,WH-062,
PKG-003537,212.58,WH-035,WH-042,URGENT
PKG-003538,182.71,WH-009,WH-039,URGENT
PKG-003539,13.20,WH-011,WH-003,LOW
PKG-003540,338.95,WH-061,WH-027,STANDARD
PKG-003541,495.24,WH-069,WH-078,LOW
PKG-003542,348.46,WH-084,WH-076,URGENT
PKG-003543,369.46,WH-088,WH-045,LOW
PKG-003544,468.40,WH-095,WH-008,URGENT
PKG-003545,421.23,WH-028,WH-085,URGENT
PKG-003546,425.06477081129526kg,WH-088,WH-070,LOW
PKG-003547,233.51,WH-089,WH-077,STANDARD
PKG-003548,481.50,WH-065,WH-031,LOW
PKG-003549,377.60,WH-048,WH-041,
 PKG-003550 ,N/A,WH-067,WH-098,STANDARD
PKG-003551,324.04,WH-082,WH-073,LOW
PKG-003552,454.04,WH-055,WH-082,URGENT
PKG-003553,460.70,WH-014, WH-075 ,LOW
PKG-003554,N/A,WH-036,wh-043,LOW
PKG-003555,419.66,WH-028, WH-037 ,STANDARD
PKG-003556,241.94, WH-026 ,WH-029,STANDARD
PKG-003557,382.40,WH-097,WH-028,URGENT
PKG-003558,8.52,,WH-090,LOW
PKG-003559,292.46,wh-081,WH-079,URGENT
PKG-003560,295.42,WH-055,WH-043,CRITICAL
PKG-003561,147.80,WH-083,WH-099,NONE
pkg-003562,45.50,WH-066,WH-026,LOW
PKG-003563,377.39,WH-021,WH-025,STANDARD
PKG-003564,453.51,WH-031,wh-089,STANDARD
 PKG-003565 ,484.64,WH-068,WH-079,LOW
PKG-003566,,wh-095,,URGENT
PKG-003567,102.33,WH-099,wh-064,URGENT
PKG-003568,234.93,WH-100,WH-002,STANDARD
PKG-003569,15.15,WH-082,WH-033,STANDARD
PKG-003570,396.35,WH-092, WH-002 ,URGENT
PKG-003571,101.32, WH-051 ,WH-036,LOW
,449.48,WH-039,WH-094,LOW
PKG-003573,369.27,WH-072, WH-028 ,LOW
PKG-003574,376.85,WH-015, WH-012 ,low
PKG-003575,207.02,WH-086,WH-062,STANDARD
PKG-003576,455.79,WH-042,WH-065,LOW
PKG-003577,333.98,WH-027,WH-077,standard
PKG-003578,393.50,WH-037,WH-061,URGENT
PKG-003579,477.66, WH-040 ,WH-049,LOW
PKG-003580,293.81,WH-087,WH-049,STANDARD
PKG-003581,273.57,WH-067,WH-046,URGENT
PKG-003582,334.97,WH-044,WH-052,LOW
PKG-003583,149.61,WH-084,WH-092,STANDARD
PKG-003584,440.77,WH-017,WH-092,LOW
PKG-003585,419.10,WH-093,WH-026,low
PKG-003586,372.80,wh-019,wh-026,
 PKG-003587 ,337.49, WH-092 ,WH-095,LOW
PKG-003588,339.95,WH-042,WH-075,STANDARD
PKG-003589,415.16,WH-012,WH-059,URGENT
PKG-003590,null,WH-095,WH-085,LOW
PKG-003591, 158.41973636386848 ,WH-074,WH-072, STANDARD 
PKG-003592,288.91,WH-093,WH-004,STANDARD
PKG-003593,323.91,WH-007,WH-087,STANDARD
 PKG-003594 ,N/A,WH-099,WH-048, LOW 
PKG-003595,301.63,WH-067, WH-003 ,URGENT
PKG-003596,119.63,WH-016,WH-041,URGENT
PKG-003597,69.41,WH-015, WH-002 ,LOW
PKG-003598,369.43,WH-026,WH-037,STANDARD
PKG-003599,309.83,WH-063,WH-100,URGENT
PKG-003600,155.33,wh-018,WH-022,LOW
PKG-003601,230.97,WH-025,WH-036,low
PKG-003602,353.70,WH-024,WH-037,URGENT
PKG-003603,241.07,WH-005,WH-065,NONE
PKG-003604,149.40,WH-039,WH-040,STANDARD
PKG-003605, 470.0434063973811 ,WH-020,WH-095,LOW
PKG-003606,294.41,WH-002,WH-010,LOW
PKG-003607,266.05,WH-052,WH-074,LOW
PKG-003608,77.51,WH-023,WH-022,URGENT
PKG-003609,12.58,WH-038,WH-006,LOW
PKG-003610,402.84,WH-046,WH-009,URGENT
PKG-003611,311.77,WH-009,WH-062,STANDARD
PKG-003612,415.04,WH-083,WH-089,LOW
PKG-003613,488.04,WH-014,WH-025,URGENT
PKG-003614,139.21,WH-089,WH-048,LOW
PKG-003615,,WH-024,WH-066,STANDARD
PKG-003616,238.14, WH-052 ,WH-008,STANDARD
PKG-003617,395.91,WH-034,WH-049, STANDARD 
PKG-003618,298.04,WH-040,WH-074,STANDARD
PKG-003619,319.52,WH-073,wh-062,URGENT
PKG-003620,196.25,WH-077,WH-058,LOW
PKG-003621,190.16,WH-057,WH-097,URGENT
PKG-003622,249.04,WH-076,WH-061,STANDARD
PKG-003623,20.51,WH-007, WH-072 ,low
PKG-003624,135.99,WH-086, WH-007 ,STANDARD
PKG-003625,225.35,WH-086,WH-072,STANDARD
PKG-003626,89.91, WH-042 ,WH-045,STANDARD
PKG-003627,413.30,WH-028,WH-059,URGENT
PKG-003628,435.51,WH-100,WH-059,LOW
PKG-003629,11.51,WH-047,WH-075,URGENT
PKG-003630,41.64,WH-083,WH-096,LOW
PKG-003631,36.65,WH-005,WH-076,STANDARD
PKG-003632,386.76,WH-053,WH-067,URGENT
PKG-003633,48.85,WH-053,,LOW
PKG-003634,241.34,WH-098,WH-065,LOW
PKG-003635,99.50,WH-042,WH-011,URGENT
PKG-003636,496.69,WH-085,wh-088,LOW
PKG-003637,45.91,WH-049,WH-094,STANDARD
PKG-003638,47.80,WH-071,WH-092,STANDARD
PKG-003639,465.92,WH-035,WH-024,urgent
pkg-003640,198.76,WH-049,WH-099,
PKG-003641,332.44,WH-031,WH-013,LOW
PKG-003642,319.58,WH-065,WH-050,STANDARD
PKG-003643,N/A,WH-054,,URGENT
,305.12,WH-011,WH-040,STANDARD
PKG-003645,266.10,WH-028,WH-023,STANDARD
PKG-003646,176.27,wh-077,WH-059,URGENT
PKG-003647,244.85,WH-004,WH-013,LOW
PKG-003648,201.57,WH-011,WH-052, STANDARD 
PKG-003649,334.9867638374414kg,WH-003,WH-015,LOW
PKG-003650,259.77,wh-075,WH-026,STANDARD
PKG-003651,482.95,WH-020,WH-089,STANDARD
PKG-003652,N/A,WH-090,WH-026,STANDARD
pkg-003653,357.57,WH-058,WH-079,LOW
PKG-003654,461.59,WH-083,WH-074,LOW
PKG-003655,383.48,WH-086,WH-068,LOW
PKG-003656,436.32,WH-067,WH-052,STANDARD
PKG-003657,395.57,WH-081,wh-032,URGENT
pkg-003658,305.39,wh-027,WH-040,URGENT
PKG-003659,434.08,WH-068,WH-030,URGENT
pkg-003660,495.45,WH-016,WH-057,LOW
PKG-003661,36.27,WH-080,WH-066,URGENT
PKG-003662,372.86,WH-072,WH-088,URGENT
PKG-003663,115.19,WH-038,WH-087,URGENT
PKG-003664,57.90,WH-021,WH-095, LOW 
PKG-003665,145.33,WH-062, WH-098 ,LOW
PKG-003666,372.48,WH-070,WH-056
PKG-003667,456.43,WH-085,WH-066,STANDARD

PKG-003668,455.71,wh-079,WH-067,URGENT
PKG-003669,272.17,WH-005, WH-042 ,LOW
PKG-003670,435.14,WH-003, WH-022 
PKG-003671,329.45,WH-019,WH-051,EXPRESS
PKG-003672,443.55,WH-001,WH-006,STANDARD
PKG-003673,240.58,WH-059,WH-089,NONE
PKG-003674,195.44,WH-054,WH-079,URGENT
PKG-003675,21.58, WH-003 ,WH-067,URGENT
PKG-003676,363.74,WH-062,WH-021,STANDARD
PKG-003677,339.81,WH-073,,LOW
PKG-003678,451.07,WH-016,WH-006,URGENT
,493.38,WH-099,WH-026,URGENT
PKG-003680,239.85,WH-060,WH-075,LOW
PKG-003681,227.85,WH-057,WH-095,LOW
PKG-003682,402.25,WH-039,WH-068,LOW
PKG-003683,80.04,WH-056,WH-027,STANDARD
pkg-003684,421.54,WH-092,WH-086,STANDARD
PKG-003685,319.00,WH-042,WH-090,URGENT
PKG-003686,219.47,WH-081,WH-034,URGENT
PKG-003687,391.54,WH-034,WH-079,STANDARD
PKG-003688,161.87,WH-098,wh-080,LOW
PKG-003689,417.08, WH-013 ,WH-018, URGENT 
PKG-003690,365.16, WH-060 ,WH-015,URGENT
PKG-003691,162.03,WH-059,WH-081,LOW
pkg-003692,268.12,WH-040,wh-066,STANDARD
PKG-003693,104.79,WH-059,WH-084,urgent
PKG-003694,null,WH-094,WH-064,LOW
PKG-003695,389.13,WH-097,WH-026,STANDARD
PKG-003696,28.12,WH-075,WH-006,LOW
PKG-003697,487.17,WH-094,WH-096,URGENT
PKG-003698,93.56,WH-061,WH-048,STANDARD
PKG-003699,358.59,WH-054,wh-038,URGENT
,205.06,WH-080,wh-095,STANDARD
PKG-003701,118.16,WH-068,WH-004,LOW
PKG-003702,98.80,WH-032,WH-082,

PKG-003703,385.72,WH-026,WH-061,STANDARD
PKG-003704,484.19, WH-017 ,WH-007,
,347.91,WH-041,WH-066,URGENT
PKG-003706,396.84,WH-014,WH-025,LOW
 PKG-003707 ,186.91,WH-043,WH-022,URGENT
PKG-003708,415.09,WH-043,WH-002,LOW
PKG-003709,263.54, WH-078 ,WH-068,LOW
PKG-003710,215.35,WH-008,WH-025,LOW
PKG-003711,326.51,WH-015,WH-087
PKG-003712,381.51,WH-076,WH-082,STANDARD
PKG-003713,385.78,WH-077,WH-007,URGENT
PKG-003714,300.77,wh-031,WH-072,STANDARD
PKG-003715, 211.78413363817398 , WH-077 , WH-026 ,LOW
PKG-003716,291.97,WH-015,WH-067,URGENT
 PKG-003717 ,483.45, WH-053 ,WH-015,STANDARD
PKG-003718,431.19,WH-072,WH-069,URGENT
PKG-003719,80.34,WH-097,WH-035,LOW
PKG-003720,294.68,WH-099,WH-063,URGENT
PKG-003721,436.35,WH-019,WH-065,standard
PKG-003722,262.32,WH-063,WH-092,LOW
PKG-003723,480.45,WH-071,WH-068,URGENT
PKG-003724,342.42,WH-001,WH-091,STANDARD,
PKG-003725,465.06,WH-034,WH-084,
PKG-003726,366.82,WH-077,WH-059,standard
PKG-003727, 461.43640073042985 ,WH-011,WH-037,URGENT
PKG-003728,189.76,wh-019,WH-067,LOW
PKG-003729,130.58,WH-048,WH-058,STANDARD
PKG-003730,311.16,WH-035,WH-048,URGENT
PKG-003731,446.72,WH-085,WH-090,URGENT
PKG-003732,297.46,WH-014,WH-012,STANDARD
PKG-003733,48.65,WH-048,WH-060,LOW
PKG-003734,null,WH-080,WH-058, LOW 

 PKG-003735 ,,WH-042,WH-051,standard
PKG-003736,58.10,WH-087,WH-043,STANDARD
PKG-003737,384.60,WH-069,WH-028, STANDARD 
PKG-003738,116.07,WH-030,WH-043,URGENT
PKG-003739,486.47,WH-041,WH-064,URGENT
PKG-003740,303.37,WH-041,WH-034,URGENT
PKG-003741,89.91,WH-059,WH-006,STANDARD
PKG-003742,90.02,WH-002,wh-036,standard
PKG-003743,381.12,WH-039,wh-044,LOW
,226.77,WH-002, WH-075 ,STANDARD
PKG-003745,366.72,WH-051,WH-011,STANDARD
PKG-003746,280.57, WH-003 ,WH-093,URGENT
PKG-003747,458.61,WH-097,WH-020,LOW
PKG-003748,375.12,WH-052,WH-006,STANDARD
PKG-003749,266.47,WH-062,WH-003,LOW
PKG-003750,256.61,wh-013,WH-065,URGENT
PKG-003751,154.52,WH-036,WH-060,STANDARD
PKG-003752,N/A,WH-086,WH-094,STANDARD
PKG-003753,50.44,WH-057,WH-013,STANDARD
PKG-003754,217.86,WH-062,WH-094,urgent
PKG-003755,49.77,,WH-069, LOW 
PKG-003756,169.07,WH-032,WH-074,LOW
PKG-003757,271.25,WH-038,wh-092,LOW
,115.55,WH-068,WH-067,LOW
PKG-003759,19.40,WH-090,WH-083,LOW
PKG-003760,18.04,wh-099,WH-063,URGENT
PKG-003761,256.98,,WH-073,STANDARD
PKG-003762,493.62,WH-059,WH-065,LOW
PKG-003763,132.84,WH-088, WH-037 ,URGENT
PKG-003764,130.15,WH-009,WH-061,URGENT
PKG-003765,461.50,WH-092,WH-088,URGENT
PKG-003766,39.47,WH-062,WH-065,URGENT
PKG-003767,86.82,WH-057,WH-052,LOW
PKG-003768,447.75,wh-018,WH-074,STANDARD
PKG-003769,137.43,WH-003,WH-076,
PKG-003770,497.85,WH-079,WH-003,urgent
PKG-003771,2.03,WH-037,WH-073,URGENT
PKG-003772,273.26,WH-069,WH-024,URGENT
 PKG-003773 ,null,WH-082,WH-083,standard
PKG-003774,95.40,WH-021,WH-013,VIP
PKG-003775,439.4775228068kg,WH-052,WH-096,URGENT
PKG-003776,136.10,WH-042,WH-098,STANDARD
PKG-003777,239.79,,WH-090,LOW
PKG-003778,44.80,WH-064,WH-002,URGENT
PKG-003779,40.42,WH-066,wh-018,LOW
PKG-003780,230.66,WH-049,WH-021,urgent
PKG-003781,444.39,WH-071,WH-040,LOW
PKG-003782,124.30,WH-082,WH-062,LOW
PKG-003783,280.54,WH-010,WH-080,STANDARD
PKG-003784,446.40,WH-036,WH-067,LOW
PKG-003785,467.66,WH-076,WH-016,URGENT
PKG-003786,null,wh-089,WH-060,STANDARD
PKG-003787,390.06,WH-074,WH-045,LOW
PKG-003788,55.45,WH-095,WH-090,URGENT
PKG-003789,109.14,WH-063,WH-024,URGENT
PKG-003790,50.65,WH-040,WH-083,URGENT
PKG-003791,166.63,WH-069,WH-039,LOW
PKG-003792,384.52,WH-024,WH-026
pkg-003793,181.21,WH-003,WH-066,STANDARD
PKG-003794,null,WH-069,WH-052,STANDARD
PKG-003795,19.76,WH-008,WH-043,URGENT
PKG-003796,157.11,WH-005, WH-041 ,STANDARD
PKG-003797,132.73,WH-079,WH-022,LOW
PKG-003798,348.26,,WH-089,URGENT
PKG-003799,294.35,WH-028,WH-100,LOW
PKG-003800,29.53,WH-066,WH-099,LOW
,70.75,WH-085,WH-023,STANDARD
PKG-003802, 434.81360131827586 ,WH-066,WH-006,urgent
PKG-003803,149.53,WH-075,WH-054,LOW
PKG-003804,346.51,WH-077,WH-012,NONE
PKG-003805,74.24,WH-092,WH-088,STANDARD
PKG-003806,75.15,WH-048,WH-020,LOW
PKG-003807,109.99,WH-036,WH-043,LOW
PKG-003808,490.76,WH-029,WH-058,STANDARD
PKG-003809,286.18,WH-095,WH-063,STANDARD
PKG-003810,296.55,WH-015,WH-100,LOW
,63.18,WH-063,WH-081,URGENT
pkg-003812,210.46,WH-052,WH-070,LOW
PKG-003813,245.22,WH-008,WH-037,STANDARD
PKG-003814,206.05,WH-047,WH-049,STANDARD
PKG-003815,315.08,WH-009,WH-078,LOW
PKG-003816,160.89,WH-079,WH-029,URGENT
pkg-003817,131.09,WH-055,WH-019,low
PKG-003818,103.02,WH-045,WH-021,STANDARD
PKG-003819,null, WH-060 ,WH-071,STANDARD
PKG-003820,123.56,WH-024,WH-066,URGENT
PKG-003821,72.06,WH-021,WH-066,STANDARD
 PKG-003822 ,216.55,WH-048,WH-085,EXPRESS
,127.31,WH-017,WH-066,URGENT
PKG-003824,353.25,WH-026,WH-055,STANDARD
PKG-003825,301.34,WH-062, WH-098 ,STANDARD
PKG-003826,175.19,WH-045,WH-073,LOW
 PKG-003827 ,318.48,wh-069,WH-087,URGENT
PKG-003828,164.76,WH-043,WH-042,STANDARD
PKG-003829,429.11,WH-017,WH-047,STANDARD
 PKG-003830 ,266.25,WH-066,WH-012,LOW
PKG-003831,338.36,WH-049,wh-030,CRITICAL
PKG-003832,61.63,WH-036,WH-034,URGENT
pkg-003833,36.14,WH-071,WH-072,STANDARD

PKG-003834,88.08,wh-049, WH-048 ,LOW
PKG-003835,254.59,WH-025,WH-027,STANDARD
PKG-003836,187.44,WH-098,WH-028,URGENT
PKG-003837,424.49,WH-035,WH-028,standard
PKG-003838,49.64,WH-041,wh-074,URGENT
 PKG-003839 ,445.93,WH-045,wh-060,LOW
PKG-003840,N/A,, WH-042 
PKG-003841,129.11,WH-002,,STANDARD
PKG-003842,339.18,WH-008,,URGENT
PKG-003843,,WH-042,WH-076,EXPRESS
PKG-003844,464.57,WH-070,WH-058,LOW
PKG-003845,347.67,,WH-100,LOW
PKG-003846,411.02,WH-039,WH-008,URGENT
PKG-003847,366.16,WH-023,WH-067, STANDARD 
pkg-003848,459.68,WH-072,WH-098, LOW 
PKG-003849,431.58,WH-069,,LOW
PKG-003850,339.03,,WH-028,STANDARD
PKG-003851,473.94,WH-031,WH-046,URGENT
PKG-003852,150.24,WH-071,WH-084,standard
PKG-003853,219.24,WH-022,WH-079,URGENT
PKG-003854,426.02,WH-092,WH-017,URGENT
PKG-003855,455.11,WH-062,WH-044,LOW
PKG-003856,58.54,WH-028,WH-061,low
PKG-003857,456.55,WH-061,wh-083,STANDARD
PKG-003858,262.92,wh-092,WH-042,STANDARD,
PKG-003859,207.06,WH-093,WH-084,STANDARD
PKG-003860,54.58,WH-064,,STANDARD
PKG-003861,106.68,WH-040,WH-051,URGENT
PKG-003862,416.94,WH-015,WH-051,STANDARD,
PKG-003863,442.91,WH-042,WH-018,LOW
PKG-003864,1.06,WH-063, WH-069 ,LOW
PKG-003865,72.35,WH-005,wh-020,STANDARD
PKG-003866,,WH-063,WH-042,LOW
PKG-003867,219.29,WH-035,WH-064,STANDARD
PKG-003868,220.42,WH-058,WH-021,LOW
PKG-003869,37.71,WH-041,WH-036,LOW
PKG-003870,492.25,WH-014,WH-074,LOW
PKG-003871,466.58,WH-020,WH-048,URGENT
PKG-003872,389.82,wh-001,WH-080,LOW
PKG-003873,null,WH-040,WH-070, LOW 
PKG-003874,53.68, WH-071 , WH-081 ,LOW
PKG-003875,91.37,WH-048,WH-026,LOW
PKG-003876,494.77,WH-038,WH-069,STANDARD
PKG-003877,29.77,WH-090,WH-086,VIP
PKG-003878,71.56,WH-020,WH-060, URGENT 
 PKG-003879 ,135.76,WH-037,WH-026, URGENT 
PKG-003880,8.24,WH-096,WH-006,LOW
PKG-003881,90.30,WH-074,WH-004,LOW
PKG-003882,382.20,WH-085,wh-031
PKG-003883,238.40,WH-080, WH-070 
PKG-003884,468.83,WH-034,WH-046,STANDARD
PKG-003885,204.54,WH-081,WH-006,STANDARD
PKG-003886,232.89,,WH-036,STANDARD
PKG-003887,329.95, WH-030 ,WH-016,URGENT
 PKG-003888 ,272.62984679940746kg,WH-071,WH-079,URGENT
PKG-003889,423.62,WH-047,WH-041,LOW
PKG-003890,195.52, WH-025 ,WH-010,URGENT
PKG-003891,215.17,WH-067,WH-015,STANDARD
PKG-003892,328.78,WH-068,WH-072,LOW
PKG-003893,446.96,WH-065,WH-059, LOW 
PKG-003894,329.09,,WH-037,URGENT
PKG-003895,441.64,WH-022,WH-034,LOW
PKG-003896,228.71,WH-093,WH-065,STANDARD
PKG-003897,174.98,WH-096,WH-069, LOW 
,63.94,WH-077,WH-086,LOW
PKG-003899,308.78,WH-053,WH-028,URGENT
PKG-003900,149.07, WH-095 ,WH-046,URGENT
PKG-003901, 445.2955794862342 ,WH-008,WH-076,LOW
PKG-003902,411.96,WH-087,WH-075,STANDARD
PKG-003903,454.62,WH-079,wh-066,
PKG-003904,211.47,WH-067,WH-068,LOW
PKG-003905,425.16,WH-076,WH-053,STANDARD
 PKG-003906 ,381.29,WH-089,WH-093,LOW
 PKG-003907 ,327.09,WH-062,WH-051,URGENT
PKG-003908,438.34,WH-007,WH-085,LOW
PKG-003909,220.04,WH-013,WH-090,STANDARD
,99.03,WH-027,WH-042, STANDARD 
PKG-003911,210.36,wh-049,WH-012,URGENT
PKG-003912,465.14,WH-006,WH-028,STANDARD
PKG-003913,465.58,WH-021,WH-069,urgent
PKG-003914,177.89,WH-005,WH-033,LOW
PKG-003915,476.76,WH-099,WH-016,low
 PKG-003916 ,161.16,WH-048,WH-017,URGENT
PKG-003917,240.21,WH-009,WH-007,LOW
PKG-003918,479.74,WH-068,WH-073,
 PKG-003919 ,327.45,WH-052,WH-024,LOW
PKG-003920,292.75,WH-100,,STANDARD
pkg-003921,224.21, WH-044 ,wh-099,STANDARD
PKG-003922,N/A,WH-058,WH-001,STANDARD
PKG-003923,194.71,,WH-013,LOW
PKG-003924,147.53,WH-058,WH-094,VIP
 PKG-003925 ,5.95,WH-068,WH-070,LOW
PKG-003926,46.88,WH-054,WH-001,STANDARD
pkg-003927,10.64,WH-086,WH-070,LOW
PKG-003928,226.11,WH-090,WH-043,LOW
PKG-003929,459.24,WH-011,WH-079,URGENT,
PKG-003930,486.13,WH-082,WH-031, NONE 
PKG-003931,129.95, WH-045 , WH-069 ,URGENT
PKG-003932,364.62,WH-029,WH-051,LOW
PKG-003933,8.36,WH-003, WH-091 ,LOW
PKG-003934,214.56,WH-076,WH-043,URGENT
PKG-003935,393.72,WH-089,WH-040,URGENT
PKG-003936,142.04,WH-084,WH-029,LOW
PKG-003937,464.75,WH-019,WH-055,LOW
PKG-003938,149.03,WH-046,WH-023,NONE
,,WH-087,,LOW
PKG-003940,458.81,WH-096,WH-049,VIP
PKG-003941,78.96,WH-012,WH-079,LOW
PKG-003942, 399.03564582348866 ,WH-093,WH-100,standard
PKG-003943,498.68,WH-085,WH-088,low

PKG-003944,11.04,wh-073,WH-091,STANDARD
PKG-003945,166.51,WH-098, WH-050 ,URGENT
PKG-003946,491.90,WH-076,WH-022,LOW
PKG-003947,73.30,WH-012,WH-003,LOW
PKG-003948,308.00,,WH-059,STANDARD
PKG-003949,309.97,WH-081, WH-044 , LOW 
 PKG-003950 ,null,WH-074,WH-057,LOW
 PKG-003951 ,117.33,WH-011,wh-098,STANDARD
PKG-003952,223.87,WH-076,WH-082,LOW
PKG-003953,113.65,WH-024,WH-045,STANDARD
PKG-003954,105.76,WH-057,WH-040,URGENT
pkg-003955,154.28,WH-099,WH-048,LOW
PKG-003956,216.29,WH-038,WH-084,LOW
PKG-003957,57.09,WH-015,WH-024, STANDARD 
PKG-003958,453.24,WH-083,WH-031,URGENT
PKG-003959,N/A, WH-025 ,WH-095,URGENT
PKG-003960,212.77,WH-090,WH-035,STANDARD
 PKG-003961 ,308.28,WH-043,WH-046,URGENT
PKG-003962,N/A,WH-041,WH-066,LOW
PKG-003963,267.32,WH-073,WH-055,URGENT
PKG-003964,N/A, WH-073 ,WH-039,
 PKG-003965 ,347.29,WH-050,WH-018,LOW
pkg-003966,274.37,WH-070,WH-028,URGENT
PKG-003967,387.48,WH-090,,STANDARD
PKG-003968,416.48,WH-081,WH-093,LOW
PKG-003969,378.31,WH-013,WH-027,STANDARD
PKG-003970,452.91, WH-071 ,WH-037,LOW
PKG-003971,17.61,WH-003,WH-063,STANDARD
PKG-003972,389.83,WH-007,WH-013,URGENT
PKG-003973,129.19,WH-042,WH-028,URGENT
PKG-003974,455.13,WH-055,WH-022,LOW
PKG-003975,32.34,WH-078,WH-032,URGENT
PKG-003976,32.91,WH-066,WH-093,STANDARD
PKG-003977,485.78, WH-061 ,WH-060,LOW
PKG-003978,419.83,WH-089,WH-031, STANDARD 
PKG-003979,20.15,WH-055,,LOW
PKG-003980,23.73,WH-057,WH-099,URGENT

PKG-003981,377.14,WH-001,WH-086,STANDARD
PKG-003982,461.20,WH-070,WH-028,EXPRESS
PKG-003983,231.11,WH-095,WH-037,URGENT
PKG-003984,64.19,WH-069,WH-096
PKG-003985,70.67,WH-055,WH-088,LOW
PKG-003986,105.18,WH-004, WH-013 ,URGENT
PKG-003987,73.85,WH-049,WH-076,LOW
 PKG-003988 ,417.98,WH-071,WH-082,URGENT
PKG-003989,52.69,WH-060,WH-077,URGENT
PKG-003990,,WH-094,WH-051,LOW
PKG-003991,13.89,WH-016,WH-023,URGENT
PKG-003992,428.80,WH-051,WH-063,LOW
 PKG-003993 ,28.15,WH-013,WH-040,STANDARD
PKG-003994,24.31,WH-039,,URGENT
PKG-003995,485.58,WH-008,WH-049,STANDARD
PKG-003996,227.36,WH-021,WH-075,STANDARD
PKG-003997,33.23,WH-041, WH-072 ,STANDARD
PKG-003998,212.90,WH-007,WH-049,URGENT
 PKG-003999 ,72.80,WH-065,WH-074,LOW
PKG-004000,404.76,WH-100,WH-096,URGENT
PKG-004001,266.91543332164514kg,WH-024,WH-088,URGENT
PKG-004002,45.61,WH-002,WH-059,LOW
PKG-004003,341.08,WH-013,WH-076,LOW
PKG-004004,54.00, WH-071 ,WH-043,STANDARD
pkg-004005,64.93,WH-065,WH-069,URGENT
PKG-004006,476.09,WH-072,WH-093,URGENT
PKG-004007,170.85,WH-044,WH-070,LOW
PKG-004008,396.29,WH-053,WH-001,URGENT
PKG-004009,130.45,wh-086,WH-027,standard
PKG-004010,364.41,WH-017,WH-021,LOW
PKG-004011,482.93,WH-043,WH-070,URGENT
PKG-004012,156.44,WH-091,wh-082,STANDARD
PKG-004013,229.72,WH-047,WH-049,URGENT
PKG-004014,263.51,WH-005,WH-016,standard
PKG-004015,369.47,WH-021, WH-012 ,LOW
PKG-004016,74.74,WH-003,WH-082, URGENT 
PKG-004017,131.40,WH-039,WH-066,STANDARD
PKG-004018,N/A,wh-092,WH-010,STANDARD
pkg-004019,144.11,WH-058,WH-036,LOW
,57.42,WH-085,WH-093,NONE
PKG-004021,324.78,WH-025,WH-089,LOW

PKG-004022,27.16,WH-019,wh-098,urgent
PKG-004023,247.18,WH-077,WH-034,URGENT

PKG-004024,4.88,WH-088,WH-058,STANDARD
PKG-004025,307.15,WH-009,WH-073,STANDARD
PKG-004026,436.32,WH-085,WH-008,
PKG-004027,108.42,WH-050,WH-093,LOW
PKG-004028,436.73,WH-032,WH-054,STANDARD
PKG-004029,423.71,WH-052,WH-018
PKG-004030,104.99,WH-097,WH-016,LOW
PKG-004031,82.73,WH-003,WH-070,STANDARD
pkg-004032,40.53,WH-052,WH-047,LOW
pkg-004033,460.28,WH-017,WH-018,low
PKG-004034,165.45,WH-047,WH-066, LOW 
PKG-004035,225.81,WH-058,WH-011,STANDARD
PKG-004036,54.50,WH-016,WH-067,LOW
PKG-004037,456.95,WH-068,WH-006,URGENT
PKG-004038,154.25,WH-002,WH-073,STANDARD
PKG-004039, 428.14831320671436 ,WH-010,WH-065,LOW
PKG-004040,66.22,WH-086,WH-027,STANDARD
PKG-004041,126.05,WH-053,WH-050,URGENT
PKG-004042,440.06,WH-061,WH-001,URGENT
PKG-004043,495.40,WH-099,WH-051,LOW
PKG-004044,9.26,WH-042,WH-039,URGENT
 PKG-004045 ,35.58,WH-052,WH-050,STANDARD
PKG-004046,475.75,WH-039,WH-027,URGENT
PKG-004047,244.37,WH-086,WH-080,vip
PKG-004048,62.00,WH-092,WH-040,LOW
PKG-004049,324.01,WH-076,WH-073,URGENT
PKG-004050,1.73,WH-022,wh-080,URGENT
PKG-004051,7.09,WH-068,WH-047,LOW
PKG-004052,391.10,WH-009,WH-068,URGENT
 PKG-004053 ,15.56,WH-054,WH-028,
PKG-004054,N/A,WH-097,WH-005,URGENT
 PKG-004055 ,413.41,WH-053,WH-038,LOW
PKG-004056,146.32, WH-098 ,WH-084, URGENT 
PKG-004057,166.86,WH-076,WH-069,URGENT
 PKG-004058 ,283.9460151635945kg,WH-023, WH-068 ,URGENT
PKG-004059,55.14,WH-097,WH-010,LOW
PKG-004060,250.87,WH-040,WH-058,URGENT
PKG-004061,425.81,,WH-068,URGENT
PKG-004062,,WH-038,wh-087,low
PKG-004063,65.40, WH-006 ,WH-061,URGENT
PKG-004064,496.73,WH-086,WH-063,STANDARD
PKG-004065, 185.28763776414561 , WH-026 , WH-098 , URGENT 
PKG-004066,135.52,WH-092,wh-081, LOW 
PKG-004067,198.59,WH-005,WH-022, STANDARD 
PKG-004068,45.55,WH-023, WH-052 ,LOW
PKG-004069,22.77,WH-092,WH-083,STANDARD
 PKG-004070 ,190.55,WH-012,WH-027,LOW
PKG-004071,426.88,WH-019,WH-048,URGENT
PKG-004072,72.33, WH-035 ,WH-013,LOW
PKG-004073,154.12,WH-044,WH-035,STANDARD
pkg-004074,213.81, WH-049 ,WH-096,URGENT
PKG-004075,307.19,WH-014,WH-060,URGENT
PKG-004076,144.40,WH-083,WH-076,STANDARD

PKG-004077,250.64,WH-096,WH-080,STANDARD
 PKG-004078 ,391.70,WH-019, WH-027 ,LOW
 PKG-004079 ,145.71,wh-022,wh-078,LOW
PKG-004080,295.49,WH-019,WH-033,LOW
PKG-004081,105.93,WH-060, WH-049 ,STANDARD
PKG-004082,19.25,WH-062,WH-089,STANDARD,
PKG-004083,132.85, WH-025 ,WH-084,STANDARD
 PKG-004084 ,141.45,WH-015,WH-094,URGENT
pkg-004085,175.97,WH-046,WH-007,URGENT
PKG-004086,231.90,WH-005,WH-044,URGENT
PKG-004087,193.84,WH-058,WH-038,LOW
 PKG-004088 ,282.46,WH-037,WH-017,STANDARD
PKG-004089,22.81,WH-072,WH-020,LOW
 PKG-004090 ,80.78,WH-068,WH-060,LOW
PKG-004091,248.45,WH-037,WH-093,URGENT
PKG-004092,483.81, WH-076 ,WH-041,LOW
PKG-004093,190.26,WH-036,WH-092, URGENT 
 PKG-004094 ,165.14,WH-087,WH-049,STANDARD
PKG-004095,433.46,WH-083,WH-074,LOW
PKG-004096,306.07,WH-016,WH-084,URGENT
PKG-004097,199.17,WH-012,WH-055,URGENT
PKG-004098,53.22,WH-060,WH-088,LOW
PKG-004099,251.91,WH-025,WH-006,
PKG-004100,275.21,WH-022,wh-064,STANDARD
PKG-004101,408.45,WH-018,WH-073,URGENT
PKG-004102,240.47,WH-080,WH-008,STANDARD
PKG-004103,322.13,WH-088,WH-069,URGENT,
PKG-004104,281.32,WH-056,WH-094,STANDARD
PKG-004105,274.62,WH-066,WH-079,URGENT
PKG-004106,401.86,WH-035,WH-043,URGENT
PKG-004107,410.89,WH-068,WH-039,LOW
PKG-004108,84.98,WH-056, WH-020 ,LOW
PKG-004109,120.96,WH-093,WH-035,URGENT
 PKG-004110 ,89.94,WH-045,WH-006,URGENT
PKG-004111,494.05,WH-025,WH-074,CRITICAL
PKG-004112,213.21,WH-060,WH-001,URGENT
PKG-004113, 438.70790369398276 , WH-082 ,WH-020,LOW
PKG-004114,91.45,WH-010,wh-068,LOW
PKG-004115,128.80,WH-047, WH-088 ,VIP
PKG-004116,61.01,WH-024,WH-091,URGENT
PKG-004117,null,WH-055,WH-079,STANDARD
PKG-004118,441.86,WH-050,WH-035,URGENT
PKG-004119,183.24,WH-081,WH-023,STANDARD
PKG-004120,470.99,wh-097,WH-089, STANDARD 
 PKG-004121 ,173.42,WH-018,WH-029,URGENT
PKG-004122,79.54, WH-028 ,WH-034,STANDARD
PKG-004123,307.10,WH-045,WH-043,URGENT
PKG-004124,144.99,WH-079,WH-009,URGENT
PKG-004125,188.02,WH-006,WH-050,STANDARD
pkg-004126,342.04,wh-014,WH-097,LOW
PKG-004127,292.36,WH-097,WH-005,URGENT
PKG-004128,null,WH-036,WH-046,URGENT
PKG-004129,243.01,WH-058,WH-044,URGENT
PKG-004130,219.25,WH-051,WH-026,URGENT
PKG-004131,335.19,WH-060,WH-079,LOW
PKG-004132,258.16,WH-048,WH-070,URGENT
PKG-004133,346.54,WH-064,WH-061,STANDARD
PKG-004134,347.4137996488087kg,WH-090,WH-071,STANDARD
PKG-004135,405.39,WH-092,WH-062,LOW
PKG-004136,292.35,WH-032,WH-020,LOW
PKG-004137,156.99,WH-017,WH-038,URGENT
PKG-004138,281.49,WH-090,wh-057,STANDARD
PKG-004139,482.42,WH-079,WH-090,URGENT
PKG-004140,453.80,WH-087,WH-083, LOW 
pkg-004141,246.23,WH-016,WH-042,STANDARD
PKG-004142,488.06,WH-092,WH-089,URGENT
PKG-004143,324.29,WH-017,WH-074,URGENT
PKG-004144,143.33,WH-038,WH-077, LOW 
PKG-004145,497.72,WH-072,wh-065
pkg-004146,36.02,,WH-051,EXPRESS,
, 319.2507765531374 ,WH-049,WH-082,URGENT
PKG-004148,92.44,WH-085,WH-042,STANDARD
PKG-004149,10.94,WH-099,WH-052,URGENT
PKG-004150,,WH-005,WH-043,STANDARD
PKG-004151,30.54,WH-038,WH-006,LOW
PKG-004152,125.56,WH-082,WH-036,VIP
PKG-004153,16.09,WH-024,WH-030
PKG-004154,14.57,WH-040,WH-037,LOW
PKG-004155,107.70,WH-078,WH-051,LOW
PKG-004156,177.81,WH-031,WH-077,VIP
PKG-004157,307.46,WH-017,WH-099, LOW 
PKG-004158,0.51,WH-044,WH-087,LOW
pkg-004159,291.47,WH-083, WH-011 ,STANDARD
PKG-004160,373.39,WH-013,WH-095,STANDARD
PKG-004161,336.09, WH-071 ,WH-019,standard
PKG-004162,436.50,WH-040,WH-016,LOW
PKG-004163,499.77,WH-013,WH-058,STANDARD
PKG-004164,405.14,WH-100,WH-019,LOW
PKG-004165,320.93,WH-072,wh-025,LOW
PKG-004166,124.76,WH-061,WH-064,STANDARD
PKG-004167,56.71,WH-029,wh-047,STANDARD
PKG-004168,N/A,WH-010,WH-087,LOW
PKG-004169,N/A,WH-056,WH-030,URGENT
PKG-004170,N/A,WH-047,WH-051,URGENT
PKG-004171,463.41,WH-022,WH-042,LOW
PKG-004172,185.26,WH-091,WH-072,URGENT
PKG-004173,220.14,WH-024,WH-009,URGENT
PKG-004174,59.39,WH-037,WH-001,LOW
PKG-004175,58.46,WH-091,WH-071,URGENT
PKG-004176,427.88,WH-095,WH-068,STANDARD
PKG-004177,N/A,WH-032,WH-015,LOW
PKG-004178,345.01,wh-044,WH-029,LOW
PKG-004179,154.06,WH-037,WH-051,LOW
PKG-004180, 246.82663864447133 ,WH-031,WH-072,LOW
PKG-004181,192.53,wh-055,WH-100,VIP
PKG-004182,169.89,WH-072, WH-093 ,STANDARD
PKG-004183,72.67,WH-059,WH-005,low
PKG-004184,null,WH-066, WH-035 ,URGENT
 PKG-004185 ,157.13,WH-065,WH-011,LOW
pkg-004186,280.22,WH-005,WH-083,STANDARD
PKG-004187,388.90,wh-066,WH-029,URGENT
PKG-004188,307.04, WH-030 ,WH-086,STANDARD
PKG-004189,309.15,WH-074,WH-033,
PKG-004190,320.94,WH-049, WH-040 ,standard
PKG-004191,395.26,WH-074,WH-075,STANDARD
PKG-004192,150.41,WH-027,WH-100,STANDARD
PKG-004193,261.83,WH-042,,LOW
PKG-004194,138.11,WH-054,WH-055,LOW
PKG-004195,155.11,WH-054,WH-031,URGENT
PKG-004196,N/A,WH-042,WH-031,LOW
PKG-004197,343.07,WH-011,WH-045,URGENT
PKG-004198,1.26,WH-037,wh-003,LOW
pkg-004199,20.49,WH-041,WH-079,LOW
PKG-004200,287.53,WH-048,WH-015,STANDARD
PKG-004201,61.96,WH-026,WH-034,urgent
PKG-004202,244.69,WH-008,WH-050,urgent
PKG-004203,370.30,WH-080,WH-051,LOW
PKG-004204,22.69,WH-013,WH-006,STANDARD
PKG-004205,117.03, WH-021 ,WH-095,LOW
PKG-004206,374.52,WH-013,WH-024,URGENT
PKG-004207,19.05,WH-020,wh-080,URGENT
PKG-004208,,WH-100,WH-038
,138.86,WH-080,WH-026,LOW
PKG-004210,0.85,WH-092,WH-061,STANDARD
PKG-004211,75.37,WH-038,WH-037,STANDARD
PKG-004212,270.86,WH-060,WH-007,STANDARD
PKG-004213,434.22,WH-078, WH-036 ,LOW

PKG-004214,115.77,WH-032,WH-085,STANDARD
PKG-004215,397.87,WH-071, WH-050 ,URGENT
PKG-004216, 369.47604021572954 ,WH-025,WH-087, URGENT 
PKG-004217,421.82,WH-080,WH-049,LOW
PKG-004218,228.20,WH-078,WH-075,LOW
PKG-004219,163.30,WH-084,WH-035,
PKG-004220,419.40,WH-035, WH-095 ,LOW
PKG-004221,296.88,WH-084,WH-045,STANDARD
PKG-004222,292.09,WH-037,WH-024,STANDARD
PKG-004223,435.60,WH-003,WH-072,URGENT
PKG-004224,177.64,WH-011,WH-025,URGENT
PKG-004225,N/A,WH-047,wh-035,STANDARD
pkg-004226,328.75,WH-027,WH-047,STANDARD
PKG-004227,469.01,WH-056,WH-098,URGENT
PKG-004228,420.95,WH-084,WH-067,STANDARD
PKG-004229,335.63,WH-046,WH-011,URGENT
PKG-004230,392.68,WH-046, WH-029 ,LOW
PKG-004231,null,WH-019, WH-031 ,LOW
pkg-004232,36.74,WH-093,WH-056,LOW
PKG-004233,44.91,WH-082,WH-075,URGENT
PKG-004234,25.72,WH-035,WH-048,low
PKG-004235,442.65,WH-069, WH-083 ,LOW
PKG-004236,342.23,WH-062,WH-059,standard
pkg-004237,75.06,WH-048,WH-089,STANDARD
PKG-004238,28.03,WH-081,WH-007,standard
PKG-004239,18.29,WH-021,WH-086,low
 PKG-004240 ,16.56,WH-053,WH-021,STANDARD
PKG-004241,177.33,WH-056,WH-018,URGENT
PKG-004242,null,,WH-037,URGENT
PKG-004243,242.90,WH-099,WH-084,LOW
PKG-004244,400.76,WH-005,wh-025,STANDARD
 PKG-004245 ,375.20,WH-093,WH-065,CRITICAL
PKG-004246,186.82,WH-008,WH-054,NONE,
PKG-004247,108.65,WH-059,WH-040,LOW,
PKG-004248,12.79,WH-086,WH-093,LOW
PKG-004249,457.54,WH-079,WH-068,LOW
PKG-004250,285.48, WH-010 ,WH-004,STANDARD
PKG-004251,373.67,WH-068,WH-074,LOW
PKG-004252,248.80,WH-084,WH-083,STANDARD
PKG-004253,57.58,WH-059,WH-046,
PKG-004254,18.07,WH-019,WH-009,LOW
pkg-004255,448.42,WH-021,WH-024,URGENT
 PKG-004256 ,106.61,WH-012,WH-017,STANDARD
PKG-004257,371.93,WH-017,WH-066,LOW
PKG-004258,128.04,WH-086,WH-044,URGENT
PKG-004259,74.90,WH-081,WH-055,LOW
PKG-004260,N/A,WH-082,WH-051,LOW
 PKG-004261 ,417.11,WH-075,WH-039, STANDARD 
PKG-004262,5.45,WH-062,WH-065,LOW
PKG-004263,81.16,WH-075,WH-069,URGENT
PKG-004264,259.38,WH-065, WH-089 ,URGENT
PKG-004265,318.31,WH-026,WH-033,STANDARD
PKG-004266,377.01,WH-043,wh-091,LOW
pkg-004267,23.30,WH-062,WH-063,LOW
PKG-004268,151.22,WH-020,WH-099,STANDARD
PKG-004269,94.49,WH-084,WH-083,LOW
PKG-004270,398.45,WH-100,WH-014,URGENT
PKG-004271,257.47,WH-057,WH-035,LOW
PKG-004272,367.23,WH-027,WH-019,URGENT
PKG-004273,319.71,WH-042,wh-049,STANDARD
PKG-004274,302.22,WH-012,WH-011,LOW
PKG-004275,258.46,WH-078,WH-050,URGENT
PKG-004276,287.56,WH-003,WH-099,URGENT
PKG-004277,53.38,WH-034,WH-043,URGENT
PKG-004278,18.84,WH-016,WH-078,URGENT
PKG-004279,137.99,wh-028,WH-031,LOW
PKG-004280,52.18,WH-090,wh-024, NONE 
PKG-004281,138.45,WH-011,WH-041,STANDARD
PKG-004282,42.29, WH-068 ,WH-085,CRITICAL
PKG-004283,90.64,WH-004,WH-045,STANDARD
PKG-004284,386.52,WH-046,WH-074,LOW
pkg-004285,326.49,WH-032,WH-086,STANDARD
PKG-004286,138.09,WH-048,WH-008,STANDARD
PKG-004287,134.86,WH-026,WH-098,STANDARD
PKG-004288,288.95,WH-015,WH-096,LOW
PKG-004289,267.28,WH-082,WH-055,STANDARD
PKG-004290,231.73,WH-046,WH-015, STANDARD 
PKG-004291,292.02,WH-011,WH-095,URGENT
PKG-004292,249.46,WH-045,WH-028,STANDARD
PKG-004293,487.54,wh-066,WH-065,STANDARD
 PKG-004294 ,208.08,WH-063,WH-049,URGENT
PKG-004295,null,WH-053,WH-030,URGENT
PKG-004296,452.10,WH-085,WH-027,STANDARD
PKG-004297,124.23,WH-099,WH-049,URGENT
PKG-004298,290.84,WH-041,WH-064,LOW
PKG-004299,303.31,WH-034,WH-077,URGENT
PKG-004300,306.73,WH-023,WH-016,LOW
pkg-004301,247.40,WH-046,WH-023, URGENT 
PKG-004302,434.29,WH-085,wh-001,CRITICAL
 PKG-004303 ,264.61,WH-046,wh-058,LOW
PKG-004304,316.00,WH-005,WH-006,STANDARD
PKG-004305,383.09,wh-068,WH-055, STANDARD 
PKG-004306,169.29,WH-015,WH-047,STANDARD
 PKG-004307 ,14.63,WH-088,,URGENT
PKG-004308,147.81,WH-029,WH-051,LOW
PKG-004309,56.26,WH-041,WH-077,LOW
PKG-004310,N/A,WH-046,WH-016,LOW
PKG-004311,371.28,WH-031,WH-060, STANDARD 
PKG-004312,365.94,WH-023,WH-065,LOW
PKG-004313,405.05917160121095kg,WH-049,WH-025,STANDARD
PKG-004314,53.45,WH-078,WH-025,STANDARD
PKG-004315,153.13,WH-052,WH-047,URGENT
PKG-004316,106.86,WH-031,WH-086,urgent
PKG-004317,386.40,WH-024,WH-099,standard
PKG-004318,43.98,WH-087,wh-096,LOW
PKG-004319,53.80,WH-100,WH-030,LOW
PKG-004320,8.70,WH-062,wh-022,LOW
PKG-004321,445.13,WH-031,WH-067,STANDARD
pkg-004322,270.89,WH-030, WH-066 ,LOW
PKG-004323,166.40,WH-049,WH-065,URGENT
PKG-004324,314.53,WH-030,WH-100,NONE
PKG-004325,396.64,WH-071,WH-027, LOW ,
PKG-004326,257.50, WH-060 ,WH-071,STANDARD
PKG-004327,181.25,WH-050,WH-018,CRITICAL
PKG-004328,143.41,WH-085,WH-006,STANDARD
PKG-004329,4.93,WH-097,WH-050,STANDARD
pkg-004330,79.92,WH-078,WH-081,URGENT
PKG-004331,216.90, WH-089 ,WH-019,LOW
PKG-004332,93.96,WH-073,WH-092,LOW
PKG-004333,224.01,WH-004, WH-008 ,
PKG-004334,433.07,WH-063,WH-009,
PKG-004335,44.22,WH-073,WH-031,URGENT
PKG-004336,361.27,WH-079,WH-016,LOW
PKG-004337,68.23,wh-046,wh-067,
PKG-004338,98.29,WH-015,WH-099,STANDARD
PKG-004339,340.35,WH-081,WH-051,LOW
PKG-004340,87.28,WH-059,WH-066,LOW
PKG-004341,88.50,WH-060,WH-010,STANDARD
PKG-004342,398.76,WH-069,WH-087,urgent
PKG-004343,5.17, WH-083 ,WH-057,URGENT
PKG-004344,205.95,WH-100,WH-060,URGENT
PKG-004345,45.33,WH-067,WH-072,STANDARD
PKG-004346,301.86,WH-039,WH-064,urgent
PKG-004347,288.29,WH-097,WH-037,URGENT
pkg-004348,188.12,WH-076,WH-010,STANDARD
 PKG-004349 ,247.87,WH-017,WH-073,STANDARD
PKG-004350,32.97,WH-094,WH-060,LOW
PKG-004351,194.00,WH-024,WH-048,NONE
PKG-004352,46.87,WH-064,WH-013,
PKG-004353,415.94,WH-063,WH-061,urgent
PKG-004354,,wh-002,WH-088,low
PKG-004355,257.81,WH-097,WH-070,LOW
PKG-004356,482.33,WH-092,WH-030,LOW
PKG-004357,405.61,WH-019,wh-005,LOW
PKG-004358,235.38,WH-043,WH-042,LOW
PKG-004359,427.84,WH-072,WH-036,LOW
PKG-004360,448.29,wh-005,WH-091,
 PKG-004361 ,405.73,WH-018, WH-094 ,LOW
PKG-004362,446.33,WH-072,wh-068,URGENT
PKG-004363,263.47, WH-076 ,WH-074,STANDARD
PKG-004364,147.78,WH-067,WH-015,LOW
pkg-004365,116.48,WH-098,WH-014,LOW
PKG-004366,195.25,WH-039,WH-032,STANDARD
PKG-004367,11.02,WH-046,WH-092,LOW
PKG-004368,9.13,WH-022,WH-059,STANDARD
PKG-004369,378.39,WH-001,WH-019,LOW
PKG-004370,357.66,WH-025,WH-036,LOW
PKG-004371,343.04,WH-067,WH-091,LOW
,19.94,WH-071, WH-032 ,URGENT
PKG-004373,217.07,WH-060,WH-014,STANDARD
 PKG-004374 ,28.11,WH-089,WH-069,STANDARD
PKG-004375,251.75,WH-016,WH-014,URGENT
PKG-004376,474.78,WH-027,WH-016,STANDARD
PKG-004377,234.00,WH-054,WH-060,URGENT
PKG-004378,392.25,WH-065,WH-078,STANDARD
PKG-004379,199.67,,WH-039,URGENT
PKG-004380,486.94,WH-016,WH-065,URGENT
PKG-004381,237.89,WH-096,WH-100,URGENT
PKG-004382,252.44,WH-098,WH-059,URGENT
PKG-004383,55.46,WH-069,WH-065,STANDARD
PKG-004384,383.56,WH-024,WH-029,LOW
PKG-004385,278.12,WH-094,WH-005,URGENT
PKG-004386,342.07,WH-051,WH-043,STANDARD
PKG-004387,144.60,WH-002, WH-060 ,LOW
PKG-004388,492.69242951090416kg,WH-016,WH-009,LOW
PKG-004389,9.20,WH-027,WH-018,STANDARD
PKG-004390,293.58,WH-075,WH-078,LOW
PKG-004391,219.22,WH-062,WH-081,LOW
PKG-004392,205.21,WH-023,WH-001,STANDARD

PKG-004393,217.55,WH-012,WH-031,URGENT
PKG-004394,386.07,WH-046,WH-034,STANDARD
PKG-004395,189.58,WH-046,WH-015,LOW
PKG-004396,308.78,WH-020,WH-078,standard
,216.56,WH-087,WH-003,LOW
,53.94,WH-088,WH-063,URGENT
PKG-004399,481.32, WH-098 ,WH-048,STANDARD
PKG-004400,,WH-100,WH-088,STANDARD
PKG-004401,29.310351467937874kg,WH-027,,URGENT
PKG-004402,369.22,WH-042,wh-096,STANDARD
PKG-004403,69.79,WH-068,WH-035,LOW
PKG-004404,280.11,WH-036,WH-011,
PKG-004405,255.12,WH-010,WH-021,STANDARD
PKG-004406,181.44,wh-004,WH-056,STANDARD
PKG-004407,385.88,WH-053,WH-063,LOW
PKG-004408,434.60,WH-006,WH-064,STANDARD
PKG-004409,,WH-024,WH-084,URGENT
PKG-004410,346.83,WH-025,WH-016,STANDARD
,341.23,WH-005,WH-017,URGENT
PKG-004412, 13.325458956971566 ,WH-017,WH-003,
PKG-004413, 386.6770311283007 ,WH-034,WH-016, URGENT 
PKG-004414,40.00248752036271kg, WH-052 ,WH-001, LOW 
PKG-004415,302.56,WH-083,WH-095,URGENT
 PKG-004416 ,331.07,WH-021,WH-007,LOW
PKG-004417,440.02,WH-032,WH-062,URGENT
PKG-004418,null,WH-065,WH-003,LOW
PKG-004419,396.24,WH-056,WH-019,URGENT
PKG-004420,29.96,WH-017,WH-031,STANDARD
PKG-004421,427.35,WH-022,WH-037,URGENT
PKG-004422,21.53, WH-068 ,WH-053,STANDARD
PKG-004423,130.64,WH-081,WH-020,URGENT
PKG-004424,296.46,WH-025,WH-039,URGENT
PKG-004425,187.68,WH-072,WH-029,LOW
PKG-004426,351.63,WH-005,WH-060
PKG-004427,288.93,WH-100,WH-074,URGENT

PKG-004428,191.04,WH-085,,URGENT
PKG-004429,47.98,WH-085,WH-050,LOW
PKG-004430,450.16,WH-006,WH-058,STANDARD
PKG-004431,121.60,WH-036,WH-026,URGENT
PKG-004432,498.06,WH-075,WH-016,URGENT
PKG-004433,83.92, WH-030 , WH-018 ,STANDARD
PKG-004434,275.99,WH-036,WH-098,URGENT
PKG-004435,374.04,WH-010,WH-091,NONE
PKG-004436,316.87,WH-028,WH-081,URGENT
PKG-004437,193.71,WH-061,WH-098
PKG-004438,132.26, WH-090 ,,URGENT
 PKG-004439 ,267.99,WH-031,WH-044,URGENT
PKG-004440,468.35,WH-069,WH-037,LOW
PKG-004441,433.73,WH-019,WH-085,LOW
pkg-004442,41.18,WH-075,WH-088,STANDARD
PKG-004443,468.15,WH-056,WH-054,URGENT
 PKG-004444 ,390.69,WH-071,WH-016,NONE
PKG-004445,484.32, WH-033 ,WH-052,LOW
PKG-004446,468.88,WH-059,WH-017,NONE
PKG-004447,351.07, WH-045 ,WH-034,URGENT
PKG-004448,101.20, WH-046 ,WH-080,LOW
PKG-004449,349.23,,WH-014,URGENT
PKG-004450,451.51,, WH-082 ,URGENT
PKG-004451,N/A,WH-069,WH-096,STANDARD
PKG-004452,205.72,WH-048,WH-025,LOW
PKG-004453,137.67,WH-099,WH-038,URGENT
PKG-004454,56.55,WH-036,WH-090, STANDARD 
PKG-004455,319.29,,WH-044,STANDARD
PKG-004456,8.36,WH-059,WH-023, URGENT 

PKG-004457,null,WH-097,WH-074,NONE
PKG-004458,492.41,WH-075,WH-030
PKG-004459,220.11,WH-048,WH-084,STANDARD
PKG-004460,485.45,WH-095,WH-019,LOW
 PKG-004461 ,278.40,WH-090,WH-017
pkg-004462,230.18,WH-011, WH-054 ,urgent
PKG-004463,,WH-069,WH-095,URGENT
PKG-004464,86.45,WH-075,WH-078,LOW
PKG-004465,391.85,WH-047, WH-016 ,STANDARD
PKG-004466,418.11,WH-060,WH-059,STANDARD
PKG-004467,337.02,WH-036,WH-095,LOW
PKG-004468,243.27,WH-002,WH-005,LOW

PKG-004469,436.05,WH-018,WH-080,URGENT
PKG-004470,220.58,WH-068,WH-044,URGENT
PKG-004471,200.66,WH-063,WH-066,URGENT
PKG-004472,N/A,WH-070,WH-073,LOW
PKG-004473,220.03,,WH-005,STANDARD
PKG-004474,70.79,WH-014,WH-011,URGENT
PKG-004475,416.13,WH-012,WH-004,LOW
PKG-004476,183.90,WH-033,WH-078,
PKG-004477,109.65,WH-041,WH-071,URGENT
PKG-004478,370.03,WH-084,WH-008,LOW
PKG-004479,164.31,WH-066,WH-029,LOW
PKG-004480,136.58,WH-049,WH-088,LOW
,380.19,WH-038,WH-089,URGENT
PKG-004482,223.68,WH-023,WH-043,LOW
PKG-004483,486.29,WH-077,WH-039,LOW
PKG-004484,478.40, WH-051 ,WH-067,STANDARD
PKG-004485,423.31,WH-031,WH-066,URGENT
PKG-004486,53.05,WH-057,WH-076,STANDARD
PKG-004487,366.24,WH-057,WH-074,LOW
PKG-004488,348.44,WH-065,WH-035, LOW 
PKG-004489,298.78,WH-007,wh-041,LOW,
 PKG-004490 ,406.11,WH-064,WH-010,STANDARD
PKG-004491,204.07,WH-003,WH-092,URGENT
PKG-004492,310.04,WH-043,WH-090
PKG-004493,17.04,WH-020,WH-066,LOW
PKG-004494,206.08,WH-004,WH-022,LOW
PKG-004495,39.49,WH-046,WH-087,LOW
PKG-004496,255.08,WH-022,WH-081,URGENT
PKG-004497,218.41,WH-074,WH-097,STANDARD
pkg-004498,412.83, WH-087 ,WH-080,STANDARD
PKG-004499,119.07,,WH-092,URGENT
,365.59,,WH-098,LOW
PKG-004501,335.53,WH-061,WH-020,URGENT
PKG-004502,315.75,wh-058,WH-100,EXPRESS
PKG-004503,283.23,WH-013,WH-081,LOW
PKG-004504,9.49,WH-049,WH-077,STANDARD
PKG-004505,446.46, WH-041 ,WH-051,URGENT
PKG-004506,395.17,WH-029,WH-040,STANDARD
PKG-004507, 301.00981783185495 ,WH-083,WH-063,LOW
PKG-004508,333.60,WH-047,WH-036,STANDARD
PKG-004509,336.91,WH-041,WH-062,LOW
PKG-004510,47.59,WH-044,WH-013,urgent
PKG-004511,458.50,WH-080,WH-041,URGENT
PKG-004512,28.69,WH-029,WH-055, URGENT 
PKG-004513,242.18,WH-079,WH-005,URGENT
PKG-004514,494.75,WH-056, WH-072 ,STANDARD
PKG-004515,401.86,WH-066,WH-025,URGENT
PKG-004516,469.15,WH-066,WH-042,STANDARD
PKG-004517,38.22,WH-061,WH-064,EXPRESS
PKG-004518,342.11,WH-033, WH-073 ,URGENT
PKG-004519,223.33,WH-017,WH-048,STANDARD
PKG-004520,124.76, WH-079 ,WH-073,STANDARD
pkg-004521,283.30,WH-059,WH-067,STANDARD

PKG-004522,319.93,WH-042,WH-066,STANDARD
,170.28,WH-070,wh-097,STANDARD
PKG-004524,360.59,WH-015,WH-019,URGENT
PKG-004525,472.00,wh-099,WH-011, LOW 
PKG-004526,282.50,WH-052,WH-035,STANDARD
PKG-004527,84.43,WH-046,WH-066,LOW
pkg-004528,310.53,WH-069,WH-086,VIP
PKG-004529,null,WH-016,WH-014,URGENT
PKG-004530,499.75,WH-015,WH-060,URGENT
PKG-004531,471.43,WH-036,WH-025,LOW
PKG-004532,112.30,WH-025,WH-030,LOW
PKG-004533,477.28,WH-042,WH-019,LOW
pkg-004534,373.47,WH-090,WH-077,URGENT
PKG-004535,null,WH-020,WH-033, STANDARD 
PKG-004536,69.88,WH-085,,STANDARD
PKG-004537,394.07,WH-092,WH-093,STANDARD
PKG-004538, 40.482612021454365 ,WH-068,WH-062,STANDARD
PKG-004539,89.68,WH-100,WH-010,LOW
pkg-004540,65.96,WH-004,WH-073,STANDARD
PKG-004541,191.88,WH-063,WH-082,urgent
PKG-004542,165.09,,wh-049,LOW
PKG-004543,161.98,WH-060,WH-055,URGENT
PKG-004544,242.43,WH-092,WH-052,CRITICAL
PKG-004545,480.00,WH-078,WH-061,URGENT

 PKG-004546 ,61.54,WH-035,WH-073,LOW
PKG-004547,105.59,WH-012,WH-073,LOW
PKG-004548,250.08,WH-095,WH-026,urgent
PKG-004549,272.55,WH-005,WH-021,low
PKG-004550,N/A,WH-032,wh-036,LOW
PKG-004551,124.96,WH-092,WH-014,URGENT
PKG-004552,242.36,wh-063,WH-021,LOW
 PKG-004553 ,272.33,WH-097,WH-006,URGENT
PKG-004554,48.51,WH-051,WH-008,STANDARD
PKG-004555,186.24,WH-071,WH-079,STANDARD
PKG-004556,167.83, WH-093 ,WH-015,URGENT
PKG-004557,369.68,WH-098,WH-053
PKG-004558,312.59,WH-044,WH-056,EXPRESS
PKG-004559,65.31,WH-084,WH-051,URGENT
PKG-004560,330.83,WH-089,WH-050,URGENT
PKG-004561,9.39,WH-024,WH-023,LOW
PKG-004562,123.12,WH-052,WH-020,URGENT,
PKG-004563,202.31,WH-031,WH-008,URGENT
PKG-004564,390.55,WH-033,WH-013, LOW 
PKG-004565,467.12,WH-053,WH-023,URGENT
PKG-004566,278.41,WH-006,WH-014,STANDARD
PKG-004567,121.84,WH-010,WH-037,STANDARD
PKG-004568,52.06,WH-080,WH-012,URGENT
PKG-004569,417.24,wh-026,WH-077,LOW
pkg-004570,493.13,WH-010, WH-074 ,STANDARD
PKG-004571,311.22,WH-030,WH-087,STANDARD
PKG-004572,96.64,WH-008,WH-084,URGENT
PKG-004573,418.53,WH-008,WH-042,LOW
PKG-004574,88.18,WH-001,WH-069,STANDARD
PKG-004575,310.38,WH-080, WH-038 ,STANDARD
 PKG-004576 ,49.70,WH-064,WH-032,URGENT
PKG-004577,213.01,WH-063, WH-069 ,LOW
PKG-004578,17.99,WH-060,WH-070,URGENT
PKG-004579,261.49,WH-087,WH-004,LOW
PKG-004580,460.54,WH-085,WH-023, URGENT 
PKG-004581,204.84,WH-081,WH-089,LOW
PKG-004582,15.69,WH-093,WH-001,STANDARD
PKG-004583,1.11,WH-059,WH-095,URGENT
PKG-004584,27.19,WH-094,WH-025,URGENT
PKG-004585,19.30,wh-022,WH-063,STANDARD
PKG-004586,,WH-022,WH-080,URGENT
PKG-004587,472.46,WH-058, WH-026 , STANDARD 
PKG-004588,188.28,WH-098,WH-063,STANDARD
PKG-004589,null,WH-021,WH-091,STANDARD
,224.07,WH-068,WH-077,URGENT
PKG-004591,404.90,WH-087,WH-025,LOW

PKG-004592,254.27,WH-023,WH-033,STANDARD
PKG-004593,231.40,WH-034,WH-087,URGENT
PKG-004594, 375.4530042791843 , WH-071 ,WH-085,STANDARD
PKG-004595,68.17,WH-024,,STANDARD
PKG-004596,486.18,WH-011,WH-069,URGENT
PKG-004597,95.12,WH-084,WH-025,URGENT
PKG-004598,267.25,WH-096, WH-029 ,STANDARD
PKG-004599,33.98,WH-100,WH-027,URGENT
PKG-004600,153.64, WH-071 ,WH-008,LOW
PKG-004601,10.67,WH-052,WH-067,
PKG-004602,224.38,WH-043,WH-028,low,
PKG-004603,342.31,WH-048,WH-052, LOW 
PKG-004604,57.67,WH-039,WH-056,LOW
PKG-004605,193.68,WH-073,WH-094,URGENT
PKG-004606,361.61, WH-028 ,WH-040,STANDARD
PKG-004607,103.85,WH-054,WH-005,STANDARD
PKG-004608,366.27,WH-035, WH-041 ,LOW
PKG-004609,220.48,WH-031,WH-076,URGENT
pkg-004610,415.00,WH-070,WH-037,URGENT
PKG-004611,176.11,WH-066,WH-031,URGENT
PKG-004612,257.356719522538kg,WH-051,WH-069,URGENT
PKG-004613,424.99,WH-044,WH-035,STANDARD
PKG-004614,287.50, WH-061 ,WH-027,URGENT
PKG-004615,269.91, WH-008 ,WH-096,LOW
PKG-004616,182.78,WH-009,WH-008, CRITICAL 
PKG-004617,239.67,WH-025,WH-007,LOW
PKG-004618,347.61,WH-093,WH-002,STANDARD
PKG-004619,433.67,WH-077,WH-011,URGENT
PKG-004620, 115.11595789758908 ,WH-024, WH-025 ,STANDARD
PKG-004621,460.80,WH-080,WH-053,URGENT
 PKG-004622 ,318.91,WH-023,WH-099,URGENT
PKG-004623,118.75,WH-061,WH-037,LOW
PKG-004624,N/A,WH-009,WH-003,STANDARD
PKG-004625, 174.5374758102372 ,WH-029,WH-087,URGENT
PKG-004626,null,WH-075, WH-015 ,URGENT
PKG-004627,328.33, WH-094 ,WH-067,STANDARD
PKG-004628,389.49,WH-027,WH-057,URGENT
PKG-004629,376.29,WH-090,WH-067,STANDARD
PKG-004630,118.79,,WH-099,LOW
PKG-004631,9.25,WH-009,WH-042,LOW
PKG-004632,447.55,WH-015,WH-087,low
PKG-004633,162.00,WH-003,WH-070,URGENT
PKG-004634,162.06,WH-100,WH-056,STANDARD
PKG-004635,,WH-075,WH-082,STANDARD
PKG-004636,375.25,WH-030,WH-081,URGENT
pkg-004637,91.65,WH-042,wh-094,LOW
PKG-004638,28.48,WH-061, WH-007 ,LOW,
PKG-004639,33.10,WH-062, WH-012 ,STANDARD
PKG-004640,159.69,WH-038,WH-022,LOW
PKG-004641,230.49,WH-057,WH-042,URGENT
PKG-004642,411.09, WH-077 ,WH-048,URGENT
PKG-004643,57.29,WH-039,WH-093,STANDARD

PKG-004644,369.94,WH-029,WH-021,STANDARD
PKG-004645,384.5341285192012kg,WH-092,WH-074,
PKG-004646,182.44,wh-059,WH-006,LOW
PKG-004647,192.25,WH-008,WH-057,URGENT
PKG-004648,265.79,WH-081,WH-065,URGENT
PKG-004649,443.31,WH-064,WH-063,CRITICAL
PKG-004650,121.06,WH-009,WH-029,STANDARD
PKG-004651,487.27,WH-087,WH-004,STANDARD
PKG-004652,422.16,WH-008,WH-052,
PKG-004653,178.26,WH-099,WH-059,LOW
PKG-004654,97.83,WH-040,WH-097,standard
PKG-004655,310.05,WH-009,WH-021,STANDARD
PKG-004656,219.02,WH-026,WH-009,CRITICAL
PKG-004657,383.48,WH-025,WH-004,STANDARD
PKG-004658,437.08,WH-091,WH-047,URGENT
 PKG-004659 ,34.11,WH-036,WH-030,LOW
PKG-004660,40.00,WH-020,WH-017,LOW
PKG-004661,139.24,WH-023,WH-038,LOW
pkg-004662,259.80,WH-018,WH-040,URGENT
 PKG-004663 ,72.86,WH-011,WH-022,STANDARD
 PKG-004664 ,178.19,WH-083,WH-057,URGENT
PKG-004665,225.29, WH-033 ,WH-030,STANDARD
pkg-004666,N/A,WH-033, WH-042 ,URGENT
PKG-004667, 189.50331569279183 ,WH-010,WH-012,low
PKG-004668,34.99,WH-014,WH-083, LOW 
PKG-004669,N/A,WH-059,WH-002,LOW
PKG-004670,131.30,WH-039,WH-084,
PKG-004671,299.21,WH-046,WH-012,LOW
PKG-004672,255.97,WH-011,WH-082,URGENT
PKG-004673,334.82,WH-071,WH-046,NONE
PKG-004674, 248.50425546528828 ,WH-079,WH-005,URGENT
PKG-004675,489.35,WH-020, WH-083 ,low
PKG-004676,404.94,WH-093,WH-030,
PKG-004677,318.23,WH-004,WH-006,LOW
PKG-004678,97.04224305842878kg,WH-062,WH-007,STANDARD
PKG-004679,446.91,WH-048,WH-053,NONE,
 PKG-004680 ,70.64,WH-065,WH-026,STANDARD
PKG-004681,228.84,WH-036,WH-029,URGENT
PKG-004682,102.90,WH-099,WH-084,STANDARD
pkg-004683,,WH-008,wh-045,URGENT
pkg-004684,496.68,WH-035,WH-042,STANDARD
PKG-004685,299.19,wh-092,WH-064,
PKG-004686,175.04,WH-039,WH-068,VIP
PKG-004687,195.43,WH-060,WH-004,STANDARD
PKG-004688,104.71, WH-051 ,WH-075,STANDARD
PKG-004689,100.70,WH-093,WH-021,STANDARD
PKG-004690,372.31,wh-027,WH-043,URGENT
PKG-004691,24.17, WH-099 ,WH-089,LOW
PKG-004692,157.57,WH-084,wh-023,STANDARD
PKG-004693,489.97,WH-067,WH-085,URGENT
PKG-004694,379.07,WH-017,WH-052,URGENT
PKG-004695,342.97,WH-071,WH-064,LOW
PKG-004696,82.37, WH-094 ,WH-092,URGENT
PKG-004697,363.09,wh-011,WH-071,STANDARD
PKG-004698,281.74,WH-012,WH-005,STANDARD
PKG-004699,155.78,WH-015,WH-091,LOW
PKG-004700,16.91,WH-097,WH-050,LOW
PKG-004701,206.36,WH-094,WH-041,EXPRESS
PKG-004702,95.82,WH-096,WH-014,STANDARD
PKG-004703,347.57,WH-090,WH-034,URGENT
PKG-004704,383.07,WH-039,WH-071,LOW
PKG-004705,46.95,WH-097,WH-093,STANDARD
PKG-004706, 24.685524773016972 ,WH-014,WH-057,LOW
PKG-004707,195.60,WH-066,WH-092,LOW
PKG-004708,230.62,WH-054,WH-034,URGENT,
PKG-004709,290.34, WH-024 ,WH-010,STANDARD,
PKG-004710,185.19,WH-031,WH-077, LOW 
PKG-004711,466.55,WH-023,WH-077,LOW
PKG-004712,359.56, WH-011 ,WH-075,STANDARD
PKG-004713,302.41,WH-007,WH-082,URGENT
PKG-004714,86.09,WH-090,WH-099,LOW
PKG-004715,N/A,WH-097,WH-020,URGENT
PKG-004716,52.71,WH-069,WH-036,low
PKG-004717,187.68,WH-050,WH-066,URGENT
PKG-004718,169.60,WH-051,WH-019,STANDARD
PKG-004719,447.78,WH-096,WH-019,LOW
PKG-004720,172.92,WH-083,WH-071,STANDARD
PKG-004721,425.60,WH-057,WH-038,URGENT
,223.09,WH-009,WH-013,STANDARD
PKG-004723,109.13,WH-096,WH-071,LOW
PKG-004724,337.44,WH-004,WH-046,LOW
PKG-004725,318.40,WH-077,WH-030,URGENT
PKG-004726,360.37,WH-019,WH-033, STANDARD 
PKG-004727,23.42,WH-099,WH-086,URGENT
PKG-004728,215.60,WH-083,WH-053,LOW
PKG-004729,19.82,WH-043,WH-029,URGENT
pkg-004730,230.01,,WH-100,LOW
pkg-004731,475.24,WH-089,WH-021,LOW
PKG-004732,317.26,WH-094,WH-023,STANDARD
PKG-004733,77.25,WH-008,WH-047,URGENT
PKG-004734,251.67,WH-040,WH-100,VIP
PKG-004735,253.10,WH-012,WH-040,STANDARD
PKG-004736,161.68,WH-059,WH-042,EXPRESS
PKG-004737,339.82,WH-083,WH-065, STANDARD 
PKG-004738,15.39,WH-053,WH-032,URGENT
PKG-004739,null,WH-013,wh-031,STANDARD
PKG-004740,351.81,WH-084,WH-006,LOW
PKG-004741,95.79,WH-015,WH-030, LOW 
PKG-004742,194.73,WH-001,WH-097,URGENT
PKG-004743,39.44,WH-019,WH-096,LOW
PKG-004744,199.00,WH-060,WH-091,STANDARD
PKG-004745,207.04,WH-039,WH-031,URGENT
PKG-004746,356.26, WH-097 ,WH-069,LOW
PKG-004747,110.28,wh-050,WH-007,STANDARD
PKG-004748,207.85,,WH-049,STANDARD
 PKG-004749 ,195.12,WH-055,WH-099,LOW
 PKG-004750 ,316.69,WH-047,wh-094,URGENT
PKG-004751,N/A,WH-005,WH-095,STANDARD
PKG-004752,265.66,WH-022, WH-021 , URGENT 
,320.50,WH-013,WH-094,STANDARD
PKG-004754,485.50,WH-066,WH-029,LOW
PKG-004755,322.68,WH-014,WH-046,STANDARD
PKG-004756,213.14,WH-022,WH-020,URGENT
PKG-004757,359.63,WH-085,WH-023,URGENT
PKG-004758,,WH-038, WH-064 ,LOW

PKG-004759,483.16,wh-092,WH-100,VIP
PKG-004760,378.56,WH-090,wh-044,
PKG-004761,170.00,WH-032,,
PKG-004762,339.17,WH-045,WH-087,STANDARD
PKG-004763,351.48,WH-065,WH-023
PKG-004764,237.63,WH-012,WH-015,STANDARD
PKG-004765,7.61,WH-049,WH-048,STANDARD
PKG-004766,166.70,WH-060,WH-078,URGENT
PKG-004767,442.01,WH-009,WH-090,urgent
PKG-004768,388.06,WH-002,WH-055,URGENT
 PKG-004769 ,273.15,WH-090,WH-043,LOW
PKG-004770,N/A,WH-001,WH-039,LOW
PKG-004771,298.10,WH-092,,NONE
PKG-004772,240.66,WH-083,WH-011,STANDARD
PKG-004773,237.01,WH-005,WH-068,LOW
PKG-004774,302.09,WH-026,WH-002,URGENT
PKG-004775,329.53,WH-050, WH-073 ,LOW
PKG-004776,284.21,WH-066,WH-015,LOW
 PKG-004777 ,37.10,WH-067,WH-032,URGENT
PKG-004778,162.55, WH-082 ,WH-007,STANDARD
PKG-004779,114.35,WH-042,WH-013,LOW
PKG-004780,394.33,WH-089,WH-041,URGENT
PKG-004781,424.54,WH-035,WH-027,STANDARD
PKG-004782,253.19, WH-062 ,WH-090,STANDARD
PKG-004783,222.46,WH-054,WH-092,EXPRESS
PKG-004784,146.05,WH-075,WH-008,CRITICAL
pkg-004785,468.12,WH-098,WH-041,EXPRESS
PKG-004786,184.05,WH-068,WH-074, LOW 
PKG-004787,108.77,WH-075,WH-051,STANDARD
PKG-004788,378.48,WH-027,WH-023,STANDARD
PKG-004789,381.63,WH-094,WH-075,URGENT

PKG-004790,369.13,,WH-073,LOW
PKG-004791,null,WH-034,WH-001,URGENT
PKG-004792,460.62, WH-072 ,WH-080,LOW
PKG-004793,152.27,WH-038,WH-043,URGENT
PKG-004794,345.95,wh-069,WH-027,STANDARD
PKG-004795,63.81,WH-018, WH-046 ,LOW
PKG-004796,341.77,WH-039,WH-027,STANDARD
PKG-004797,294.44,WH-001,WH-019,STANDARD
PKG-004798,327.02,WH-024,WH-100
pkg-004799,371.13,WH-049,WH-069,URGENT
PKG-004800,105.45,WH-009,WH-097,URGENT
PKG-004801,301.13,WH-063,WH-083,STANDARD
PKG-004802,275.38,WH-068,WH-064,URGENT
PKG-004803,150.13,WH-094,WH-032,URGENT
PKG-004804,75.56,WH-050,WH-060,LOW
PKG-004805,11.83,WH-059,WH-063,URGENT
PKG-004806,173.09,WH-097,WH-036,URGENT
PKG-004807, 486.6947692056801 ,WH-010, WH-053 ,STANDARD
PKG-004808,96.66,WH-081,WH-094,LOW
PKG-004809,225.89,WH-025,WH-017,URGENT
PKG-004810,205.75,WH-040,WH-050,URGENT
PKG-004811,180.69,,WH-042
,275.67,WH-084,WH-039,NONE
PKG-004813,112.38,WH-085,WH-079,STANDARD
PKG-004814,87.28, WH-025 ,WH-095,LOW
PKG-004815,163.06,WH-083,WH-063,low
PKG-004816,178.35,WH-049,WH-041
PKG-004817,491.09,WH-011,WH-039,URGENT
pkg-004818,408.82,wh-007,WH-093,CRITICAL
PKG-004819,279.09,WH-003,WH-004,LOW
PKG-004820,153.64,WH-041,WH-081, LOW 
PKG-004821,294.29,WH-073,WH-065,STANDARD

PKG-004822,12.21,WH-070,WH-037,LOW
PKG-004823,166.32,WH-054,WH-100,LOW
PKG-004824,340.25,WH-017,WH-100,EXPRESS
PKG-004825,416.28,WH-078,WH-012,URGENT
PKG-004826,397.71,WH-073,WH-030,low
PKG-004827,115.80,WH-090,WH-027,LOW
PKG-004828,424.79,WH-049,WH-015,LOW
PKG-004829,N/A,wh-067,WH-090,URGENT
PKG-004830,157.11,WH-084,WH-048,STANDARD
PKG-004831,6.10,WH-091,WH-063,URGENT
PKG-004832,299.62,WH-015,WH-003,STANDARD
PKG-004833,283.02,WH-087,WH-047,LOW
PKG-004834,378.59,WH-001,WH-043,URGENT
PKG-004835,439.94,WH-028,WH-100,URGENT
PKG-004836, 130.90964656941762 ,WH-050,WH-095,STANDARD
PKG-004837,380.13,WH-015,WH-090,URGENT
 PKG-004838 ,288.60,WH-079,WH-030,URGENT
PKG-004839,314.46,WH-010,WH-066,LOW
PKG-004840,37.61,WH-085,WH-011,STANDARD
PKG-004841,278.93,wh-061,WH-031,URGENT
PKG-004842,171.72840634579148kg,WH-023,WH-090,low
PKG-004843,121.06,,WH-047,STANDARD
PKG-004844,81.61,WH-063,wh-029,STANDARD
PKG-004845,302.00,WH-085,wh-037,URGENT
PKG-004846,null,WH-071,WH-084,VIP
PKG-004847,74.80,WH-094,wh-012,LOW
PKG-004848,54.51,WH-054,WH-024,EXPRESS
PKG-004849,424.29,WH-041,WH-071,
PKG-004850,230.90,WH-062,WH-088,URGENT
PKG-004851,311.50,WH-013,WH-001,STANDARD
PKG-004852,288.01,WH-098,WH-054,LOW
PKG-004853,317.45,WH-061,WH-085,STANDARD
PKG-004854,295.11,WH-018,WH-094,STANDARD
PKG-004855,256.86,WH-020,WH-022,LOW
PKG-004856,269.21, WH-025 ,WH-062,STANDARD
PKG-004857,120.26,WH-044,WH-051,URGENT
PKG-004858,110.97,WH-075,WH-004,URGENT
PKG-004859,200.36,WH-054,WH-023,URGENT
PKG-004860,126.29,WH-084,WH-032,LOW
PKG-004861,496.10, WH-023 ,WH-002,URGENT
PKG-004862,79.75,WH-086,WH-009,URGENT
PKG-004863,388.14,WH-040,WH-085,LOW
PKG-004864,111.14,WH-041,WH-009,STANDARD
PKG-004865,440.00,WH-091,WH-017,STANDARD
PKG-004866,99.05,WH-054,WH-081,URGENT
PKG-004867,410.68,WH-067,WH-071,STANDARD
PKG-004868,244.74,WH-020,WH-034,URGENT
pkg-004869,473.51,WH-074,WH-046,LOW
PKG-004870,128.71,WH-078,WH-089,STANDARD
PKG-004871,154.80,WH-007,,STANDARD
PKG-004872,409.97,WH-065,WH-092, URGENT 
pkg-004873,360.04,WH-074,WH-034,URGENT
PKG-004874,237.44,WH-055,WH-065,STANDARD
PKG-004875,459.91,WH-075,WH-001,STANDARD
PKG-004876,44.34,WH-088,wh-017,STANDARD
PKG-004877,483.78,WH-052,wh-085,STANDARD
PKG-004878, 106.14420503422694 ,wh-023,WH-040,URGENT
PKG-004879,343.67,WH-004,WH-097,
 PKG-004880 ,92.27,WH-079,WH-016,STANDARD
PKG-004881,130.83,WH-024,WH-085,URGENT
PKG-004882,370.79,WH-084,WH-053,LOW
 PKG-004883 ,null,WH-088,WH-013,LOW
PKG-004884,193.32,WH-083,WH-057,URGENT
pkg-004885,47.71,WH-042,WH-045,URGENT
 PKG-004886 ,310.50,WH-066,WH-094,STANDARD
PKG-004887,62.19,WH-005,WH-081,LOW
PKG-004888,428.03,WH-089,WH-028,LOW
PKG-004889,319.58,WH-012,WH-075,NONE
PKG-004890,143.42,WH-050,WH-028,STANDARD
PKG-004891,76.77,WH-026,WH-066,STANDARD
 PKG-004892 ,25.91,WH-015,WH-074,STANDARD
PKG-004893,261.99,WH-065,wh-077
PKG-004894,312.70,WH-079,WH-001,URGENT
PKG-004895,57.32, WH-027 ,WH-070,STANDARD
PKG-004896,346.90,WH-099,WH-027,urgent
PKG-004897,437.21,WH-055,WH-050,STANDARD
PKG-004898,406.87,WH-080,WH-043,STANDARD
PKG-004899,180.50,wh-001,WH-017,URGENT
PKG-004900,223.84,WH-007,WH-009,URGENT
PKG-004901,null,WH-056,WH-018,STANDARD
PKG-004902,114.55,WH-045,WH-022, URGENT 
PKG-004903,496.48,WH-085,WH-017,LOW
PKG-004904,314.84,WH-097,WH-015,standard
PKG-004905, 420.40388540932486 ,WH-001,WH-028
PKG-004906,143.02, WH-023 ,WH-019,LOW
 PKG-004907 ,105.00,WH-021,WH-033,LOW
PKG-004908,249.55,WH-053,WH-057,LOW
PKG-004909,339.81, WH-070 ,WH-082,URGENT
PKG-004910,426.83747650508224kg,WH-016,WH-021,STANDARD
PKG-004911,375.18,WH-002,WH-045,URGENT
pkg-004912,265.99,WH-028,WH-015,LOW
PKG-004913,381.73,WH-087,WH-044,URGENT
pkg-004914,45.79,WH-039,WH-006, URGENT 
PKG-004915,458.87,WH-078,WH-046,STANDARD
PKG-004916,399.76,WH-026,WH-013,LOW
PKG-004917,423.34,WH-006,WH-015,STANDARD
PKG-004918,92.77,WH-015,WH-085,STANDARD
PKG-004919,145.44,WH-057,WH-095, LOW 
PKG-004920,56.69,WH-026,WH-010,LOW
PKG-004921,422.71,WH-018,WH-100,STANDARD
PKG-004922,408.80,WH-023,WH-043,STANDARD
PKG-004923,438.62,WH-017,wh-032,STANDARD
 PKG-004924 ,N/A,WH-007,WH-071,STANDARD
PKG-004925,189.24,WH-005,WH-081,STANDARD
PKG-004926,492.61,WH-013,WH-041,LOW
PKG-004927,377.28,WH-014,WH-049,STANDARD
PKG-004928,496.17,WH-089,WH-056, URGENT 
PKG-004929,84.43,WH-007,WH-087
pkg-004930,314.44,WH-032,WH-059,low
PKG-004931,,WH-005,WH-088,STANDARD
PKG-004932,204.29,wh-079,WH-086,URGENT
PKG-004933,412.81,WH-016,WH-091,URGENT
PKG-004934,266.07,WH-065,WH-097,LOW
PKG-004935,321.84,wh-030,WH-091,LOW
PKG-004936,446.53,WH-051,WH-030,URGENT
PKG-004937,395.42,WH-074,WH-067,LOW
PKG-004938,179.86,WH-093,WH-078,low
PKG-004939,107.20,WH-023,wh-095,STANDARD
PKG-004940,199.45,WH-022,WH-020,STANDARD
PKG-004941,null,WH-095,WH-097, LOW 
PKG-004942,198.83399282464393kg,WH-067,WH-098,LOW
PKG-004943,116.85,WH-009,WH-072,standard
PKG-004944,54.98, WH-016 ,WH-079,LOW
PKG-004945,N/A,wh-015,WH-083,VIP
PKG-004946,319.98,WH-068,WH-050,LOW
PKG-004947,462.41,WH-096,WH-028,CRITICAL
PKG-004948,319.91,WH-086,wh-011,URGENT
PKG-004949,188.78,WH-076,WH-040,STANDARD
PKG-004950,49.22,,WH-074,URGENT
PKG-004951,497.51,WH-087,WH-095,STANDARD
PKG-004952,146.48,WH-034,WH-015,LOW
PKG-004953,423.27,WH-046,WH-010,low
PKG-004954,447.40,WH-059,WH-017,URGENT
PKG-004955,73.04,WH-082,WH-036,URGENT
PKG-004956,23.14,WH-096,WH-076,STANDARD
PKG-004957,75.24,WH-026,,LOW
PKG-004958,409.70,WH-024,WH-091,LOW
PKG-004959,367.05,WH-062,,URGENT
 PKG-004960 ,,WH-100,WH-030,STANDARD
PKG-004961,398.56,wh-052,WH-036,URGENT
PKG-004962,269.20,WH-024,WH-018,STANDARD
PKG-004963,112.78,WH-058,WH-006, STANDARD 
PKG-004964,496.81,WH-031,WH-055,LOW
PKG-004965,N/A,WH-036,WH-007,LOW
PKG-004966,408.46,WH-059,WH-069,LOW
PKG-004967,476.37,WH-098,WH-031,STANDARD
PKG-004968,50.27,wh-067,WH-059,STANDARD
PKG-004969,109.50,WH-002,WH-044,STANDARD
PKG-004970,373.35,WH-040,WH-100
PKG-004971,338.92,WH-071,WH-087,STANDARD
PKG-004972,141.14,WH-050,WH-098,URGENT,
PKG-004973,348.68,WH-035,WH-099, STANDARD 
PKG-004974,332.09,WH-096,WH-085,LOW
PKG-004975,372.17,,WH-075,LOW
PKG-004976,435.58,WH-064,WH-093, URGENT 

PKG-004977,270.28,WH-041,WH-048,LOW
PKG-004978,323.19,WH-082,WH-022,low
PKG-004979,284.40,WH-030,WH-059,STANDARD
PKG-004980,54.91,WH-018,WH-002,standard
PKG-004981,402.4489981316803kg,wh-082,wh-026,STANDARD
PKG-004982,106.75,WH-078,WH-028,LOW
 PKG-004983 ,266.32,WH-042,WH-015,STANDARD
PKG-004984,80.26,WH-068, WH-028 ,LOW
PKG-004985,151.59,WH-009,WH-035,STANDARD
PKG-004986,401.19,WH-093,WH-097,LOW
PKG-004987,481.15,WH-079,WH-069,URGENT
PKG-004988,153.28,WH-027,WH-054, STANDARD 
PKG-004989,N/A,WH-032, WH-028 ,URGENT
PKG-004990,92.61,,,URGENT
PKG-004991, 107.40540837894207 ,WH-081,WH-029,STANDARD
PKG-004992,95.39,WH-071,WH-008,URGENT
PKG-004993,179.48,WH-032,WH-042,STANDARD
 PKG-004994 ,84.73,WH-004,WH-069, STANDARD 
PKG-004995,425.84,WH-049,WH-021,LOW
PKG-004996,404.22,WH-025,WH-048,low
PKG-004997,278.96,WH-057,WH-054,LOW
PKG-004998,271.49,WH-098,WH-073,URGENT
PKG-004999,84.34,WH-026,WH-074,STANDARD
PKG-005000,9.04,WH-004,WH-001,STANDARD
PKG-005001,44.62,WH-011,WH-042,STANDARD
PKG-005002, 344.39008458804636 ,WH-070,WH-084,LOW
PKG-005003,68.51,WH-010,WH-037,URGENT
pkg-005004,304.34,WH-086,WH-045, STANDARD 
PKG-005005,,WH-006,WH-043,URGENT
PKG-005006,420.07,WH-073,WH-055,CRITICAL
PKG-005007,147.24,WH-052, WH-044 ,URGENT
PKG-005008,404.81,WH-091,WH-100,LOW
PKG-005009,336.05,WH-032,WH-028,LOW
PKG-005010,370.99,WH-011,WH-061,STANDARD
PKG-005011,437.42,WH-078,WH-067,low
PKG-005012,253.31,WH-028,WH-094,low
PKG-005013,330.09,WH-006,WH-098,NONE
PKG-005014,358.90,WH-005,WH-033,LOW
 PKG-005015 ,20.55,WH-057,WH-017,URGENT
,43.40,WH-013,,URGENT
,368.64,WH-090,WH-081,CRITICAL
PKG-005018,259.88,WH-028,WH-057,URGENT
PKG-005019,313.38,WH-022,wh-056,URGENT
PKG-005020,41.36,WH-063,WH-005,LOW
, 131.50684956401975 ,WH-083,wh-003,STANDARD
PKG-005022,384.79,WH-027,WH-037,URGENT
PKG-005023,38.93, WH-087 ,WH-093,STANDARD
PKG-005024,111.50,WH-068,WH-017,standard
,40.07,WH-042,WH-073,STANDARD
PKG-005026,168.29,WH-007, WH-025 ,URGENT
PKG-005027,457.48,WH-089,WH-011,URGENT
PKG-005028,30.59,wh-087, WH-050 ,STANDARD
 PKG-005029 ,74.71,WH-063,WH-097,STANDARD
PKG-005030,201.29,WH-084,WH-080,URGENT
PKG-005031,255.04,WH-087,WH-080,STANDARD
PKG-005032,350.31,WH-052,WH-089,LOW
PKG-005033,475.82, WH-032 ,WH-039,URGENT
PKG-005034,22.13,WH-044,WH-025,STANDARD
PKG-005035,null, WH-014 ,WH-071,LOW
PKG-005036,43.74,WH-065,wh-099,LOW
PKG-005037,447.50,wh-015,WH-099, LOW 
PKG-005038,27.18,WH-072,WH-090, LOW 
pkg-005039,192.77,WH-085,WH-071,LOW
PKG-005040,417.56,WH-024,,LOW
PKG-005041,125.64,WH-048,WH-060, URGENT 
PKG-005042,247.02,WH-047,WH-038,LOW
PKG-005043,67.79,WH-067,WH-011,LOW
PKG-005044,52.99,WH-091,WH-077,URGENT
PKG-005045,212.27,WH-048,WH-099,STANDARD
PKG-005046,null,WH-044,WH-083,LOW
PKG-005047,114.02,WH-078,WH-020,STANDARD
PKG-005048,478.60,WH-093,WH-029,urgent
pkg-005049,453.66,WH-090,WH-033,URGENT
PKG-005050,299.43,WH-002,WH-056, URGENT 
PKG-005051,269.86,WH-037,,STANDARD
PKG-005052,111.15,WH-026,WH-045,URGENT
 PKG-005053 ,168.95,WH-064,WH-078,URGENT
PKG-005054,29.90,WH-018,wh-068,STANDARD
PKG-005055,42.67,WH-060,WH-034,STANDARD
PKG-005056,448.07,WH-084,WH-074,STANDARD
 PKG-005057 ,224.28,WH-087,WH-070, LOW 
PKG-005058,293.47,WH-071,WH-080,URGENT
PKG-005059,28.77,WH-064,WH-009,STANDARD
PKG-005060,0.68,WH-098,WH-049,STANDARD
PKG-005061,46.39,WH-060,WH-006,standard
PKG-005062,5.50,WH-029,WH-057,STANDARD
PKG-005063,372.31,WH-037, WH-066 ,URGENT
PKG-005064,71.40,WH-010,wh-011,STANDARD
PKG-005065,9.09,WH-079,WH-064,URGENT
PKG-005066,273.32,WH-043,WH-051,URGENT
PKG-005067,69.85,WH-072,WH-094,
PKG-005068, 118.98932750954187 ,WH-044,WH-077,LOW
PKG-005069,448.09,WH-018,WH-006,STANDARD
PKG-005070,388.62,WH-013,WH-027,STANDARD
PKG-005071,400.16, WH-056 , WH-039 ,URGENT
PKG-005072,3.06,WH-087,,STANDARD
PKG-005073,377.52,WH-038,WH-041,LOW
PKG-005074,135.57,WH-041,WH-098,STANDARD
PKG-005075,120.34,WH-048,wh-070,STANDARD
PKG-005076,353.79, WH-054 ,WH-038, LOW 
PKG-005077, 236.0278574001166 ,WH-083,WH-078,STANDARD
PKG-005078,285.02,WH-051,WH-078,LOW
PKG-005079,167.23,WH-005,WH-085,LOW
PKG-005080,430.92,wh-038,WH-064,URGENT
PKG-005081,44.45,WH-024, WH-069 ,URGENT
PKG-005082,33.23, WH-065 ,WH-002,URGENT
PKG-005083,132.98,WH-033,WH-060,URGENT
PKG-005084,302.49,WH-098,WH-084,URGENT
PKG-005085,131.96,WH-020,WH-014,LOW
PKG-005086,113.57,WH-085,WH-069,
PKG-005087,338.03,WH-089,WH-088,STANDARD
PKG-005088,162.81,WH-063,WH-033,URGENT
PKG-005089,315.01,WH-020,WH-061,LOW
PKG-005090,171.09,WH-041, WH-028 ,LOW
PKG-005091,244.18,wh-019,,VIP
 PKG-005092 ,42.47,WH-021, WH-066 ,STANDARD
PKG-005093,7.90,WH-057,WH-007,URGENT
pkg-005094,373.02, WH-086 ,WH-048,URGENT
PKG-005095,181.20,WH-081,WH-076,URGENT
PKG-005096,378.02,WH-057,WH-004,LOW
PKG-005097,468.63,WH-008,WH-088, URGENT 
PKG-005098,85.26,WH-043,WH-086,URGENT
PKG-005099,176.61,WH-090,WH-067,STANDARD
PKG-005100,46.98,WH-015,WH-086,LOW
PKG-005101,268.52,WH-059,WH-027,standard
PKG-005102,499.26,WH-100,WH-075,URGENT
PKG-005103,324.65,WH-034,WH-098,STANDARD

PKG-005104,344.46,WH-031,WH-090,URGENT
PKG-005105,23.54,WH-051,WH-035,URGENT
PKG-005106,263.50,WH-004,WH-023,URGENT
 PKG-005107 ,332.30,WH-047,WH-021,STANDARD
PKG-005108,56.32,WH-073,WH-076,URGENT
PKG-005109,10.82,WH-083,WH-037,urgent
PKG-005110,110.51,WH-098,WH-034, STANDARD 
PKG-005111,349.48,WH-009,WH-057,LOW
pkg-005112,468.51,WH-027,WH-075,LOW
PKG-005113,344.42,WH-018,wh-010,STANDARD
PKG-005114,159.49,WH-015, WH-044 ,STANDARD
PKG-005115,41.13,WH-097,WH-069,URGENT
PKG-005116,218.13,WH-093,WH-040,STANDARD
PKG-005117,286.22,WH-089,WH-040,URGENT
PKG-005118, 207.7901309465674 ,WH-020,WH-008,URGENT,
PKG-005119,,WH-093,WH-024,STANDARD
PKG-005120,246.72,WH-056,wh-086,STANDARD
pkg-005121,255.65,WH-029,WH-050,CRITICAL
PKG-005122,356.83,WH-097,WH-047,LOW
PKG-005123,17.12,WH-068,WH-042,STANDARD
PKG-005124,239.37,WH-079,WH-008,URGENT
PKG-005125,433.93,WH-020,WH-024,LOW
PKG-005126,169.07,WH-068,WH-062,STANDARD
pkg-005127,68.74,WH-089,wh-080,LOW
PKG-005128,89.83,WH-076,WH-073,
PKG-005129,39.75,WH-029,WH-010,STANDARD
PKG-005130,363.47,WH-039,WH-057,STANDARD
PKG-005131,42.59,WH-044,WH-057,STANDARD
PKG-005132,175.67,WH-058,WH-080,STANDARD
PKG-005133,14.82,WH-041,WH-097,STANDARD
PKG-005134,151.78,WH-055,WH-032,LOW
PKG-005135,74.12,WH-002,WH-005,LOW
 PKG-005136 ,433.25,,WH-034,STANDARD
pkg-005137,350.69,WH-091,WH-014,NONE
PKG-005138,206.95,WH-099,WH-024, STANDARD 
PKG-005139,233.82,WH-020,WH-097,URGENT
PKG-005140,216.12,WH-077, WH-067 ,URGENT,
PKG-005141,,WH-059,WH-062,LOW
PKG-005142,477.43,wh-088,WH-040,STANDARD
PKG-005143,314.67,WH-058,WH-084,STANDARD
PKG-005144,122.57,WH-063,WH-097,LOW
 PKG-005145 ,391.82,WH-018,WH-025,STANDARD
PKG-005146,314.35,WH-030,WH-001,VIP
PKG-005147,235.51,WH-022,WH-004,STANDARD
PKG-005148,487.68,WH-051,WH-011,STANDARD
PKG-005149,135.75,WH-086,WH-091,LOW,
PKG-005150,387.03,WH-026,WH-056,LOW
PKG-005151,293.73795301214415kg,WH-085,WH-054,LOW
PKG-005152,329.85,WH-070,WH-041,STANDARD
pkg-005153,262.96,WH-056,WH-027,STANDARD
PKG-005154,121.54,wh-090,WH-049,LOW
PKG-005155,45.79,WH-093,WH-026,LOW
PKG-005156,391.04,WH-089,WH-098,LOW
PKG-005157,313.77,WH-077,wh-052,STANDARD
PKG-005158,291.85,WH-052,WH-051,STANDARD
PKG-005159,84.52,WH-022,WH-049,STANDARD
PKG-005160,416.95,WH-031,WH-029,LOW
PKG-005161,70.04,WH-068,WH-063,URGENT
PKG-005162,4.68,WH-011,WH-025,LOW
pkg-005163,76.44,WH-004, WH-059 ,URGENT
PKG-005164,63.73,WH-082,WH-015,URGENT,
PKG-005165,412.75,WH-076,WH-092,STANDARD
PKG-005166,354.84,WH-046,WH-039,STANDARD
PKG-005167,278.54,WH-069,WH-017,
PKG-005168,236.25,WH-007,wh-015,STANDARD
PKG-005169,66.98,WH-024,WH-059,CRITICAL

PKG-005170,70.05,WH-026,WH-065,NONE
PKG-005171,441.70, WH-096 ,WH-080,STANDARD
PKG-005172, 321.5870538317334 , WH-016 ,,LOW
PKG-005173,240.49,WH-021,WH-082,URGENT
PKG-005174,3.70,WH-060,WH-082,STANDARD
PKG-005175,210.89,WH-086,WH-006,STANDARD
PKG-005176,386.45,WH-097,WH-086,STANDARD
PKG-005177, 200.71599609457732 ,WH-021,WH-031, STANDARD 
PKG-005178,265.11,WH-065,WH-100
pkg-005179,464.13,WH-047, WH-036 ,URGENT
PKG-005180,418.40,WH-071,WH-030,LOW
PKG-005181,103.91,WH-044,WH-017,STANDARD
PKG-005182,66.95,WH-030,WH-078,URGENT
PKG-005183,338.99,WH-003,WH-032,LOW
PKG-005184,191.74,WH-038,WH-096,STANDARD
PKG-005185,253.66,WH-059, WH-093 ,LOW
,492.99,wh-058, WH-005 ,VIP
PKG-005187,257.13,WH-060,WH-059,LOW
,447.41,WH-039,WH-059,standard
PKG-005189,434.78,WH-091,WH-010,STANDARD
PKG-005190,263.64,WH-005,WH-084,URGENT
PKG-005191,51.41,wh-077,WH-055,LOW
PKG-005192,435.80,WH-087,WH-062,URGENT
PKG-005193,389.89,WH-001,WH-091,LOW
PKG-005194,259.18,WH-008,WH-073,STANDARD
PKG-005195,274.11,WH-044,WH-082,LOW
 PKG-005196 ,107.11,WH-049,WH-045,URGENT
PKG-005197,4.39,wh-026,WH-084,low
PKG-005198,358.84,WH-091,WH-071,LOW
PKG-005199,148.54,WH-076,WH-084,STANDARD
PKG-005200,35.30,WH-029,WH-032,URGENT
PKG-005201,358.03,WH-041,WH-080,EXPRESS
PKG-005202,286.60,WH-090,WH-035,LOW
PKG-005203,231.16,WH-027,WH-029,URGENT
PKG-005204,40.29,WH-037,WH-098,VIP
PKG-005205,468.95,WH-066,WH-096,NONE
PKG-005206,464.16,WH-096,WH-069,LOW
PKG-005207,16.14, WH-002 ,WH-084,URGENT
PKG-005208,291.02,WH-001,WH-022,STANDARD
PKG-005209, 476.4769702543296 ,WH-020, WH-098 ,LOW
 PKG-005210 ,240.90,WH-005,WH-013,URGENT

PKG-005211,203.90,WH-039,WH-073,URGENT
PKG-005212,109.87,WH-052,WH-016,URGENT
PKG-005213,335.18,WH-095,WH-033,STANDARD
PKG-005214,456.46,WH-006,WH-069,STANDARD
PKG-005215,9.71,wh-039,WH-073,STANDARD
PKG-005216,382.29,WH-073,WH-030,
PKG-005217,455.87,WH-028,WH-054, URGENT 
PKG-005218,230.30,WH-088,WH-032, URGENT 
PKG-005219,102.33,WH-094,WH-019,LOW
PKG-005220,251.29, WH-071 ,WH-093, LOW 

PKG-005221,253.81,WH-078,WH-041,LOW
PKG-005222,N/A,wh-050,WH-053,low
PKG-005223,49.90, WH-068 ,WH-011,LOW
PKG-005224,147.82,WH-041,WH-003, URGENT 
PKG-005225,259.50,WH-067,WH-033,standard
PKG-005226,34.70,WH-091,WH-001,CRITICAL
PKG-005227,402.07,WH-086,WH-095,LOW
PKG-005228,130.02,WH-089,WH-009,URGENT
PKG-005229,183.74,WH-055,WH-094,urgent

PKG-005230,266.03,WH-046,WH-014,LOW
PKG-005231,19.53,WH-010,WH-031,LOW
PKG-005232,37.28,WH-027,WH-081,
PKG-005233, 2.6626794467942876 ,WH-065,WH-010,LOW
PKG-005234,394.38,WH-022,WH-006,URGENT
 PKG-005235 ,497.19,WH-062,WH-026,URGENT
 PKG-005236 ,275.079642230205kg,WH-072,wh-067,URGENT
PKG-005237,158.13,wh-031,WH-061,low
PKG-005238,386.20,WH-074,WH-083,URGENT
PKG-005239,N/A,wh-096,WH-031,STANDARD
PKG-005240,137.54,WH-002,WH-062,URGENT
PKG-005241,36.51,WH-092,wh-002,URGENT
PKG-005242,62.64,WH-053,WH-092,CRITICAL
 PKG-005243 ,0.51,WH-028,WH-051,STANDARD
PKG-005244,448.71,WH-057,WH-040,LOW
PKG-005245,11.43,WH-039,WH-035,URGENT
PKG-005246,163.21,WH-002,WH-073,URGENT
PKG-005247,3.02,WH-010,WH-048,standard
PKG-005248,52.03,WH-066,WH-006,URGENT
PKG-005249,383.88,WH-033,WH-031,STANDARD
PKG-005250,214.44,WH-044,WH-047,
PKG-005251,294.20,WH-005,WH-072,STANDARD
PKG-005252,364.39,WH-084,WH-008,URGENT
PKG-005253,330.89,WH-071,WH-082,URGENT
PKG-005254,392.69, WH-043 ,WH-004,URGENT
PKG-005255,172.47,WH-044,WH-002,LOW
PKG-005256,N/A,WH-013,WH-023,URGENT
PKG-005257,222.46,wh-039,WH-058,LOW
PKG-005258, 472.10138697711903 ,WH-035,WH-058, STANDARD 
PKG-005259,112.34,WH-097,WH-078,STANDARD
PKG-005260,123.70,WH-094,WH-033,LOW
PKG-005261,175.67,WH-036,WH-079,URGENT
PKG-005262,213.20,WH-060,WH-043,LOW
PKG-005263,377.20,WH-086,WH-092,LOW
PKG-005264,473.54,WH-006,WH-056,LOW
PKG-005265,454.81,WH-042,WH-054,URGENT
PKG-005266,440.97,WH-072,WH-054,LOW
PKG-005267,192.92,,WH-025,LOW
PKG-005268,463.93,WH-045,WH-042,LOW
PKG-005269,14.91,WH-055,WH-038,STANDARD
PKG-005270,379.15,WH-075,WH-080, URGENT 
PKG-005271,199.03,WH-027,WH-078,URGENT
PKG-005272,153.03,WH-001,WH-028,STANDARD
PKG-005273,220.41, WH-072 ,WH-056,LOW
PKG-005274,383.00,WH-056,WH-045,STANDARD
PKG-005275,471.32,WH-079, WH-063 ,URGENT
PKG-005276,194.35,WH-033,WH-099,LOW
PKG-005277,217.22,WH-016,WH-093,STANDARD
PKG-005278,258.54,WH-088,WH-004,URGENT
PKG-005279, 218.09815461313957 ,WH-074,WH-065,STANDARD
PKG-005280,376.36,WH-008,WH-068, URGENT 
PKG-005281,36.58,WH-041,wh-068,URGENT
PKG-005282,471.12,WH-075,WH-090,LOW
 PKG-005283 ,441.56,WH-072, WH-044 ,LOW
PKG-005284,260.79,WH-033,WH-018,standard
PKG-005285,365.81,WH-048,WH-010,URGENT
PKG-005286,335.99,WH-005,WH-002,URGENT
PKG-005287,142.49,WH-065,WH-069,URGENT
PKG-005288,483.74,WH-089,WH-067,STANDARD
PKG-005289,242.60,WH-002,wh-069,STANDARD
PKG-005290,317.55,WH-015, WH-073 ,STANDARD
PKG-005291,107.23,WH-022,WH-032,URGENT
 PKG-005292 ,135.08,WH-036,wh-071,LOW
PKG-005293,449.30,WH-073,WH-049,
PKG-005294,169.63,WH-054,WH-072,STANDARD
PKG-005295,322.54,WH-019,wh-033,LOW
PKG-005296,14.26,WH-055,WH-037,STANDARD
PKG-005297,2.10,WH-046,WH-060,STANDARD
PKG-005298,463.83,WH-082,WH-067,URGENT
PKG-005299,448.48,WH-016,WH-014,STANDARD
PKG-005300,339.00,WH-038, WH-100 , URGENT 
PKG-005301,385.25,WH-068,WH-073,STANDARD
PKG-005302,82.82,WH-088,WH-008,URGENT
PKG-005303,406.65,WH-026,WH-053,URGENT
PKG-005304,297.49, WH-070 , WH-079 ,LOW
PKG-005305,377.52,WH-057,WH-031,STANDARD
PKG-005306,310.69,WH-057,WH-021,URGENT
PKG-005307,472.08,WH-017,WH-067,EXPRESS
PKG-005308,252.11,WH-076,WH-034,STANDARD
PKG-005309,,WH-096,WH-026, STANDARD 
PKG-005310,132.92,WH-081,WH-087
PKG-005311,61.59,WH-071,WH-006,URGENT
PKG-005312,39.57, WH-082 ,wh-090,URGENT
PKG-005313,223.79,WH-062,WH-024,URGENT
PKG-005314,422.0229870263288kg,WH-086,WH-030, URGENT 
PKG-005315,325.58,WH-022,WH-066,LOW
PKG-005316,13.69,WH-076,WH-099,STANDARD
PKG-005317,398.19,WH-063,WH-085,URGENT
PKG-005318,208.91,WH-059,WH-074,LOW
PKG-005319,47.97,WH-019,WH-092,low
PKG-005320,85.79,WH-100,WH-008,LOW
PKG-005321,495.30,WH-084,WH-073,STANDARD
pkg-005322,178.70,wh-008,WH-064,STANDARD
PKG-005323,40.23,WH-092,WH-071,URGENT
PKG-005324,100.61,WH-013,WH-070,URGENT
PKG-005325,266.37,WH-015,WH-001,URGENT
PKG-005326,,wh-016,,STANDARD
PKG-005327,91.72,WH-005,WH-020,URGENT
PKG-005328,475.36,WH-100,WH-018,URGENT
PKG-005329,59.11,WH-007,WH-099,LOW
PKG-005330,127.77,WH-042,WH-073,LOW
pkg-005331,97.85,WH-024,WH-067,LOW
PKG-005332,325.46,WH-050,WH-073, URGENT 
PKG-005333,99.11,WH-039,WH-088,STANDARD
PKG-005334,205.89,WH-009,WH-072,URGENT
PKG-005335,466.47,WH-003,WH-045,URGENT
PKG-005336,355.26,WH-015,WH-021, LOW 
PKG-005337,194.36,WH-020,WH-046, STANDARD 
PKG-005338,161.90,WH-034,WH-015,URGENT
PKG-005339,481.70,wh-071,WH-028,urgent
PKG-005340,105.83,WH-088, WH-007 ,URGENT
PKG-005341,488.32,WH-073,WH-052,STANDARD
PKG-005342,497.12, WH-031 ,WH-037,urgent
PKG-005343,426.43,WH-005,WH-066, STANDARD 
PKG-005344,20.11,WH-012,WH-001,LOW
PKG-005345,494.34, WH-098 ,WH-004, STANDARD 
PKG-005346,248.5408394802897kg,WH-052,WH-095,URGENT
PKG-005347,150.26,WH-095,WH-090,LOW
pkg-005348,303.44,WH-010,WH-033,LOW
PKG-005349,487.31,WH-086,WH-035,URGENT
PKG-005350,158.87,WH-070, WH-078 ,standard
 PKG-005351 ,88.39,wh-083,WH-008,URGENT
PKG-005352,187.82,WH-060,WH-063,URGENT
PKG-005353,256.87,WH-075,WH-070,NONE
PKG-005354,152.67,WH-043,WH-082,LOW
PKG-005355,,WH-018,WH-011,CRITICAL,
PKG-005356,452.86,WH-033,WH-003,low
PKG-005357,90.88,WH-037,WH-100,LOW
PKG-005358,132.91,WH-087, WH-015 ,STANDARD
PKG-005359,439.66,WH-083,WH-059,LOW
PKG-005360,446.02,WH-036,WH-044
PKG-005361,298.21,wh-077,WH-016,LOW
PKG-005362,463.78,WH-010,WH-018,LOW
PKG-005363,409.62,WH-071,WH-008,LOW
PKG-005364,228.15,WH-090,WH-069,LOW
PKG-005365,N/A,WH-042, WH-008 ,LOW
PKG-005366,411.70,WH-045,WH-079,STANDARD
PKG-005367,160.72, WH-025 ,WH-073,STANDARD
PKG-005368,76.45,WH-041,WH-076,STANDARD
PKG-005369,387.79,WH-003,WH-014
PKG-005370,95.47,WH-096,,STANDARD
PKG-005371,155.60,WH-072,WH-089,URGENT
PKG-005372,394.43,WH-082,WH-085,STANDARD
PKG-005373,80.62,WH-077,WH-039,CRITICAL
PKG-005374,460.21,WH-037,WH-084,STANDARD
PKG-005375,362.89,WH-038,WH-066,LOW
PKG-005376,341.28,WH-091,WH-047,LOW
PKG-005377,271.63,WH-076,WH-067,URGENT
PKG-005378,263.95,WH-063,WH-042,URGENT
PKG-005379,82.37,WH-031, WH-054 ,urgent
pkg-005380,298.15,WH-034,WH-006,EXPRESS
PKG-005381,137.72,WH-034,WH-030,STANDARD
PKG-005382,352.78,WH-039,WH-005,URGENT
pkg-005383,137.39,WH-089, WH-075 ,STANDARD
PKG-005384,211.69,wh-072,WH-038,STANDARD
PKG-005385,280.85,wh-051,WH-062,LOW
PKG-005386,499.02,WH-033,WH-065,URGENT
PKG-005387,217.63,WH-015,WH-052,STANDARD
PKG-005388,81.99,WH-079,WH-098,URGENT
PKG-005389,303.82,WH-013,WH-075,LOW
PKG-005390,101.81, WH-090 ,WH-045,STANDARD
PKG-005391,160.13,WH-053,WH-055,LOW
PKG-005392,384.32,WH-082,WH-039,URGENT
PKG-005393,208.62,WH-079,WH-060,LOW
pkg-005394,234.34,WH-001,WH-017,STANDARD
PKG-005395,136.94,WH-071,wh-064,URGENT
PKG-005396,0.74,WH-016,WH-048,LOW
PKG-005397,279.78,WH-088,WH-046,LOW
PKG-005398,222.05,WH-024,WH-098,LOW
PKG-005399,100.50,wh-041,WH-015,URGENT
PKG-005400,336.94,WH-086,WH-066,STANDARD
PKG-005401, 405.72185646698904 ,WH-032,WH-029, LOW 
PKG-005402,344.77,WH-025,WH-085,URGENT
PKG-005403,128.24,WH-042,WH-016,STANDARD
PKG-005404,254.46,WH-024,WH-016, STANDARD 
PKG-005405,14.80,WH-042,WH-043,URGENT
PKG-005406,444.54,WH-075,WH-040,URGENT
PKG-005407,104.17,WH-070,WH-056,STANDARD
PKG-005408,435.88,WH-065,WH-073,low
PKG-005409,360.04,WH-092,WH-060,STANDARD
PKG-005410,490.80,WH-034,WH-066,LOW
PKG-005411,199.60,WH-055,WH-062,STANDARD
PKG-005412,390.38,WH-093,WH-089,CRITICAL
PKG-005413,373.03,WH-095,WH-037,LOW
PKG-005414,134.63,WH-032,WH-074,LOW
PKG-005415,321.74,WH-077,WH-047,STANDARD
PKG-005416,412.77,WH-012,WH-046
PKG-005417,359.23,WH-060,WH-018,URGENT
PKG-005418,68.85,WH-092,WH-044,STANDARD
PKG-005419,469.82,WH-043,WH-013,STANDARD
,11.30,WH-011,WH-024,URGENT
PKG-005421,174.20,WH-012,WH-086,STANDARD
PKG-005422,464.40,WH-005,WH-020,standard
PKG-005423,190.10,WH-085,wh-029,EXPRESS
PKG-005424,156.44,WH-057,WH-076,URGENT
PKG-005425,58.89,WH-028,WH-054,URGENT
PKG-005426,35.06,WH-051,WH-068,URGENT
pkg-005427,453.21,WH-028,WH-004,standard
PKG-005428,250.59,,WH-083,LOW
PKG-005429,207.84,WH-042,WH-063,URGENT
PKG-005430,420.70,WH-090,WH-020,LOW
 PKG-005431 ,71.02,WH-014,WH-062,LOW
PKG-005432,448.49,WH-026,WH-015,LOW
PKG-005433,246.69,,WH-007, LOW 
PKG-005434,298.35,WH-055,WH-013,URGENT
 PKG-005435 ,491.60,WH-020,WH-077,LOW
PKG-005436,124.96,WH-014,WH-005,urgent
PKG-005437,352.76,WH-070,WH-061,STANDARD
PKG-005438,215.94,WH-081,WH-010, STANDARD 
PKG-005439,350.12,WH-041,WH-011,URGENT
PKG-005440,295.05,WH-056,WH-001,STANDARD
PKG-005441,,WH-097,WH-071,LOW
pkg-005442,75.81,WH-032,WH-087,URGENT
PKG-005443,450.01,WH-015,WH-094,URGENT
,496.48,WH-028,WH-087,URGENT
PKG-005445,394.68, WH-093 ,WH-096,STANDARD
pkg-005446,174.53,WH-033,WH-081,STANDARD
pkg-005447,72.13346439984947kg,WH-029,WH-071,urgent
PKG-005448,197.23,WH-047,WH-090
PKG-005449,118.26,WH-016,WH-076,VIP
PKG-005450,415.15,WH-052,WH-008,URGENT
pkg-005451,217.98,WH-087,WH-008,LOW
PKG-005452,N/A,WH-098,WH-087,STANDARD
PKG-005453,64.02,WH-076,WH-034,STANDARD
PKG-005454,101.94,WH-010,WH-086, URGENT 
PKG-005455,377.47,WH-012,WH-091, STANDARD 
PKG-005456,345.87,WH-087,WH-023,standard
PKG-005457,427.51,WH-012,WH-073,URGENT
PKG-005458,142.25,WH-020,WH-044,LOW
PKG-005459,32.92,WH-033,WH-062,LOW
 PKG-005460 ,116.68,WH-082,WH-090,STANDARD
PKG-005461,344.98,WH-098,WH-007,urgent
PKG-005462,490.16,WH-004,WH-084,LOW
PKG-005463,496.58,WH-088,WH-045,
PKG-005464, 399.99684462194546 ,WH-063,WH-048,STANDARD
pkg-005465, 416.33713293444214 ,WH-069,WH-068,STANDARD
PKG-005466,447.74,WH-027,WH-073,STANDARD
PKG-005467,175.41,WH-067,WH-070,STANDARD
 PKG-005468 ,449.71,WH-096,WH-086,URGENT
PKG-005469,487.84,WH-059,WH-062,LOW
PKG-005470,452.55,WH-084,WH-093,NONE
PKG-005471,486.45,WH-051,WH-081,LOW
PKG-005472,85.73,WH-078,WH-064,STANDARD
PKG-005473,434.62, WH-082 ,WH-066,STANDARD
PKG-005474,341.76,WH-058,WH-013,URGENT
PKG-005475,161.15200718824903kg,,WH-098, STANDARD 
PKG-005476,493.41,WH-078,WH-082,LOW
PKG-005477, 145.22140980114884 ,WH-094,WH-055,LOW
PKG-005478,414.00,WH-043,WH-021,URGENT
PKG-005479,153.90,WH-071,WH-094,URGENT
PKG-005480,318.59,WH-085,WH-010,STANDARD
PKG-005481,13.49,WH-072,WH-033,LOW
PKG-005482,205.17,WH-095,WH-078,STANDARD
PKG-005483,436.35,WH-060,WH-064,STANDARD
PKG-005484,374.80,WH-013, WH-048 ,URGENT
PKG-005485, 425.11590552719656 ,WH-050,WH-071,URGENT
PKG-005486,483.28,WH-036, WH-032 , STANDARD 
PKG-005487,, WH-083 ,WH-049,LOW
PKG-005488,393.76,WH-091,WH-043,STANDARD
,179.58,WH-045,WH-026,URGENT
PKG-005490,264.68,WH-013,WH-012,URGENT
PKG-005491,381.32,WH-016,WH-055,STANDARD
PKG-005492,227.22, WH-030 ,WH-065,LOW
PKG-005493,,WH-062,WH-073,LOW
PKG-005494,414.19,WH-052,WH-069,URGENT
PKG-005495,199.18,WH-036,WH-016,URGENT
PKG-005496,437.39,WH-075,WH-023,LOW
PKG-005497,293.18,WH-074,WH-048,STANDARD
PKG-005498,53.10,WH-006,WH-094,URGENT
PKG-005499,435.56,WH-035,WH-044,URGENT
PKG-005500, 393.47954958939465 ,WH-053,WH-067,STANDARD
PKG-005501,395.31,WH-068,WH-057,LOW
PKG-005502,384.37,WH-014,WH-035,LOW
PKG-005503,378.75, WH-014 ,WH-027,LOW
PKG-005504,248.29,WH-097,WH-018,LOW
pkg-005505,214.11,WH-004,wh-091,URGENT
PKG-005506,236.06,WH-086,WH-015,URGENT
pkg-005507,255.38,WH-051,WH-052,STANDARD
PKG-005508,413.69,WH-006,WH-081,STANDARD
PKG-005509,214.0810833832989kg,wh-072,WH-002,URGENT
PKG-005510,289.95, WH-007 ,WH-084,STANDARD
PKG-005511,183.42,wh-095,WH-030, LOW 
PKG-005512,221.17,WH-063,WH-100,LOW
PKG-005513,388.81, WH-083 ,WH-076,URGENT
pkg-005514,490.67,WH-082,WH-078,LOW
PKG-005515,409.95,WH-090,WH-019
PKG-005516,327.86, WH-027 ,WH-024,URGENT
PKG-005517,181.53,WH-046,WH-010,urgent
PKG-005518,46.32,WH-052,WH-068,low
,287.45,WH-017,WH-044,STANDARD

PKG-005520,262.02,WH-043,WH-008,LOW
PKG-005521,87.30,WH-023,WH-048,STANDARD
PKG-005522,191.95,WH-002,WH-053,URGENT
PKG-005523,354.21,WH-057,WH-038,NONE
PKG-005524,339.68,WH-094,WH-037,LOW
PKG-005525,94.35,WH-006,WH-008,LOW
PKG-005526,null,WH-068,WH-031
PKG-005527,null,wh-026,WH-052,URGENT
PKG-005528,436.20,WH-087,WH-077,URGENT
PKG-005529,383.46,WH-099,WH-009,STANDARD
PKG-005530,19.63,WH-005,WH-002
pkg-005531,468.33,WH-031,WH-075,STANDARD
 PKG-005532 ,119.58,WH-055,WH-032,STANDARD
,498.8944219531686kg,WH-097,WH-022,LOW
PKG-005534,170.73, WH-018 ,WH-017, LOW 
PKG-005535,98.47, WH-041 ,WH-096,STANDARD
PKG-005536,351.12,WH-041,WH-024,LOW
,326.85,WH-016,WH-051,URGENT
PKG-005538,20.84,WH-078,WH-042,URGENT
PKG-005539,68.38,WH-093,WH-072,URGENT
PKG-005540,125.82,WH-075,WH-009,LOW
PKG-005541,270.27,WH-010,WH-030,LOW
pkg-005542,275.22,WH-003,WH-004,STANDARD
pkg-005543,210.55,WH-031,WH-041,URGENT
PKG-005544,422.24,WH-034, WH-010 ,CRITICAL
PKG-005545,322.69,WH-041,WH-051,STANDARD
pkg-005546,324.90,WH-035,WH-072,URGENT
PKG-005547,465.34,WH-052,WH-026,LOW
PKG-005548,455.03,WH-083,WH-069,STANDARD
PKG-005549,467.76,WH-025,WH-073,LOW
PKG-005550,342.67, WH-056 ,WH-010,low
PKG-005551,323.16,WH-078,WH-068,STANDARD
PKG-005552,183.98,WH-037,,LOW
PKG-005553,308.42,WH-033,WH-049,LOW
PKG-005554,389.90,WH-057,WH-011,STANDARD
PKG-005555,129.24,WH-029,WH-043,LOW
PKG-005556,454.79,WH-083,WH-073,LOW
PKG-005557,301.93,WH-090,WH-001,STANDARD
PKG-005558,282.15,WH-099,WH-065,STANDARD
PKG-005559,377.13,WH-056,WH-017,URGENT
pkg-005560,,WH-077,WH-074, STANDARD 
pkg-005561,396.48,WH-086,WH-006,LOW
PKG-005562,354.82,WH-074,WH-013,LOW
PKG-005563,492.19,WH-021,WH-013, STANDARD 
PKG-005564,427.81,WH-037,WH-018, URGENT 
PKG-005565,36.14,WH-033,WH-054
PKG-005566,190.27,WH-015,WH-048,STANDARD
PKG-005567,427.95,WH-042,WH-080,standard
,49.14,WH-100,WH-061,LOW
PKG-005569,429.55,WH-099,WH-005,STANDARD
PKG-005570,126.18,WH-051,WH-037, LOW 
PKG-005571,148.79,WH-070,WH-061,LOW
 PKG-005572 ,77.60,WH-026,WH-043,STANDARD
PKG-005573,131.55,,WH-062,STANDARD
PKG-005574,312.60,WH-013,WH-024,STANDARD
PKG-005575,170.54,WH-047,WH-039,CRITICAL
PKG-005576,119.17,WH-049,WH-084,STANDARD
PKG-005577,38.48,wh-013,WH-020,URGENT
PKG-005578,null,WH-007,WH-062,LOW
PKG-005579,351.89,WH-043,WH-022,URGENT
PKG-005580,226.28,WH-012,WH-002,STANDARD
PKG-005581,494.30,WH-027,WH-011,LOW
PKG-005582,209.70,WH-082,WH-058,LOW
PKG-005583,300.26,WH-040,WH-052,URGENT
PKG-005584,376.67,WH-089, WH-025 ,LOW
PKG-005585,61.95,WH-046,WH-022,URGENT
PKG-005586,165.55,WH-079,WH-011,NONE
PKG-005587,190.66,WH-071,WH-061,low
PKG-005588,258.51,WH-054,WH-040,LOW
PKG-005589,474.65,WH-089,WH-062,LOW
PKG-005590,495.43,WH-093,WH-033,STANDARD
PKG-005591,495.07,WH-009,WH-053,URGENT
PKG-005592,54.81,WH-041,WH-094,LOW
PKG-005593,222.95,WH-020,wh-017,urgent
PKG-005594,97.59478546275815kg,WH-083,WH-005,URGENT
PKG-005595,324.63,WH-092,WH-005,CRITICAL
PKG-005596,436.63,wh-086,WH-069,URGENT
PKG-005597,159.94, WH-004 ,WH-005,URGENT
PKG-005598,104.49,WH-012,WH-040,STANDARD
PKG-005599,84.05,WH-048,WH-012, LOW 
PKG-005600,332.99,wh-084,WH-040,LOW
 PKG-005601 ,396.42,WH-072,WH-084, URGENT 
PKG-005602,325.44,WH-037,WH-042,STANDARD
PKG-005603,383.79,WH-059,WH-060,URGENT
PKG-005604,303.51,WH-100,wh-061,LOW
PKG-005605,191.02,WH-047, WH-085 ,STANDARD
PKG-005606,null,WH-071,WH-069,URGENT
PKG-005607,22.70,WH-065,WH-099,STANDARD
PKG-005608,328.22,WH-026,WH-030,STANDARD
PKG-005609,225.80,WH-024,WH-072,URGENT
PKG-005610,37.28,WH-026,WH-038,LOW
PKG-005611,426.97,WH-011,WH-018,STANDARD
PKG-005612,5.60,WH-024,WH-065, STANDARD 
PKG-005613,381.98,WH-037,WH-075,CRITICAL
pkg-005614,110.69,WH-050,WH-053,LOW
,483.95,WH-099,WH-057, STANDARD 
PKG-005616,451.83,WH-054,WH-096,URGENT
PKG-005617,60.4977034974203kg,WH-009,WH-011,NONE
pkg-005618,255.69,WH-053,WH-001,URGENT
PKG-005619,310.56,WH-009,WH-089,LOW
PKG-005620,80.36,WH-093,WH-008,STANDARD
PKG-005621,165.48,wh-093,WH-086,STANDARD

PKG-005622,28.33,WH-078,WH-100,URGENT
PKG-005623,360.46,WH-017,WH-002,STANDARD
PKG-005624,N/A,WH-032,WH-074,URGENT
PKG-005625,462.60,WH-053,WH-012,LOW
PKG-005626,408.58,WH-090,WH-032,LOW
PKG-005627,371.49,WH-042,wh-060,STANDARD
PKG-005628,4.21,WH-078,WH-039,URGENT
PKG-005629,35.11,WH-043,WH-079,LOW
PKG-005630,56.87,WH-010,WH-006,STANDARD
PKG-005631,121.84,WH-034,wh-044,LOW
PKG-005632,,WH-065,WH-015,NONE
PKG-005633,474.31,wh-091,WH-010, URGENT 
PKG-005634,134.45,WH-065,WH-036,STANDARD
PKG-005635,129.47,wh-086,WH-040,LOW
PKG-005636,473.65,WH-028,WH-049,STANDARD
 PKG-005637 ,218.23,WH-012,WH-039,
PKG-005638,308.37,WH-044,WH-082,STANDARD
pkg-005639,455.10,WH-054,WH-070,LOW
PKG-005640,224.93,WH-094,WH-098,URGENT
PKG-005641,210.84,WH-015,WH-032,STANDARD
PKG-005642,176.80,WH-026,WH-056,STANDARD
PKG-005643,32.71,WH-063,WH-093,STANDARD
PKG-005644,4.13,,WH-003,URGENT
,324.43,WH-015,WH-028,URGENT
PKG-005646,61.31,WH-077,WH-015,EXPRESS
PKG-005647,294.5794924021333kg,WH-007,WH-054,STANDARD
 PKG-005648 ,355.74,WH-011,wh-069,LOW
PKG-005649,222.34,WH-066,WH-035,URGENT
pkg-005650,383.01,WH-002, WH-100 ,URGENT
PKG-005651,2.27,wh-053,WH-078,LOW
PKG-005652,353.05,WH-005,WH-092,LOW
,483.95,WH-033,wh-002,URGENT
PKG-005654,52.33,WH-029,WH-040,LOW
PKG-005655,381.90, WH-060 ,WH-032,STANDARD
PKG-005656,,WH-061,WH-029,STANDARD
PKG-005657,429.33,WH-011,WH-023,STANDARD
PKG-005658,288.99,WH-029,WH-065,STANDARD
PKG-005659,81.82,WH-019,WH-051,URGENT
PKG-005660,125.26,WH-047,WH-032,STANDARD
PKG-005661,217.29,WH-066,WH-027,STANDARD
 PKG-005662 ,450.68,WH-006,WH-079, STANDARD 
PKG-005663,317.08,,WH-028,STANDARD
PKG-005664,264.53,WH-066,WH-003, STANDARD 
,185.26,WH-092, WH-045 ,LOW
PKG-005666,437.14,WH-011,WH-081,STANDARD
pkg-005667,118.66,WH-091,WH-060,URGENT
PKG-005668,256.66,WH-053,WH-095,LOW
pkg-005669,230.40,WH-025,WH-078,CRITICAL
PKG-005670,155.92,WH-009,WH-062,STANDARD
PKG-005671,118.57,WH-037,WH-033,low
PKG-005672,349.88,WH-028,WH-007,
PKG-005673, 347.72201905991454 ,WH-097,WH-093,STANDARD
PKG-005674,,WH-051,wh-033,URGENT
 PKG-005675 ,205.91, WH-082 ,WH-015,urgent
PKG-005676,13.81,WH-030,WH-056, URGENT 
pkg-005677,231.35,WH-099,WH-028,LOW
PKG-005678,14.50, WH-024 ,WH-085, LOW 
PKG-005679,330.09,WH-021,wh-050,URGENT
PKG-005680,57.74,WH-043,WH-021,STANDARD
PKG-005681,null,WH-070,WH-091, STANDARD 
PKG-005682,96.41,WH-059,WH-046,LOW
PKG-005683,135.50,,WH-023,URGENT
PKG-005684,459.57,WH-045,WH-001,URGENT
PKG-005685,171.77,wh-095,WH-022,LOW
 PKG-005686 ,137.97,WH-010,WH-060,LOW
PKG-005687,369.45,WH-067,WH-091,LOW
PKG-005688,208.26,WH-056,WH-059,STANDARD
PKG-005689,230.85,WH-033,WH-099,STANDARD
PKG-005690,179.53,WH-049,WH-014,STANDARD
PKG-005691,329.83,WH-071,WH-030,URGENT
PKG-005692,64.77, WH-053 ,WH-011,STANDARD
PKG-005693,287.98,WH-066,WH-031,URGENT
PKG-005694,471.75,WH-030,WH-071,NONE

PKG-005695,124.01,wh-077,WH-058,STANDARD
PKG-005696,455.40, WH-073 ,wh-079,URGENT
PKG-005697,164.70,WH-066,WH-033,URGENT
PKG-005698,472.68,WH-020,WH-027,URGENT
PKG-005699,79.01,WH-034,WH-014,LOW
PKG-005700,468.40,WH-092,, LOW 
PKG-005701,N/A,WH-086,WH-006,LOW
PKG-005702,174.58, WH-037 , WH-070 ,STANDARD
PKG-005703,259.35,WH-034,WH-026,LOW
PKG-005704,19.99,WH-022,WH-041,URGENT
PKG-005705,52.18,WH-088,wh-022,CRITICAL
PKG-005706,140.16, WH-071 ,WH-035,urgent
PKG-005707,91.79, WH-067 ,WH-080, LOW 
PKG-005708,17.25,wh-006,WH-022,URGENT
PKG-005709,7.63,WH-043,WH-081,STANDARD
PKG-005710,299.08,WH-014,WH-062,LOW
PKG-005711,5.830290307725483kg,WH-001,WH-063,LOW
PKG-005712,207.69,,WH-093,URGENT
PKG-005713,148.66,WH-071,WH-066,STANDARD
 PKG-005714 ,72.65,WH-058,WH-075,LOW
PKG-005715,417.05,WH-080,WH-030,EXPRESS,
PKG-005716, 280.19614107684185 ,WH-019,WH-074,LOW
PKG-005717,319.38,WH-089,WH-018,LOW

PKG-005718,164.72,WH-055,WH-027,URGENT
PKG-005719,37.68,WH-097,WH-037,URGENT
PKG-005720,482.53,WH-079,WH-063,URGENT
PKG-005721,,WH-092,WH-052,URGENT
PKG-005722,211.72689685025603kg,WH-087,WH-016,standard
PKG-005723,342.82,WH-091,WH-071,LOW
PKG-005724,491.79,WH-069,WH-020,LOW
PKG-005725,456.03,WH-005,WH-066,URGENT

PKG-005726,382.79,WH-014,WH-023,NONE
 PKG-005727 ,487.82,WH-035,WH-046,VIP
PKG-005728,18.74,WH-064,WH-086,LOW
pkg-005729,105.85,WH-007,WH-001,STANDARD
PKG-005730,31.606526029612766kg,WH-038,WH-089,STANDARD
PKG-005731,46.72,WH-040,WH-041,STANDARD
PKG-005732,181.65,WH-064,WH-088,low
PKG-005733,347.85,WH-017,WH-018,LOW
PKG-005734,173.09,WH-019,WH-060,URGENT
 PKG-005735 ,205.49,WH-095,WH-041,STANDARD
PKG-005736,404.17,WH-069,WH-036,LOW
PKG-005737,229.41,WH-084,WH-063,STANDARD
PKG-005738,29.86,wh-015,WH-023,
PKG-005739,15.06,WH-022,WH-053,URGENT
PKG-005740,,WH-009,WH-029,
PKG-005741,,WH-054,WH-067,STANDARD
PKG-005742,485.82,WH-047,WH-100,LOW
PKG-005743,85.23,WH-072,WH-096,URGENT
PKG-005744,187.02,WH-023,WH-049,EXPRESS
PKG-005745,226.52,WH-063,WH-076, URGENT 
PKG-005746,197.49,WH-008,WH-017,CRITICAL
PKG-005747,362.43,wh-088,WH-086,URGENT
PKG-005748,126.87,WH-080,WH-051,STANDARD
PKG-005749,340.33,WH-074,WH-036,standard
PKG-005750,490.50,WH-010,WH-042,STANDARD
PKG-005751,166.42061962637794kg,WH-017,WH-007,STANDARD
PKG-005752,76.17,WH-026,WH-027,URGENT
PKG-005753,134.11,WH-037,WH-047,URGENT
PKG-005754,406.46,WH-012,WH-040,STANDARD,
PKG-005755,468.71,WH-090,WH-048,LOW
PKG-005756,111.90,WH-043,WH-068,STANDARD
PKG-005757,288.64,WH-053,WH-025,EXPRESS
PKG-005758,370.22,wh-095,WH-034,LOW
PKG-005759,486.61,WH-056,wh-055,LOW
PKG-005760,201.42,WH-041,WH-070,LOW
PKG-005761,222.70,wh-023, WH-003 ,LOW
PKG-005762,282.36,WH-019,WH-035,LOW
PKG-005763,129.92,WH-055,,LOW
PKG-005764,415.56,WH-058,WH-012,URGENT
PKG-005765,52.02,WH-008,WH-045,STANDARD
PKG-005766,311.03,WH-084,WH-008,LOW
PKG-005767,36.90,WH-080,,URGENT
PKG-005768,454.05,WH-023,WH-012,URGENT
PKG-005769,273.45,WH-014,WH-005,URGENT
PKG-005770,76.52,WH-043,WH-003,standard
PKG-005771,467.11,WH-036,WH-032, LOW 
PKG-005772,264.12,WH-041,WH-054,URGENT
PKG-005773,N/A,WH-011,WH-098,LOW
,277.23,WH-084,WH-041, STANDARD 
PKG-005775,276.06,WH-062,WH-025,STANDARD
PKG-005776,318.94,WH-076,WH-015,LOW
PKG-005777,288.69,wh-034,WH-090,LOW
PKG-005778,468.60,wh-070,WH-009,URGENT
PKG-005779,448.17,WH-069,WH-041,LOW
PKG-005780,,WH-013,WH-087,URGENT
PKG-005781,229.98,WH-036,WH-005,URGENT
PKG-005782,436.50,WH-062,WH-033,URGENT
PKG-005783,221.93,WH-066,WH-084,STANDARD
PKG-005784,159.46,WH-067,WH-015,STANDARD
PKG-005785,380.69,WH-021,WH-085,STANDARD
PKG-005786,484.77,WH-080,WH-069,STANDARD
PKG-005787,154.84,WH-019,WH-099,URGENT
PKG-005788,264.54,WH-027, WH-051 ,STANDARD
PKG-005789,228.05,WH-093,WH-002,STANDARD
PKG-005790,454.59,WH-022,WH-073, URGENT 
PKG-005791,316.50,WH-036,WH-038,LOW
PKG-005792,418.55,,WH-059,LOW
PKG-005793,377.31,WH-003,WH-027,URGENT
PKG-005794,400.04,WH-098,WH-054,URGENT
PKG-005795,493.40,WH-071,WH-040,STANDARD
PKG-005796,423.31,WH-100,WH-071,CRITICAL
PKG-005797,103.40,WH-006,WH-009,LOW
PKG-005798,128.17,WH-058,WH-072,URGENT
PKG-005799,112.87,WH-009,WH-045,LOW
PKG-005800,313.86,WH-098,WH-014,LOW
PKG-005801,141.74,WH-092,WH-032
PKG-005802,430.98,WH-027,WH-049,LOW
PKG-005803,390.77,WH-051,WH-067, LOW 
PKG-005804, 97.38348300391866 ,WH-092,WH-084,STANDARD
PKG-005805,378.02,WH-067,WH-050,LOW
PKG-005806,379.05,WH-026,WH-021,URGENT
PKG-005807,495.13, WH-084 ,WH-078,URGENT
PKG-005808,342.85,WH-089,WH-042,LOW,
PKG-005809,60.71,WH-002,WH-060,STANDARD
PKG-005810,130.21,WH-062,WH-011,LOW
PKG-005811,89.41,WH-008, WH-047 ,STANDARD
PKG-005812,246.93, WH-037 ,WH-029,LOW
PKG-005813,3.71,WH-005,wh-090,URGENT
PKG-005814,null,WH-049,WH-008,LOW
PKG-005815,180.07,WH-052,WH-003,LOW
PKG-005816,487.91,WH-098, WH-001 ,STANDARD
pkg-005817,36.76,WH-052,WH-023,URGENT
PKG-005818,183.90,wh-061,WH-073
PKG-005819,107.04,WH-076,WH-050,LOW
PKG-005820,249.37,WH-053,WH-006,STANDARD
PKG-005821,289.31,WH-013,WH-058,URGENT
PKG-005822,76.54,WH-002,WH-077,STANDARD
PKG-005823,109.52,WH-071,wh-095,STANDARD
PKG-005824,209.88,WH-018,WH-075,STANDARD
PKG-005825,,WH-027,WH-100,STANDARD
PKG-005826,475.46,WH-062,WH-023,LOW
PKG-005827,456.57,WH-013,WH-058,URGENT
PKG-005828,290.18,WH-054,WH-074,LOW
PKG-005829,430.18,WH-027,WH-058,EXPRESS
pkg-005830,130.45,WH-015,wh-047, LOW 
PKG-005831,467.69,WH-046, WH-027 ,STANDARD
PKG-005832,214.88,,WH-042,URGENT
PKG-005833,131.20,WH-096,WH-003,URGENT
PKG-005834,250.65,WH-063,WH-002,URGENT
PKG-005835,158.18,WH-064,WH-072,STANDARD
PKG-005836,,WH-097,,EXPRESS
PKG-005837,154.05,WH-077,WH-038,LOW
PKG-005838,492.35,WH-034,WH-099,STANDARD
PKG-005839,107.38,WH-013, WH-039 ,URGENT
PKG-005840,17.83,wh-030,WH-053,LOW
PKG-005841,413.89,WH-061,WH-058, URGENT 
PKG-005842,367.24,WH-035,wh-094,STANDARD
PKG-005843,41.28,WH-054,WH-073,URGENT
PKG-005844,283.10,WH-074,WH-094,URGENT
 PKG-005845 ,367.31,WH-098,WH-005,STANDARD
PKG-005846,357.23, WH-004 ,WH-074,LOW
PKG-005847,339.57,WH-037,WH-035,
PKG-005848,120.58,WH-021,WH-016,STANDARD,
PKG-005849,3.48,WH-058,WH-020,LOW
 PKG-005850 ,60.10,WH-013,wh-093,STANDARD
PKG-005851,139.53,WH-062,WH-073, URGENT 
PKG-005852,416.04,WH-060,WH-053,URGENT
PKG-005853,179.18,WH-050,WH-077,STANDARD
PKG-005854,126.99,WH-013,WH-053,LOW
PKG-005855,450.00,WH-038, WH-084 ,STANDARD
PKG-005856,238.90,WH-008,WH-006,URGENT
PKG-005857,166.75,WH-100,WH-010,LOW
PKG-005858,228.97,WH-100,WH-075,STANDARD
PKG-005859,424.96,WH-004,WH-099,LOW
 PKG-005860 ,53.16,WH-071,WH-073,STANDARD
PKG-005861,491.96,WH-041,WH-085,LOW
PKG-005862,80.75,WH-100,wh-086,STANDARD
PKG-005863,111.00,WH-088,WH-010,LOW
PKG-005864,320.47,WH-007,WH-081,STANDARD
PKG-005865,52.42,WH-024,WH-028,URGENT
PKG-005866,194.83,WH-004,WH-024,URGENT
PKG-005867,51.62,WH-064,WH-016,STANDARD
PKG-005868,326.79,WH-009,WH-071,STANDARD
pkg-005869,19.52,WH-077,WH-096,standard
PKG-005870,100.19,WH-001,WH-045,STANDARD
PKG-005871,251.67,WH-017,WH-075,URGENT
PKG-005872,266.47,WH-075,wh-033,LOW
PKG-005873,170.54,WH-094,WH-015,STANDARD
PKG-005874,259.30,WH-076, WH-024 ,STANDARD
PKG-005875,471.07,WH-003,WH-048,STANDARD
PKG-005876,204.78,WH-038,WH-011,URGENT
PKG-005877,285.33,WH-056,WH-057,STANDARD
 PKG-005878 ,100.96,WH-066,,URGENT
PKG-005879,249.79,wh-052,WH-076,LOW
PKG-005880,249.63,WH-051,WH-030,URGENT
PKG-005881,213.94,WH-010,WH-066,LOW
PKG-005882,193.79,WH-017,WH-002,URGENT
PKG-005883,95.37,WH-085,WH-050,STANDARD
PKG-005884,325.04,WH-075,WH-059,URGENT
 PKG-005885 ,356.36,WH-036,WH-021,URGENT
pkg-005886,463.18,WH-009,WH-074,URGENT
PKG-005887,145.05,WH-046,WH-022,LOW
PKG-005888,,WH-027,WH-029,URGENT
,405.65,WH-032,WH-065,URGENT
PKG-005890,213.14,WH-098,WH-087,LOW
PKG-005891,140.45,WH-034,WH-030,URGENT
PKG-005892,25.249791007299713kg,wh-023,WH-095,STANDARD
pkg-005893,429.16,WH-033,WH-027,STANDARD
PKG-005894,473.83,WH-002,WH-088,LOW
PKG-005895,266.53,WH-044,WH-039,LOW
PKG-005896,485.05,WH-073, WH-043 ,URGENT
PKG-005897,442.49,WH-017,WH-042
PKG-005898,411.00,WH-021,WH-014,URGENT
PKG-005899,107.56,WH-045,WH-073,STANDARD
PKG-005900,220.92,WH-073,WH-083
PKG-005901,133.82,WH-018,WH-032,LOW
PKG-005902,84.50,WH-083,WH-045,STANDARD
PKG-005903,467.81,WH-043,WH-073,urgent
PKG-005904,80.09,WH-093,WH-086,standard
PKG-005905, 427.8177378145498 ,WH-020,WH-079,STANDARD
PKG-005906,319.96,WH-050,WH-085,URGENT,
pkg-005907,46.34,WH-096,WH-017,STANDARD
PKG-005908,133.39,wh-018,WH-007,URGENT
PKG-005909,213.23,WH-034,WH-098,LOW
 PKG-005910 ,462.18,WH-034,WH-045,STANDARD
PKG-005911,320.08,WH-075,WH-026,STANDARD
PKG-005912,327.13,WH-072,WH-003,LOW
 PKG-005913 ,198.86,WH-037,WH-092,
PKG-005914,345.08,WH-084,WH-010,LOW
PKG-005915, 441.78097380990187 ,WH-027,WH-075,URGENT
PKG-005916,188.11,WH-077,wh-041,LOW
,N/A,WH-004,WH-026, URGENT 
PKG-005918,370.04,WH-015,WH-047,URGENT
PKG-005919,268.37,WH-067,WH-041,LOW
PKG-005920,474.20,WH-063,WH-041,LOW
PKG-005921,82.56611874671617kg,WH-063,WH-004,low
PKG-005922,96.53,WH-078,,STANDARD
PKG-005923,27.13,WH-020, WH-023 ,STANDARD
PKG-005924,97.08, WH-020 ,WH-041,URGENT
PKG-005925,119.66,WH-066,WH-096,EXPRESS
PKG-005926,261.19,WH-028,WH-063,STANDARD
pkg-005927,477.68,WH-043,WH-049,LOW
PKG-005928,144.21,WH-042,WH-070,LOW
,324.33,WH-082,wh-013,VIP
PKG-005930,75.37,WH-024,wh-049,STANDARD
PKG-005931,385.05,wh-019,WH-098,LOW
PKG-005932,12.64,WH-019,WH-058,
PKG-005933,372.88,WH-087,WH-068,LOW
PKG-005934,392.76,WH-006,WH-060,STANDARD
PKG-005935,129.30,WH-076,wh-062, URGENT 
PKG-005936,230.36,WH-069,WH-085,URGENT
pkg-005937,362.01,WH-015,WH-051,STANDARD,
PKG-005938,408.60,WH-072,WH-097,URGENT
PKG-005939,86.15,WH-021,WH-097,URGENT
PKG-005940,331.55,WH-072, WH-031 ,LOW
PKG-005941,417.58,WH-081,WH-017,LOW
PKG-005942,107.30,WH-090,WH-001,STANDARD
PKG-005943,288.54,WH-095,WH-092,STANDARD
 PKG-005944 ,83.29,,wh-031, LOW 
PKG-005945,311.36, WH-031 ,WH-100,STANDARD
PKG-005946,347.42,WH-075,wh-028,STANDARD
pkg-005947,76.21,WH-017, WH-099 ,LOW
PKG-005948,287.58,WH-042,wh-044,LOW
PKG-005949,298.01,WH-064,WH-072,STANDARD
PKG-005950,203.87,WH-047,WH-002,
PKG-005951,40.01, WH-055 ,WH-005,STANDARD
PKG-005952,392.61,WH-015,WH-096,LOW
PKG-005953,52.17,WH-086,WH-071,LOW
PKG-005954,351.19,,WH-076,LOW
PKG-005955,306.21,WH-031,WH-089,STANDARD
 PKG-005956 ,65.04,WH-034,WH-042,URGENT
PKG-005957,328.03,WH-046,WH-073,STANDARD
PKG-005958,62.68,WH-008,WH-081,LOW
PKG-005959,423.32, WH-064 ,WH-004,STANDARD
PKG-005960,N/A,WH-026,WH-083,LOW
PKG-005961,483.95,WH-013,WH-063,URGENT
PKG-005962,112.99,WH-091, WH-042 ,LOW
PKG-005963,361.14,WH-022,WH-006,URGENT
PKG-005964,134.34,WH-075,WH-069,URGENT
PKG-005965,374.78,wh-029,WH-005,URGENT
PKG-005966,299.46,WH-020,WH-021,URGENT
PKG-005967,219.29,WH-013,WH-084,urgent
PKG-005968,55.39,WH-027,WH-010, URGENT 
pkg-005969,296.49,WH-062,WH-073,LOW
PKG-005970,300.67,WH-039,WH-045,URGENT
pkg-005971,438.85,WH-070,WH-033,LOW
PKG-005972,194.23,WH-047,WH-100,STANDARD
PKG-005973,200.27, WH-040 ,WH-059,STANDARD
PKG-005974,399.23388111008444kg,WH-082,WH-058,STANDARD
 PKG-005975 ,480.68,WH-079,WH-018,STANDARD,
PKG-005976,300.43,WH-020,WH-087,STANDARD
PKG-005977,181.44,WH-066,wh-078,CRITICAL
PKG-005978,195.74,, WH-001 ,URGENT
PKG-005979,480.42,WH-016,WH-025,STANDARD
 PKG-005980 ,78.41,WH-084,WH-004,LOW
PKG-005981,444.05,WH-045,WH-057,LOW
PKG-005982,148.31, WH-061 , WH-028 , STANDARD 
PKG-005983,,WH-071,WH-021,LOW
PKG-005984,280.63,WH-016,WH-063,standard
,88.92,WH-003,WH-053,STANDARD
PKG-005986,171.72,WH-022,WH-056,STANDARD
PKG-005987,187.17,WH-099,WH-035, NONE 
PKG-005988,287.50,WH-035,WH-055,CRITICAL
PKG-005989,292.81,wh-075,WH-076,LOW
PKG-005990,27.62,WH-015,WH-035, URGENT 
PKG-005991,496.66,WH-073,WH-009,LOW
PKG-005992,126.53,WH-084,WH-005,LOW
PKG-005993,253.77,WH-097,WH-011,LOW
PKG-005994,20.28,WH-040,WH-092,URGENT
PKG-005995,19.27,WH-065,,LOW
PKG-005996,309.79,WH-049,WH-006,URGENT
PKG-005997,29.04,WH-006,WH-080,URGENT
PKG-005998, 407.3983005930946 ,wh-008,WH-058,CRITICAL
PKG-005999,415.47,WH-032,WH-008,URGENT
PKG-006000,135.06,WH-058,WH-080,URGENT
PKG-006001,84.17,WH-095, WH-076 ,URGENT
PKG-006002,439.85,WH-042,WH-003,EXPRESS
PKG-006003,4.45,WH-082,WH-079,LOW
PKG-006004,24.66,WH-097,WH-013,STANDARD
PKG-006005, 494.82029490857076 ,WH-072,WH-070,LOW
PKG-006006,344.91,wh-024,WH-049,STANDARD
PKG-006007,412.57,WH-071,WH-079,LOW
PKG-006008,346.87,WH-006, WH-090 ,NONE
PKG-006009,8.81,WH-052,WH-091,STANDARD
PKG-006010,268.15,WH-036,WH-031,URGENT
PKG-006011,18.20,WH-030,WH-017,URGENT
PKG-006012,406.80,WH-046,WH-083,low
PKG-006013,289.59,WH-011,WH-030,
PKG-006014,179.54,WH-099,WH-058,LOW
PKG-006015,371.20,wh-052,WH-072,STANDARD
pkg-006016,157.47,WH-047,WH-062,URGENT
PKG-006017,222.91,WH-097, WH-008 ,STANDARD
PKG-006018,407.96,WH-036,wh-033,URGENT

PKG-006019,176.10,WH-007,WH-043,urgent
PKG-006020,283.61,WH-091,WH-076,LOW
PKG-006021,1.71,WH-038, WH-084 ,STANDARD

PKG-006022,483.61,WH-088,WH-089,STANDARD
PKG-006023,269.11,WH-093,WH-023,STANDARD
PKG-006024,133.11,WH-058,WH-070,LOW
PKG-006025, 355.9738367936852 ,WH-048,WH-090,LOW
PKG-006026,191.61,WH-062,WH-036,STANDARD
PKG-006027,31.33, WH-044 ,WH-061,URGENT
 PKG-006028 ,6.16,WH-026,WH-080,urgent
PKG-006029,24.68,WH-067,WH-046,URGENT
PKG-006030,95.60,wh-055,WH-087,LOW,
PKG-006031,407.62,WH-061,WH-097,URGENT
PKG-006032,471.74,WH-004,WH-002,URGENT
PKG-006033,276.6118551395413kg,WH-081,WH-021,LOW
PKG-006034,475.34,WH-014,WH-011,STANDARD
PKG-006035,230.24,WH-020,WH-027,STANDARD
PKG-006036,321.58,,WH-017,URGENT
PKG-006037,427.12,wh-001,WH-034
PKG-006038,450.90,WH-084,WH-080,STANDARD
PKG-006039,343.46,WH-052,,LOW
pkg-006040,206.92,wh-049,WH-075,LOW
PKG-006041,123.81,WH-094,WH-031,STANDARD
PKG-006042,140.36,WH-077,WH-035, URGENT 
PKG-006043,366.47,WH-073,WH-017,STANDARD,
PKG-006044,480.31,WH-017,WH-095,URGENT
PKG-006045,322.13,WH-041,WH-054,STANDARD,
PKG-006046,166.77,WH-085,WH-043,STANDARD
PKG-006047,485.11,WH-019,WH-058,LOW
PKG-006048,209.13,WH-073,WH-039,URGENT
PKG-006049,398.19,wh-097,WH-094,LOW
PKG-006050,471.32,WH-045,WH-093,
PKG-006051,305.31,WH-025,WH-061,STANDARD
PKG-006052,0.20,WH-087,WH-047,CRITICAL
PKG-006053,253.60,WH-092,WH-046,LOW
PKG-006054,266.65,WH-031,WH-053,LOW
 PKG-006055 ,93.94,WH-059,WH-002, LOW 
PKG-006056,132.56,WH-048,WH-085,LOW
PKG-006057,386.71,WH-046,WH-034,standard
 PKG-006058 ,441.34,wh-063,WH-081,STANDARD
PKG-006059,278.4077982681513kg,WH-053,WH-082,STANDARD
PKG-006060,434.71,WH-070,WH-057,LOW
PKG-006061,494.23,WH-082,WH-071,STANDARD
,272.71,WH-065,WH-084,LOW
PKG-006063,261.25,WH-059,,URGENT
PKG-006064,216.13,WH-031,WH-073, LOW 
PKG-006065,363.98,WH-033,WH-016,CRITICAL,
PKG-006066,141.04,wh-007,WH-061,NONE
PKG-006067,120.09,WH-086,WH-096,STANDARD
PKG-006068,428.56,WH-092,WH-095,LOW
PKG-006069,127.89, WH-028 , WH-070 ,STANDARD
PKG-006070,398.37,WH-061,WH-057,URGENT
PKG-006071,494.96,WH-091,WH-090,STANDARD
PKG-006072,439.71,WH-036,,STANDARD
PKG-006073,49.34,WH-008,WH-045,LOW
PKG-006074,337.32,WH-003,WH-093,STANDARD
PKG-006075,160.82,WH-053,WH-090,LOW,
pkg-006076,153.27,WH-004,WH-094,NONE
PKG-006077,318.14,WH-034,wh-094,STANDARD
PKG-006078,468.65,WH-024,WH-080,URGENT
PKG-006079, 312.96234121114924 ,WH-067,WH-038,LOW
PKG-006080,,WH-064,WH-029,LOW
PKG-006081,144.54,WH-027,WH-085,STANDARD
PKG-006082,211.13,WH-012,WH-092,STANDARD
PKG-006083,261.23,WH-095,wh-081,LOW
PKG-006084,398.87,WH-032,WH-005,URGENT
PKG-006085,341.42,wh-095,WH-001,LOW
PKG-006086,31.21,WH-032,wh-073,standard
PKG-006087,139.19,WH-005,WH-081,URGENT
PKG-006088,,WH-044,WH-092
PKG-006089,84.06, WH-055 ,WH-037,URGENT
PKG-006090,182.94,, WH-082 , URGENT 
PKG-006091,94.21,WH-040,WH-064,LOW
PKG-006092,253.57,wh-095,WH-035,urgent
PKG-006093,133.11,WH-054,WH-087, STANDARD 
PKG-006094,444.10,WH-026,WH-040,STANDARD
PKG-006095,375.83,WH-080,WH-019,URGENT
PKG-006096,86.60,WH-076,WH-042,LOW
PKG-006097,415.76,wh-090,WH-094,standard
PKG-006098,16.03,WH-052,WH-011,URGENT
PKG-006099,414.97,WH-089,WH-007,URGENT
PKG-006100,6.63,WH-070,WH-036,URGENT
PKG-006101,125.65,WH-015, WH-002 ,URGENT
PKG-006102,33.12,WH-026,WH-078,URGENT
PKG-006103,140.59,WH-057,WH-039,urgent
 PKG-006104 ,490.70,WH-023, WH-046 ,URGENT
pkg-006105,486.13,wh-081,WH-078,STANDARD
PKG-006106,218.10,WH-001,WH-002,STANDARD
PKG-006107,126.38,WH-050,WH-012,LOW
PKG-006108,198.28,WH-051,WH-012,urgent
PKG-006109,153.02,WH-076,wh-046,LOW
PKG-006110,219.77,WH-096,WH-060
PKG-006111,351.27,wh-043,wh-004,STANDARD
pkg-006112,74.61,WH-060,WH-056,STANDARD
PKG-006113,477.15,WH-002,WH-077,STANDARD
PKG-006114,466.97,WH-080,WH-078,LOW
PKG-006115,440.94,WH-021,WH-079,urgent
PKG-006116,,WH-100,WH-040, LOW 
PKG-006117,409.78,WH-059,WH-024,LOW
PKG-006118,141.82,WH-064,WH-047, LOW 
PKG-006119,54.25,WH-020, WH-046 ,URGENT
PKG-006120,123.66,WH-051,,LOW
PKG-006121,196.29,WH-087,WH-069,LOW,
PKG-006122,248.80,WH-022,WH-090,STANDARD
PKG-006123,459.78,WH-041,WH-079,STANDARD
 PKG-006124 ,380.09,WH-024,WH-095,STANDARD
PKG-006125,72.95,WH-040,,standard
PKG-006126,197.47,WH-086,WH-030,URGENT
PKG-006127,63.33,WH-012,WH-015,STANDARD
pkg-006128,95.78,WH-084,WH-042, STANDARD 
PKG-006129,44.16,WH-055, WH-098 ,URGENT
PKG-006130,390.01,WH-097,WH-060,STANDARD
PKG-006131,113.66,WH-095,WH-077,URGENT
PKG-006132,56.19,WH-023,WH-070,LOW
PKG-006133,486.67,WH-021,WH-043,
PKG-006134,378.62,WH-095,WH-017,LOW
PKG-006135,82.74,WH-029, WH-001 ,VIP
PKG-006136,406.16,WH-096,WH-052,URGENT
PKG-006137,161.42,WH-097,WH-083,EXPRESS
PKG-006138,346.28,WH-007, WH-081 ,LOW
 PKG-006139 ,355.94,WH-074,WH-026,STANDARD
PKG-006140,261.80,WH-023,WH-042,STANDARD
 PKG-006141 ,493.36,WH-055,WH-086,URGENT
PKG-006142,83.70,WH-099,WH-010,STANDARD
PKG-006143,322.93,wh-098, WH-005 ,LOW,
PKG-006144,278.36,WH-047,WH-061,STANDARD
PKG-006145,437.56,WH-043,WH-093,URGENT
 PKG-006146 ,484.41,WH-074,WH-087,URGENT
PKG-006147,165.62,WH-048,WH-051,urgent
PKG-006148,223.44,wh-098,WH-016,STANDARD
PKG-006149,203.03,WH-065,WH-071
PKG-006150,152.67,WH-079, WH-030 ,STANDARD
PKG-006151,151.29,WH-006,WH-031,LOW
 PKG-006152 ,186.27616470241134kg,WH-045,WH-015,STANDARD
PKG-006153,17.1325401159818kg,wh-065,WH-001,STANDARD
PKG-006154,276.15,WH-021,WH-024,LOW
pkg-006155,369.69,WH-082,, LOW 
PKG-006156,2.63,WH-054,WH-020,URGENT
PKG-006157,154.35,WH-082,WH-002,LOW
PKG-006158,0.55,WH-025,WH-027,STANDARD
PKG-006159,218.33,WH-078,WH-083,STANDARD
PKG-006160,413.86,WH-078, WH-075 ,LOW
PKG-006161,294.50,WH-034,WH-010,LOW
PKG-006162,280.33,WH-093,WH-055,STANDARD
PKG-006163,79.37,WH-045,WH-042,LOW
PKG-006164,409.09, WH-099 ,WH-044,LOW
PKG-006165,184.30,wh-030,WH-037,STANDARD
PKG-006166,87.75,WH-040,WH-031,LOW
PKG-006167,383.78,WH-036,WH-003,LOW
PKG-006168,446.33,WH-048,WH-095,URGENT,
pkg-006169,75.90,WH-075,WH-010,URGENT
PKG-006170,72.38,WH-033,WH-080,LOW
PKG-006171,289.55,WH-059,WH-099,STANDARD
PKG-006172,94.27,WH-063,WH-074,LOW
PKG-006173,281.87,WH-059,WH-029,LOW
PKG-006174,133.95,WH-063,WH-076,URGENT
PKG-006175,109.12, WH-091 ,WH-061,LOW
pkg-006176,286.48, WH-029 , WH-081 ,STANDARD
 PKG-006177 ,426.81,WH-067,WH-086,URGENT
PKG-006178,444.14, WH-043 ,WH-028,STANDARD
PKG-006179,138.57,WH-023,WH-075,STANDARD
PKG-006180,108.39,WH-079,WH-080
PKG-006181,12.96,WH-067,WH-086,STANDARD
PKG-006182,207.96,,WH-039, LOW 
PKG-006183,386.53,WH-074,WH-004,standard
PKG-006184,235.92,WH-093,WH-010,URGENT
PKG-006185,456.65,WH-033,WH-047,LOW
pkg-006186,274.37,wh-032,wh-039,STANDARD
PKG-006187,,WH-061,WH-052,low
PKG-006188,327.74,wh-021,WH-048,URGENT
PKG-006189,21.33, WH-009 ,WH-065,LOW
PKG-006190,227.70,WH-094,WH-040,STANDARD
PKG-006191,2.98,WH-045,WH-011,URGENT
PKG-006192,305.87, WH-032 ,WH-077,LOW
PKG-006193,288.88,WH-071,WH-067,LOW
PKG-006194, 136.24917526580458 ,WH-072,WH-032,LOW
PKG-006195,157.13,WH-027,WH-042,URGENT
PKG-006196,391.97,WH-032,WH-057,STANDARD
PKG-006197,228.86,WH-029,WH-093,STANDARD
PKG-006198,391.78,WH-010,WH-057,LOW
pkg-006199,170.96,WH-084,WH-061,STANDARD
PKG-006200,274.45,WH-099,WH-092,LOW
PKG-006201,25.57,WH-027,WH-024,URGENT
PKG-006202,322.17,WH-027, WH-055 ,
PKG-006203,335.98,WH-083,WH-046,LOW
PKG-006204,405.46, WH-028 ,WH-070,STANDARD
,273.93,WH-031,WH-085,LOW
PKG-006206,303.40,WH-045,WH-093,LOW
PKG-006207,209.56,wh-041,wh-066, LOW 
PKG-006208,8.01,WH-087,WH-079,STANDARD
 PKG-006209 , 264.43829120361545 ,WH-099,WH-060,STANDARD
PKG-006210,310.97,WH-045,,VIP
PKG-006211,261.63,WH-051,WH-025,LOW
PKG-006212,221.80,WH-046, WH-041 ,URGENT

PKG-006213,385.276766185767kg,WH-074,WH-033, NONE 
PKG-006214,316.87,WH-040,wh-004,URGENT
PKG-006215,236.51,WH-007,wh-065,LOW
PKG-006216,321.40666041197244kg,WH-073,WH-019,STANDARD
PKG-006217,382.72,WH-024,WH-020,
PKG-006218,144.73,WH-064,WH-033,URGENT
PKG-006219,27.61,WH-086, WH-082 ,LOW
PKG-006220,297.07,, WH-006 ,LOW
PKG-006221,null,WH-021,WH-097,LOW
PKG-006222,280.79,WH-075,WH-044,STANDARD
pkg-006223,128.39,WH-055,WH-044,STANDARD
PKG-006224,131.22,WH-087,WH-010
PKG-006225,334.29,WH-063,WH-046,STANDARD
PKG-006226,344.89,WH-098,WH-006,STANDARD
PKG-006227,283.73,WH-014,WH-042,URGENT
PKG-006228,137.27,WH-084,WH-037,URGENT
PKG-006229,176.30,WH-043,,STANDARD
PKG-006230,305.33,wh-033,WH-082,STANDARD
PKG-006231,123.79,WH-032,WH-012,LOW
PKG-006232,153.36,WH-071,WH-034,URGENT
PKG-006233,471.65,WH-039,WH-056,STANDARD
PKG-006234,246.39,WH-013,WH-052,URGENT
PKG-006235,292.34,WH-071,WH-020,LOW
PKG-006236,109.99,WH-080,WH-024, STANDARD 
PKG-006237,240.93,WH-020,WH-090,LOW
PKG-006238,76.19,WH-091,WH-049,STANDARD
PKG-006239,144.97,WH-024,WH-006,URGENT
PKG-006240,335.64,WH-029,WH-020,URGENT
PKG-006241,477.15,wh-052,WH-007,LOW
PKG-006242,389.78,WH-033,WH-015,urgent
PKG-006243,258.61, WH-011 ,WH-041,STANDARD
 PKG-006244 ,35.52,WH-037,WH-095,NONE
pkg-006245,,WH-043,WH-041,STANDARD
PKG-006246,211.89,WH-040,WH-077,STANDARD
PKG-006247,471.87,WH-059,WH-006,STANDARD,
PKG-006248,53.28,WH-002, WH-016 ,low
pkg-006249,377.15,WH-027,WH-018,LOW
pkg-006250,368.02,WH-008,WH-016,STANDARD
PKG-006251,178.98,WH-087,WH-079,STANDARD
pkg-006252,267.40,WH-048,WH-045,LOW
PKG-006253,288.99,WH-002,WH-035,LOW
PKG-006254,212.72,WH-063,WH-066,URGENT
PKG-006255,267.72,WH-029,WH-021,URGENT
PKG-006256,N/A,WH-087,WH-013,URGENT
PKG-006257,410.29,WH-004,WH-029,LOW
PKG-006258,111.11,WH-076,WH-012,LOW
PKG-006259,371.43,WH-073,wh-060,STANDARD
PKG-006260,154.34,WH-023,WH-004,URGENT
PKG-006261,424.23,WH-087,WH-093,LOW
PKG-006262,377.07,WH-076,WH-053,STANDARD
 PKG-006263 ,57.62,wh-003,WH-044,LOW,
PKG-006264,252.45,WH-082,WH-028,LOW
PKG-006265,null,WH-049,WH-089,STANDARD
pkg-006266,280.81,WH-005,WH-014,LOW
PKG-006267,432.38,WH-084,WH-053
PKG-006268,145.86,WH-100,WH-077,LOW
PKG-006269,54.10,WH-088,WH-058,
 PKG-006270 ,449.15,WH-044, WH-009 , LOW 
PKG-006271,3.74,WH-003, WH-034 ,STANDARD
PKG-006272,371.40,WH-074,WH-086,STANDARD
PKG-006273,65.72,WH-036,WH-026,URGENT
PKG-006274,112.24,WH-001,WH-098,STANDARD
,438.30,WH-002,WH-033,LOW
PKG-006276,340.07370619585816kg,WH-046,WH-074,LOW
PKG-006277,450.96, WH-090 ,WH-003,URGENT
PKG-006278,211.94, WH-024 ,WH-094,URGENT
PKG-006279,212.87,WH-046,WH-006,LOW
PKG-006280,223.78,WH-028,WH-039,standard
pkg-006281,135.35,WH-022,WH-006,URGENT
 PKG-006282 ,487.03,WH-045,WH-086,URGENT
PKG-006283,491.05,WH-010,WH-077,STANDARD
PKG-006284,159.03,WH-071,WH-082, LOW 
PKG-006285,371.13,WH-072,WH-100,LOW,
PKG-006286,15.89, WH-050 ,WH-034,STANDARD
PKG-006287,473.57,WH-021,WH-062,LOW
PKG-006288,382.97,,WH-019,URGENT
PKG-006289,316.28,WH-065,WH-064,URGENT
PKG-006290,461.3658021912305kg, WH-044 ,,LOW
pkg-006291,439.31,WH-045,wh-057,LOW
PKG-006292,458.41,WH-006,WH-043,URGENT
PKG-006293,210.79,WH-016,WH-009,LOW
PKG-006294,358.65,WH-012,WH-086,LOW
PKG-006295,162.27,WH-063,WH-071,STANDARD
PKG-006296,154.57,WH-093,WH-001,LOW
PKG-006297,453.94,WH-018,WH-030,LOW
PKG-006298,328.64,WH-009,WH-033,LOW
PKG-006299,37.27,WH-078,WH-021,VIP
PKG-006300,347.24,WH-083,WH-062
PKG-006301,29.50,WH-005,WH-091,URGENT
PKG-006302,428.26,WH-063,WH-048,URGENT
PKG-006303,104.87,WH-072,WH-011,STANDARD
PKG-006304,330.19,WH-094,wh-010, CRITICAL 
PKG-006305,341.49,WH-056,WH-065,LOW
PKG-006306,24.06,WH-007,WH-061,STANDARD
PKG-006307,39.52,WH-053,WH-024,STANDARD
PKG-006308,154.63, WH-016 ,wh-088,standard
PKG-006309,370.38,WH-053,WH-063,LOW
PKG-006310,94.14,WH-082,WH-021,STANDARD
PKG-006311,208.49,WH-083,WH-089,URGENT
PKG-006312,186.74,WH-091,WH-011,URGENT
PKG-006313,169.08,WH-059,WH-043,URGENT

PKG-006314,191.42,WH-011,WH-018,STANDARD
PKG-006315,155.13,WH-071,wh-078,STANDARD
PKG-006316,305.39,WH-040,WH-089,URGENT
PKG-006317, 353.31128944224224 ,WH-032,WH-001,LOW
PKG-006318,210.89,WH-068,WH-093,LOW
 PKG-006319 ,287.68,WH-081,WH-050,STANDARD
PKG-006320,478.30,WH-047,WH-036,STANDARD
PKG-006321,185.79,WH-073,WH-031,URGENT
PKG-006322, 61.84785150905763 ,wh-011,WH-074,STANDARD
pkg-006323,null,WH-038,WH-073,URGENT
PKG-006324,478.13,WH-015,WH-088,NONE
PKG-006325,446.85,WH-056,WH-096,URGENT
pkg-006326,122.98,WH-072,WH-066,CRITICAL
PKG-006327,483.30,WH-076,WH-009,LOW
PKG-006328,183.82,WH-001,WH-037, STANDARD 
PKG-006329,65.41,WH-086,WH-052,low
PKG-006330,14.82,WH-026,WH-054,URGENT
PKG-006331,392.39,WH-092,WH-024,URGENT
PKG-006332,167.84,WH-085,WH-008,STANDARD
PKG-006333,,WH-091,WH-008,URGENT
PKG-006334,335.29,WH-055,WH-057,STANDARD
PKG-006335,318.09,WH-092, WH-063 ,STANDARD
PKG-006336,415.02,WH-044,WH-011,EXPRESS
 PKG-006337 ,459.31,WH-088,WH-043,URGENT
,425.32,WH-093,WH-033,URGENT
PKG-006339,466.64,WH-026,WH-016,STANDARD
PKG-006340,473.53,WH-049,WH-057,LOW
PKG-006341,,wh-032,WH-015,URGENT
PKG-006342,89.08,WH-027,WH-060,
 PKG-006343 ,233.10,WH-030,WH-025,URGENT
 PKG-006344 ,335.25,WH-028,WH-011,STANDARD
PKG-006345,35.43,WH-031,WH-084, LOW 
PKG-006346,332.57,WH-036,WH-053,STANDARD
PKG-006347,315.05,,WH-093,LOW
pkg-006348,488.01,WH-031, WH-020 ,URGENT
PKG-006349,165.53,WH-037,WH-077,LOW
PKG-006350,136.11,WH-076,WH-034,URGENT
PKG-006351,317.63,WH-038,WH-030,URGENT
PKG-006352,474.70,WH-048,wh-078,LOW
PKG-006353,378.31,WH-064,WH-049,LOW
pkg-006354,38.81,WH-013,WH-092,LOW
PKG-006355,67.03,,WH-005,LOW
PKG-006356,343.05,WH-094,WH-067,LOW
PKG-006357,224.03,WH-024,WH-039,LOW
PKG-006358,16.57,wh-045,WH-056,LOW
PKG-006359,380.42,WH-024,WH-022,LOW

PKG-006360,344.11,WH-066,WH-042,LOW
PKG-006361,357.70,WH-097,WH-077,STANDARD
PKG-006362,282.15,WH-092,WH-024,STANDARD
PKG-006363,435.24,WH-077,WH-012,LOW
PKG-006364,474.63,WH-018, WH-066 ,URGENT
PKG-006365,null,WH-065,WH-070,STANDARD
PKG-006366,250.10,WH-049,WH-018,LOW
PKG-006367,410.57,WH-028,WH-027,STANDARD
 PKG-006368 ,331.59,WH-062,WH-098,LOW
PKG-006369, 3.136363615864101 ,WH-045,WH-039,standard
PKG-006370,312.94,WH-069,WH-018,LOW
PKG-006371,481.43,WH-024, WH-062 ,STANDARD
PKG-006372,301.05,WH-057,WH-060,LOW
PKG-006373,346.75,WH-006,wh-062,STANDARD
PKG-006374,6.95,WH-015,WH-021,STANDARD
PKG-006375,49.45,WH-034,WH-051,STANDARD
PKG-006376,142.68,WH-061,WH-013,URGENT
PKG-006377, 107.6545026052723 ,WH-041,WH-072,LOW
PKG-006378,336.01,WH-014,WH-079,STANDARD
PKG-006379,N/A,WH-062,WH-050,
PKG-006380,281.63,WH-084,WH-059,STANDARD
PKG-006381,35.48,WH-086,WH-031,STANDARD
PKG-006382,399.88,WH-021,WH-023,LOW
PKG-006383,154.77,WH-061,WH-047,LOW
 PKG-006384 ,254.88, WH-038 ,WH-021,LOW
PKG-006385, 173.47755771960757 ,WH-023,wh-055,LOW
PKG-006386,147.84,WH-086,wh-027,

PKG-006387,320.48,wh-064,WH-091,LOW
PKG-006388,49.30,WH-091,WH-036,STANDARD
PKG-006389, 325.71897954814864 ,WH-062,WH-093,URGENT
PKG-006390,493.31,WH-023,WH-095,NONE
PKG-006391,103.05,WH-078, WH-027 ,URGENT
PKG-006392,163.75,WH-007,WH-056,low
PKG-006393,243.97,WH-098,WH-028,URGENT
PKG-006394,377.90,WH-028, WH-051 ,URGENT
PKG-006395,243.40,WH-074,WH-030,LOW
PKG-006396,367.44,wh-019,WH-059,STANDARD
PKG-006397,2.00,WH-057,WH-042,LOW
PKG-006398,187.86,,WH-048, STANDARD 
PKG-006399,222.88,WH-049,WH-061,URGENT
PKG-006400,5.70,WH-039,WH-067,URGENT
PKG-006401,197.84,WH-050,WH-085, LOW 
PKG-006402,245.71,WH-047,WH-089,URGENT
PKG-006403,438.61,WH-043,WH-088,STANDARD
PKG-006404,,WH-089,WH-081,URGENT
PKG-006405,54.72,WH-046,WH-038,STANDARD
PKG-006406,360.65,WH-047,WH-049,STANDARD
PKG-006407,118.77,WH-082,WH-037,urgent
PKG-006408,167.82,WH-001,WH-093,STANDARD
PKG-006409,2.81,WH-088,WH-048,STANDARD
 PKG-006410 ,482.20,WH-025,WH-089,LOW
PKG-006411,N/A, WH-001 ,WH-056,URGENT
PKG-006412,319.61, WH-015 ,WH-074,STANDARD
PKG-006413,467.32,WH-091,WH-005,STANDARD
PKG-006414,156.95,WH-066,WH-015
PKG-006415,61.63,WH-017,WH-037,URGENT
PKG-006416,180.66,WH-090,WH-022,LOW
PKG-006417,74.50,WH-004,WH-053,STANDARD
PKG-006418,464.10,WH-028,WH-064,URGENT
PKG-006419,484.84,WH-094,wh-055, STANDARD 
PKG-006420,2.68,WH-067,WH-084,LOW
PKG-006421,486.96,WH-022,wh-070,STANDARD
PKG-006422,275.02,WH-050,WH-025,URGENT
PKG-006423,253.75,WH-092,WH-095, CRITICAL 
PKG-006424,null,WH-033,WH-030,URGENT
PKG-006425,294.33,WH-036,WH-053,STANDARD
PKG-006426,250.27,WH-031,WH-044,URGENT
PKG-006427,23.43,WH-046,WH-075,STANDARD
 PKG-006428 ,469.66,WH-007,WH-019,URGENT
 PKG-006429 ,175.72,WH-039,WH-057,URGENT
PKG-006430,152.59,WH-089,,STANDARD
PKG-006431,375.45,WH-067,WH-040,NONE
PKG-006432,6.94,WH-073,WH-056,LOW
PKG-006433,359.76,WH-034,WH-005,STANDARD
PKG-006434,202.99,WH-071,WH-065, EXPRESS 
PKG-006435,272.52,WH-061,WH-020,
PKG-006436,null,WH-054,WH-057,LOW
PKG-006437,85.19,WH-095,WH-056,LOW
PKG-006438,99.38,,WH-075,URGENT
,6.26,WH-082,WH-054,STANDARD
PKG-006440, 58.01155411342859 ,WH-098,WH-087,URGENT
PKG-006441,267.03,WH-090,WH-098,STANDARD
PKG-006442,194.76,WH-047,,CRITICAL
PKG-006443,385.20,WH-004,wh-035,STANDARD
 PKG-006444 ,396.24,wh-008,WH-095,URGENT
PKG-006445,17.57,WH-094,WH-093,STANDARD
PKG-006446,290.59,WH-007,WH-012,STANDARD
 PKG-006447 ,221.71,WH-052,WH-096,LOW
PKG-006448,462.21,WH-068,WH-080,STANDARD
PKG-006449,338.29,WH-044,WH-033,
PKG-006450,,WH-015,WH-017,LOW
PKG-006451,304.77,,WH-045, LOW 
PKG-006452,484.23,WH-026,WH-069,LOW
PKG-006453,404.27,WH-098,WH-087,low
PKG-006454,,WH-035,WH-025,URGENT
PKG-006455,277.42,WH-079,WH-051,URGENT
PKG-006456,365.82,, WH-044 , URGENT 
pkg-006457,375.59,WH-085,WH-064,LOW
PKG-006458,26.40,WH-061,WH-015,STANDARD
PKG-006459,204.15,WH-025,WH-090,LOW
pkg-006460,21.18,WH-050,WH-076,LOW
,25.61,WH-088,
PKG-006462,346.33,WH-059,WH-025,LOW
PKG-006463,368.23,WH-049,WH-040,STANDARD
PKG-006464,121.18,WH-061,WH-094,URGENT
,null,WH-054,WH-035,URGENT
PKG-006466,268.59,WH-093,wh-048,URGENT
PKG-006467,175.25,WH-020,WH-025,LOW
PKG-006468,218.02,WH-071,WH-063,LOW
PKG-006469,498.02,WH-015,WH-025,LOW
PKG-006470,489.16,WH-040,WH-016,STANDARD
PKG-006471,482.83,WH-035, WH-060 ,STANDARD
PKG-006472,208.43,WH-017,WH-050,standard
PKG-006473,123.69,WH-001,WH-062, STANDARD 
PKG-006474,N/A,WH-080,WH-072,LOW
PKG-006475,263.98,WH-002,wh-074,LOW
PKG-006476,61.17,WH-083,WH-013,LOW
PKG-006477,83.58,WH-084,WH-043
PKG-006478,43.84,WH-077,WH-028,low
PKG-006479,150.92,WH-044,WH-068,LOW
PKG-006480,230.49, WH-092 ,WH-056,STANDARD
PKG-006481,32.10,wh-078,WH-063,URGENT
PKG-006482,347.43,WH-050,WH-004,VIP
PKG-006483,311.24,WH-095,WH-037,STANDARD
PKG-006484,119.71,WH-081,wh-048,URGENT
PKG-006485,208.25,WH-016,WH-010,URGENT
PKG-006486,427.99,WH-023,WH-027,LOW
PKG-006487,414.24, WH-064 ,WH-065,URGENT
PKG-006488,37.83,WH-003,WH-015, STANDARD 
PKG-006489, 335.68954949829197 ,WH-006,WH-009,URGENT
PKG-006490, 436.52417193659693 ,WH-024,WH-089,LOW
PKG-006491,398.11,WH-016,WH-024,STANDARD
PKG-006492,,WH-041,WH-071,URGENT
PKG-006493,348.82,WH-076,WH-092,URGENT
PKG-006494,186.17,WH-031,WH-015,STANDARD
PKG-006495,242.61,WH-011,WH-090,URGENT
PKG-006496,118.21,,WH-025,URGENT
PKG-006497,27.77,WH-043,WH-022,URGENT
PKG-006498,374.94,WH-073,WH-095,low
PKG-006499,8.13,WH-053,WH-071,URGENT
 PKG-006500 ,288.36,WH-084,WH-040,STANDARD

PKG-006501,141.82,WH-091,WH-072,URGENT
PKG-006502,188.44,WH-075,WH-011,STANDARD
PKG-006503,350.04,WH-021,WH-085,urgent
PKG-006504,20.22,WH-088,WH-007,LOW
PKG-006505,374.40,WH-011,WH-098,STANDARD
PKG-006506,219.03,WH-055,WH-053,LOW
PKG-006507,420.01, WH-025 ,WH-032,LOW
PKG-006508,266.79,WH-023,WH-055,URGENT
PKG-006509,288.95,WH-002,WH-071,STANDARD
PKG-006510,281.40,WH-077,WH-050,LOW
,426.70,WH-074,WH-060,URGENT
 PKG-006512 ,100.03,WH-021,WH-086,URGENT
PKG-006513,409.44,WH-036,WH-014,STANDARD
PKG-006514,74.78, WH-063 ,WH-100,LOW
PKG-006515,274.15,WH-008, WH-041 ,URGENT
PKG-006516,136.28,WH-067,WH-022,LOW
PKG-006517,158.70,WH-062,WH-088,LOW
PKG-006518,474.16,WH-015,WH-075,URGENT
PKG-006519,355.17,WH-036,wh-074,URGENT
PKG-006520,361.23,WH-045,WH-085,URGENT
PKG-006521,389.41,WH-055,WH-078,URGENT,
PKG-006522,211.85,WH-025,WH-034,LOW
PKG-006523,99.58,wh-058,WH-072,URGENT
PKG-006524,213.40,WH-078,WH-082,STANDARD
PKG-006525,, WH-009 ,WH-018,LOW
PKG-006526,379.30,,WH-064, URGENT 
PKG-006527,164.29,WH-096,WH-053,LOW
PKG-006528,339.18, WH-006 ,WH-011,URGENT
PKG-006529,447.46,WH-008,WH-097,STANDARD
PKG-006530,494.76,WH-099,WH-002,STANDARD
PKG-006531,433.75,WH-092,WH-090,STANDARD
pkg-006532,64.08,WH-068,WH-048,LOW
pkg-006533,210.53,WH-011,WH-081,LOW
PKG-006534,46.29,WH-018,WH-029,LOW
 PKG-006535 ,38.15,WH-003,WH-047,STANDARD
PKG-006536,55.26,WH-100,wh-044,STANDARD
PKG-006537,155.79,WH-056,WH-025,STANDARD
PKG-006538,296.40,WH-021,WH-035,LOW
PKG-006539,153.29,WH-063,WH-081,URGENT
pkg-006540,23.04,WH-056,WH-086,LOW
PKG-006541,377.67,WH-092,WH-043,
PKG-006542,107.10,WH-066,WH-015,LOW
PKG-006543,406.13,WH-010,WH-053,URGENT
PKG-006544,null,WH-012,WH-006,URGENT
 PKG-006545 ,187.21,WH-029,WH-009,LOW
PKG-006546,236.35,WH-073,WH-026, LOW 
PKG-006547,328.21,WH-010,WH-070,URGENT
 PKG-006548 ,327.39,WH-049,WH-030,URGENT
PKG-006549,36.38,wh-069,WH-031,STANDARD
PKG-006550,495.97, WH-064 ,WH-037,STANDARD
PKG-006551,134.81,WH-022,WH-003,STANDARD
 PKG-006552 ,456.97,WH-019,WH-013,URGENT
 PKG-006553 ,344.16,WH-033,WH-036,URGENT
PKG-006554,258.64,WH-014,WH-077,STANDARD
 PKG-006555 ,358.76,WH-009,WH-042,URGENT
PKG-006556,419.20,WH-081,WH-053, STANDARD 
PKG-006557,317.13,WH-064,WH-070,URGENT
PKG-006558,402.94,WH-067,WH-097,STANDARD
PKG-006559,417.22,WH-084,WH-007,URGENT
PKG-006560,,WH-083, WH-064 ,LOW
PKG-006561,313.50,WH-020,WH-052,STANDARD
PKG-006562,485.42,WH-028,WH-003,urgent
PKG-006563,143.98,WH-005,WH-093, URGENT 
PKG-006564,488.32,WH-085,wh-087,STANDARD
PKG-006565,53.29, WH-074 ,wh-064,LOW
PKG-006566,null,WH-023,WH-045,URGENT
PKG-006567,62.81,WH-037,WH-065, LOW 
 PKG-006568 ,311.77,WH-003,WH-054,STANDARD
PKG-006569,229.92,WH-017,WH-035,LOW
 PKG-006570 ,390.88,WH-098,WH-002,STANDARD
PKG-006571,495.01,WH-043,WH-019,
PKG-006572,100.67, WH-064 ,WH-025,LOW
PKG-006573,null,WH-079,wh-089,URGENT
PKG-006574,317.35417686634804kg,WH-080,WH-076,URGENT
PKG-006575,152.05,WH-079,WH-084,URGENT
PKG-006576,470.68,WH-027,WH-058
PKG-006577,29.64,WH-023,WH-056,STANDARD
PKG-006578,116.74,WH-053,WH-070,LOW
PKG-006579,48.30,WH-086,WH-091,VIP
PKG-006580,332.15,WH-066,wh-029,none
PKG-006581,320.98,WH-023,WH-094,STANDARD
PKG-006582,258.96,WH-031,WH-005,STANDARD
PKG-006583,367.33,WH-090,WH-037
PKG-006584,441.75,WH-016, WH-028 ,STANDARD
PKG-006585,337.02,WH-055,wh-011,URGENT
PKG-006586,478.40,WH-091,WH-067,STANDARD
PKG-006587,N/A,WH-031,WH-080, URGENT 
PKG-006588,29.89,WH-058,wh-085,LOW
PKG-006589,null,WH-097,WH-088,STANDARD
PKG-006590,323.18, WH-019 ,WH-069,URGENT
PKG-006591,7.20,wh-050,wh-052,STANDARD
pkg-006592,142.86,WH-044,WH-034,LOW
PKG-006593,496.90,WH-018,WH-091, LOW 
PKG-006594,107.39,WH-089,wh-093,URGENT
PKG-006595,300.14,WH-027,WH-007,STANDARD
PKG-006596,406.51,,WH-046,URGENT
PKG-006597,452.88,WH-088,WH-091,STANDARD
PKG-006598,374.35,WH-092,WH-007,URGENT
PKG-006599,288.91,WH-023,WH-062,LOW
PKG-006600,298.13,WH-045,WH-095,STANDARD
PKG-006601,306.20,WH-040,WH-080,STANDARD
PKG-006602,65.53,WH-047,WH-046,STANDARD
PKG-006603,247.02,WH-008,WH-096,STANDARD
PKG-006604,144.16,WH-087,WH-044,LOW
PKG-006605,323.72,WH-023,WH-080,LOW,
PKG-006606,141.93,WH-007,WH-082,LOW
PKG-006607,364.34,WH-025,WH-033,URGENT
PKG-006608,354.91,wh-094,WH-047,LOW
PKG-006609,N/A,WH-060,WH-028,STANDARD
PKG-006610,N/A,WH-015,WH-012,LOW
PKG-006611,452.63,WH-049,WH-022,URGENT
PKG-006612,,WH-036,wh-012,URGENT
PKG-006613,, WH-046 ,WH-021,URGENT
PKG-006614,211.99,WH-099,WH-023,NONE
PKG-006615,244.15,WH-020,WH-098,LOW
PKG-006616,444.00,wh-040,WH-096,URGENT
PKG-006617, 51.609096401965324 ,WH-017,,URGENT
PKG-006618,444.00,WH-062,WH-063,LOW
PKG-006619,282.15,WH-085,WH-084,LOW
PKG-006620,27.02,WH-060,WH-019,URGENT

PKG-006621,16.26,WH-084,WH-029, STANDARD 
PKG-006622,294.07,WH-074,WH-063, LOW 
PKG-006623,255.07,WH-055,WH-017,URGENT
PKG-006624,N/A,WH-063,WH-044,STANDARD
PKG-006625,62.15,,wh-026,
pkg-006626,4.48,WH-014,WH-100,URGENT
PKG-006627,370.33,wh-055,WH-018,URGENT
PKG-006628,218.68,WH-032,WH-009,CRITICAL
PKG-006629,330.35,WH-056,WH-065,LOW
PKG-006630,128.68,WH-043,wh-071,URGENT
PKG-006631,448.68,WH-093,WH-023,URGENT
pkg-006632,31.47,WH-043,WH-049,LOW
PKG-006633,228.41,WH-090,WH-016,STANDARD
PKG-006634,222.58,WH-012,WH-019,STANDARD
PKG-006635,50.69,wh-069,WH-051,URGENT
PKG-006636,235.06,WH-050,WH-051,URGENT
PKG-006637,354.43, WH-053 ,WH-030,LOW
PKG-006638,341.83, WH-029 ,WH-047,EXPRESS
PKG-006639,330.52,WH-015,WH-050,urgent
PKG-006640,0.89,WH-093,WH-020,STANDARD
PKG-006641,17.88,WH-015,WH-065,STANDARD
PKG-006642,299.10,WH-012,WH-022,LOW
PKG-006643,null,WH-090,WH-054,URGENT
PKG-006644,284.99,WH-033,WH-063,LOW
PKG-006645,268.13,WH-036,WH-031, URGENT ,
PKG-006646,493.72,WH-006,WH-037,URGENT
PKG-006647,259.30,WH-044,WH-090,STANDARD
PKG-006648,168.76,WH-014,WH-082,STANDARD
PKG-006649,302.48, WH-019 ,WH-060,STANDARD
PKG-006650,304.64,,wh-046,URGENT
PKG-006651,95.14,WH-068,WH-060,STANDARD
PKG-006652,150.47,WH-007,WH-034,URGENT
PKG-006653,322.19,wh-095,WH-086, LOW ,
PKG-006654,165.18,WH-046,WH-033,LOW
PKG-006655,210.47,WH-077,WH-046,STANDARD
PKG-006656,359.46,WH-011,WH-024,URGENT
PKG-006657,69.10,WH-095,WH-065,LOW
PKG-006658,398.48,WH-025,WH-085,STANDARD
PKG-006659,53.27,WH-022,WH-090,LOW
 PKG-006660 ,71.68,WH-073,wh-033,LOW
PKG-006661,467.57,WH-049,WH-034,STANDARD
PKG-006662,64.84, WH-089 ,WH-041,LOW
PKG-006663,296.06,WH-048,WH-057,URGENT
PKG-006664,479.64,WH-079,wh-019,LOW
PKG-006665,254.80,WH-096,,LOW
PKG-006666,107.75,WH-049,WH-055,LOW
PKG-006667,492.59,WH-005,WH-064,NONE
PKG-006668,143.66,WH-088,WH-001,URGENT
PKG-006669,230.46,wh-054,WH-022,STANDARD
pkg-006670,296.81,WH-063,WH-009,LOW
PKG-006671,63.33,WH-029,WH-069,urgent
PKG-006672,483.17,wh-029,WH-077,URGENT
 PKG-006673 ,121.39,WH-041,WH-024,LOW
,117.03,WH-087,WH-010, LOW 
 PKG-006675 ,437.53,WH-100, WH-018 ,STANDARD
PKG-006676,245.79,WH-021,WH-081,urgent
PKG-006677,296.26,wh-073,WH-091,LOW
PKG-006678,434.91,WH-074,WH-073,URGENT
PKG-006679,286.43,WH-046,WH-013,STANDARD
PKG-006680,17.82,WH-096,,URGENT,
PKG-006681,310.84,WH-022,WH-046,LOW
PKG-006682,74.58,WH-047,WH-016,
PKG-006683,498.71,WH-042,WH-073,LOW

pkg-006684,253.00,WH-046,WH-064,URGENT
PKG-006685,427.55,WH-024,WH-053,LOW
PKG-006686,83.21, WH-025 ,WH-030,LOW
PKG-006687,217.43,WH-014,wh-064,LOW
PKG-006688,292.21,WH-020,WH-058,LOW
PKG-006689,232.26,WH-036,WH-078,URGENT
PKG-006690,65.41,wh-085,WH-089,STANDARD
PKG-006691,251.94,WH-076,WH-035,STANDARD
PKG-006692,48.06,WH-087,WH-002,LOW
PKG-006693,25.76,WH-071,WH-004,STANDARD
PKG-006694,123.97,WH-060,wh-009,STANDARD
PKG-006695,305.54,WH-024,WH-087,URGENT
PKG-006696,315.79,WH-031,WH-098,LOW
PKG-006697,425.52,WH-085,WH-059,LOW
PKG-006698,253.74,WH-018,WH-027,URGENT
PKG-006699,398.85,WH-082,WH-091,LOW
PKG-006700,492.41,WH-013,WH-029,NONE
PKG-006701,401.83,WH-079,WH-026,STANDARD
PKG-006702,338.31,wh-048,WH-092,URGENT
PKG-006703,271.3677982565669kg,WH-069,WH-059,URGENT
PKG-006704,394.59,WH-098,WH-033,URGENT
PKG-006705,185.19,WH-057,WH-090, STANDARD 
 PKG-006706 ,281.20,WH-080,WH-036,
PKG-006707,449.34,WH-049,WH-035,urgent
PKG-006708,55.73,WH-022,WH-029,LOW
pkg-006709,161.05,WH-092,WH-023,URGENT
PKG-006710,252.25,WH-096,WH-084,URGENT
PKG-006711,242.91,WH-032,WH-033,URGENT
PKG-006712, 170.6508168247619 ,WH-098,WH-065,LOW
PKG-006713,258.77,WH-083,WH-081,STANDARD
PKG-006714,20.36,WH-097,WH-080,LOW
PKG-006715,439.70,WH-040,WH-061,STANDARD
PKG-006716,365.82,WH-075,WH-016,LOW
pkg-006717,421.94,WH-010,WH-021,STANDARD
PKG-006718,364.17,WH-004,WH-026,
PKG-006719,294.20, WH-075 ,WH-005,STANDARD
PKG-006720,269.16,WH-100,WH-084,LOW
PKG-006721,171.59,WH-060,wh-043
PKG-006722,474.19,WH-058,WH-021,URGENT
PKG-006723,134.52,WH-088,WH-096,
PKG-006724,null,WH-087,WH-033,URGENT
PKG-006725,294.47,WH-083,WH-099,LOW
PKG-006726,325.10,WH-040,WH-004,STANDARD
PKG-006727,429.09,WH-031,WH-085,LOW
PKG-006728,147.82,WH-064,wh-024,STANDARD
PKG-006729,285.99,wh-055,WH-002,urgent
PKG-006730,152.82,WH-004,WH-034,low
PKG-006731,179.02,WH-083,,URGENT
PKG-006732,151.63,WH-030,WH-048,LOW
PKG-006733,428.36,WH-023,WH-056,STANDARD
PKG-006734,396.19,WH-091,WH-035, STANDARD 
PKG-006735,1.94,WH-058, WH-069 ,LOW
PKG-006736,433.53,WH-073,WH-083,STANDARD
PKG-006737,363.54,WH-012,WH-071,LOW
PKG-006738,270.80,WH-099,WH-076,STANDARD
PKG-006739,84.67,WH-067,WH-013,URGENT
PKG-006740,10.37, WH-094 , WH-033 ,URGENT,
PKG-006741,274.15,WH-042,WH-002,URGENT
PKG-006742,94.34,,WH-017,STANDARD

PKG-006743,145.59,WH-045,WH-021,STANDARD
PKG-006744,100.38,WH-014,WH-066,STANDARD
 PKG-006745 ,491.07,WH-065,WH-045,URGENT
PKG-006746,24.14,WH-082,WH-074,urgent
PKG-006747,45.27,WH-068,WH-075,STANDARD
PKG-006748,476.44,WH-097,WH-046,STANDARD
PKG-006749,275.57,WH-085,WH-029,STANDARD
PKG-006750,14.09,WH-052,WH-094,STANDARD
,153.01,WH-049,WH-099,URGENT
PKG-006752,150.32,WH-033,WH-067,LOW
PKG-006753,168.28,WH-064,WH-053,STANDARD
pkg-006754,487.96,WH-099, WH-004 ,URGENT
PKG-006755,354.58,WH-062,WH-033,LOW
PKG-006756,312.53,WH-028,WH-023,LOW
PKG-006757,248.67,WH-010,WH-011,CRITICAL
PKG-006758,418.83,wh-060,WH-073,LOW
PKG-006759,209.64,WH-069,WH-083,URGENT,
PKG-006760,298.29,WH-030,WH-095,URGENT
PKG-006761,177.37, WH-056 ,WH-045,URGENT
PKG-006762,,WH-095,WH-009, LOW 
PKG-006763,276.31,WH-018,WH-057,URGENT
PKG-006764,249.17,WH-067,WH-006,LOW
PKG-006765,364.95,WH-002,wh-098,LOW
PKG-006766,303.49,WH-022,WH-061
PKG-006767,473.91,WH-088, WH-069 , STANDARD 
pkg-006768,50.18,WH-055,WH-003,LOW
pkg-006769,143.93,WH-028,WH-050,URGENT
PKG-006770,467.33,WH-042,WH-062,LOW
PKG-006771,379.29,WH-083,WH-053,LOW
PKG-006772,396.23,WH-060,WH-063,STANDARD
PKG-006773,384.01,WH-027,WH-055,STANDARD
PKG-006774,446.06,WH-057,WH-025,LOW
PKG-006775,70.33,WH-032,WH-016,URGENT
 PKG-006776 ,19.01,WH-018,WH-040,STANDARD
PKG-006777,492.10,WH-082,WH-099,CRITICAL
PKG-006778,132.95,WH-083,wh-100,URGENT
PKG-006779,477.16,WH-085,WH-084,STANDARD
PKG-006780,458.96,WH-094,WH-044,STANDARD
PKG-006781,380.98,WH-013,WH-007,STANDARD
PKG-006782,261.97,WH-074,WH-019,urgent
PKG-006783,380.78,WH-075,WH-028,LOW
PKG-006784,487.26,WH-053,WH-075, STANDARD 
PKG-006785,356.93,WH-086,WH-031,STANDARD
PKG-006786,404.70,WH-025,WH-088,STANDARD
PKG-006787,187.56,WH-098,WH-040,URGENT
PKG-006788,263.43,WH-032,wh-040,URGENT
PKG-006789,315.99,WH-042,WH-098,STANDARD,
PKG-006790,413.04,WH-011,WH-061,LOW
PKG-006791,54.98,WH-060,WH-076
 PKG-006792 ,338.33,WH-003,WH-082, LOW 
PKG-006793,489.82,WH-065,wh-028,STANDARD
 PKG-006794 ,161.35, WH-025 ,WH-030,LOW
PKG-006795,56.69081650120573kg,WH-061,WH-033,STANDARD
PKG-006796,208.57,WH-029,WH-041,URGENT
PKG-006797,398.26,WH-073,WH-091,URGENT
PKG-006798,282.89,WH-032,WH-038,LOW
PKG-006799,475.28,WH-048,WH-011,URGENT
PKG-006800,176.46, WH-033 ,WH-069, URGENT 
PKG-006801,481.67,WH-027,WH-008,LOW
PKG-006802,42.94,WH-093,WH-040,STANDARD
PKG-006803,431.74,WH-026,WH-016,URGENT
PKG-006804,389.89,WH-004,WH-062,LOW
PKG-006805,247.65,WH-003,WH-021,URGENT
PKG-006806,157.11,WH-016,WH-100,LOW
PKG-006807,368.46,WH-039,WH-005,STANDARD
PKG-006808,331.83,WH-015,WH-077, URGENT 
PKG-006809,308.00,WH-009,WH-085,STANDARD
PKG-006810,460.42,WH-094,wh-097,STANDARD
PKG-006811,123.68,WH-037, WH-080 ,URGENT
PKG-006812,,WH-017,WH-003,urgent
PKG-006813,291.61,WH-009,WH-091,LOW
PKG-006814,86.80, WH-011 ,WH-066,STANDARD
 PKG-006815 ,4.14,,WH-019,LOW
PKG-006816,451.46,WH-083,WH-023,STANDARD
PKG-006817,84.27,WH-051,WH-028,URGENT
PKG-006818,147.90, WH-070 ,WH-045,STANDARD
PKG-006819,296.78,WH-035,wh-056,LOW
PKG-006820,220.59,WH-007,WH-067,LOW
PKG-006821,192.80,WH-097,WH-071, URGENT 
PKG-006822,5.37,WH-091,WH-022,CRITICAL
PKG-006823,435.11,WH-098,WH-090,LOW
PKG-006824,55.18,WH-074,WH-077,URGENT
PKG-006825,490.78,WH-070,WH-098,STANDARD
PKG-006826,45.42,WH-049,WH-069,STANDARD
PKG-006827,332.26,WH-056,WH-098,URGENT
PKG-006828,165.77,WH-003,WH-053,URGENT
 PKG-006829 ,56.25,WH-086,WH-024
PKG-006830,473.46,WH-076,WH-005,STANDARD
pkg-006831,7.42,WH-048,WH-076,LOW
PKG-006832,241.27,WH-048,WH-006,STANDARD
PKG-006833,104.15,WH-024,WH-032,STANDARD
PKG-006834,451.99,WH-062,WH-007,STANDARD
PKG-006835,165.82,WH-020,WH-054,URGENT
,396.15,WH-093,WH-072,URGENT
PKG-006837,276.19,WH-028,WH-026,LOW
PKG-006838,235.73,,WH-073,URGENT
PKG-006839,23.33,WH-072,WH-049,URGENT
PKG-006840,482.63,WH-092,WH-007,STANDARD
PKG-006841,394.81,WH-015,WH-075,URGENT
PKG-006842,413.87,WH-045,WH-067,URGENT
PKG-006843,null,WH-059,WH-081,CRITICAL
pkg-006844,149.32,WH-061,WH-024,STANDARD
PKG-006845,323.06,WH-096,WH-021,LOW
PKG-006846,497.43,WH-075,WH-030,URGENT
PKG-006847,464.47,wh-051,WH-036,URGENT
PKG-006848,344.06,WH-079,wh-022,
 PKG-006849 ,455.60,wh-069,WH-011,URGENT
 PKG-006850 ,217.13,WH-034,WH-055,EXPRESS
PKG-006851,177.68, WH-081 ,WH-089,LOW
PKG-006852,null,WH-086, WH-025 ,
PKG-006853,82.08,WH-017,WH-084,LOW

PKG-006854,345.24,WH-074,WH-078, LOW 
PKG-006855,297.84, WH-077 ,WH-088,URGENT
PKG-006856,450.46,WH-085,WH-084,URGENT

PKG-006857,346.54,wh-008,wh-020,LOW
PKG-006858,306.93,WH-047,WH-082, LOW 
 PKG-006859 ,131.73,WH-057, WH-011 ,URGENT
PKG-006860,310.25,WH-049,WH-089,URGENT
PKG-006861,380.93,WH-071, WH-040 ,LOW
PKG-006862,125.11,WH-044,WH-001,
PKG-006863,373.96,WH-085,WH-043,LOW
PKG-006864,406.66,WH-003,WH-049,LOW
PKG-006865,52.91,WH-039,WH-031,STANDARD
PKG-006866,93.80,WH-012,WH-075,STANDARD
 PKG-006867 ,189.54,WH-047,WH-084,STANDARD
pkg-006868,N/A,WH-095,WH-062,URGENT
PKG-006869,N/A,WH-065,WH-047,URGENT
PKG-006870,179.84,WH-045,WH-068,LOW
PKG-006871,null,WH-020,WH-066,STANDARD
PKG-006872,10.62,WH-062,WH-045,EXPRESS
PKG-006873,356.14,WH-070,WH-010,STANDARD
PKG-006874,30.57,WH-097,WH-087,URGENT
PKG-006875,239.21,WH-095,WH-030,STANDARD
pkg-006876,291.67,WH-043,WH-095,URGENT
 PKG-006877 ,253.83,WH-047,WH-055,LOW
PKG-006878,null,WH-046,,URGENT
PKG-006879,245.08,WH-020,WH-084,URGENT
PKG-006880,,WH-064,WH-029,STANDARD
PKG-006881,416.19,WH-028,WH-005, STANDARD 
PKG-006882,413.29,WH-098,WH-087,STANDARD
PKG-006883,137.00, WH-083 ,WH-015,LOW
pkg-006884,498.34,WH-001,WH-049,STANDARD
PKG-006885,219.50,WH-017,wh-054,URGENT
PKG-006886,65.58,WH-042,WH-087,LOW
PKG-006887,263.45,WH-070,WH-028,standard
PKG-006888,304.56,WH-067,WH-074,STANDARD
PKG-006889,58.98,WH-075,WH-091,LOW
PKG-006890,392.23,WH-089,WH-086,STANDARD
PKG-006891,250.47,WH-044,WH-002,EXPRESS
pkg-006892,95.89,WH-062,WH-090,LOW
PKG-006893,429.49,WH-019,WH-091,STANDARD
PKG-006894,354.65,WH-053,WH-036,URGENT
PKG-006895,336.34,WH-066,WH-074,LOW
PKG-006896,283.63,WH-068,WH-045,
PKG-006897,133.51311443857185kg,WH-048,WH-010,STANDARD
PKG-006898,206.73,WH-061,WH-052,STANDARD
PKG-006899,304.15,WH-009,WH-043, LOW 
PKG-006900,154.05,WH-019,WH-043,STANDARD
PKG-006901,416.36,WH-021,WH-024
PKG-006902,491.91,WH-001,WH-042,CRITICAL
PKG-006903,140.56,WH-055, WH-015 ,STANDARD
PKG-006904,233.02,WH-083,WH-026,URGENT
PKG-006905,204.68,WH-032,WH-067,URGENT
PKG-006906,394.18,WH-024,WH-077,URGENT
PKG-006907,164.02,WH-096,WH-095,standard
PKG-006908,318.86,,wh-032,LOW
pkg-006909,475.80,WH-006,WH-005,LOW
PKG-006910,279.70,WH-006,WH-080, STANDARD 
PKG-006911,86.56,WH-086,WH-085,LOW
 PKG-006912 ,300.03,WH-071,WH-069
PKG-006913,196.56,WH-044,WH-086,URGENT

PKG-006914,174.59,WH-087,WH-031,LOW
PKG-006915,29.06,WH-011,WH-014,URGENT
PKG-006916,467.26,WH-091,WH-056,URGENT
PKG-006917,46.54,WH-088,WH-075,URGENT
PKG-006918,352.46,WH-022,WH-059,EXPRESS
PKG-006919,412.37,WH-014,WH-032,LOW
pkg-006920,16.60,WH-012,WH-055,URGENT
PKG-006921,182.11,WH-023,WH-076,CRITICAL
PKG-006922,87.76875534122307kg,WH-059,WH-088,LOW
PKG-006923,15.34,WH-012,WH-073,URGENT
PKG-006924,128.41,WH-093,wh-078,STANDARD
PKG-006925,219.21,WH-042,WH-031,LOW
PKG-006926,72.04,WH-028,WH-044,LOW
PKG-006927,464.12,,WH-067,urgent
pkg-006928,397.06,WH-043,WH-089,URGENT
PKG-006929,,WH-048,WH-037,LOW
PKG-006930,347.78,WH-041,WH-093,LOW
PKG-006931,411.18,WH-050,WH-093,URGENT
PKG-006932,132.73,WH-074, WH-071 ,URGENT
PKG-006933,48.07,WH-036,WH-097,LOW
PKG-006934,312.76,WH-074,WH-089,URGENT
PKG-006935,N/A,WH-028,WH-074,STANDARD
PKG-006936,233.14,WH-084,WH-070,STANDARD
PKG-006937,314.75,WH-066,wh-099,LOW
pkg-006938,343.84,WH-028,WH-093,STANDARD
PKG-006939,224.40,WH-083,WH-045,STANDARD
PKG-006940,53.83,WH-041,WH-076,URGENT
PKG-006941,13.82,WH-070,WH-041,URGENT
PKG-006942,341.95,WH-094,WH-046,LOW
PKG-006943,242.56,WH-019,WH-093,LOW
PKG-006944,284.32,WH-010, WH-067 ,LOW
PKG-006945,395.78,WH-048,WH-063,LOW
PKG-006946,223.96,WH-039,WH-063,STANDARD
PKG-006947,85.21,WH-060,WH-037,STANDARD
 PKG-006948 ,493.84,,WH-086,STANDARD
PKG-006949,216.44,WH-073,WH-066,STANDARD
PKG-006950,434.29,wh-057,WH-099,STANDARD
PKG-006951,109.65,WH-063,wh-093,LOW
PKG-006952,30.45,WH-029,WH-007,URGENT
PKG-006953,69.29,wh-054,WH-080,URGENT
PKG-006954,195.08,WH-056,WH-017,URGENT
PKG-006955, 383.052084875727 ,WH-084,WH-042,LOW
PKG-006956,170.10,WH-033,WH-011,LOW
PKG-006957,341.18,WH-032,WH-018,STANDARD
PKG-006958,115.33,WH-055,WH-001,LOW,
pkg-006959,313.07,WH-050,WH-088,STANDARD
PKG-006960,30.90,WH-013,WH-057,URGENT
,347.07,wh-042,WH-052,LOW
PKG-006962,456.82,WH-036,,LOW
PKG-006963,471.28,WH-064,WH-095,STANDARD
PKG-006964,201.57, WH-072 ,WH-070,urgent
,431.89,WH-004,WH-086,URGENT
PKG-006966,18.23,WH-039,WH-082,STANDARD
PKG-006967,482.95,WH-053,WH-066,URGENT
PKG-006968,125.64,WH-007,WH-004,low
PKG-006969,150.14,WH-031,WH-028,LOW
PKG-006970,295.25,WH-046,WH-069,LOW
PKG-006971,346.91,WH-047,WH-039,LOW
PKG-006972,407.57,WH-034,WH-017,LOW
PKG-006973,486.85,WH-056,WH-013,EXPRESS
PKG-006974,null,WH-065,WH-060,STANDARD
PKG-006975,44.19,WH-040,WH-031,URGENT
PKG-006976,331.15,WH-034, WH-038 ,URGENT
PKG-006977,98.23,WH-021,WH-058,LOW
PKG-006978,34.90,WH-063,WH-017,URGENT
PKG-006979,,WH-011,WH-067,STANDARD

PKG-006980,314.42,WH-034,WH-027,URGENT
PKG-006981,163.42,WH-078,WH-065,STANDARD
PKG-006982,223.13,WH-026,WH-094
pkg-006983,265.45,WH-022,WH-003,STANDARD
PKG-006984,152.45,WH-086,WH-009,URGENT
 PKG-006985 ,299.85,WH-002,WH-005,STANDARD

PKG-006986,279.38,WH-042,WH-032,STANDARD
pkg-006987,null,WH-005,WH-051,LOW
PKG-006988,402.37,WH-059,WH-037,STANDARD
PKG-006989,77.06, WH-094 ,WH-042, URGENT 
PKG-006990,91.71,WH-012,WH-096,LOW
PKG-006991,17.55,WH-054,WH-065,URGENT
PKG-006992,38.29,WH-082,WH-062,URGENT
PKG-006993,289.37,WH-030,WH-007, STANDARD 
PKG-006994,299.27,wh-086,WH-032,STANDARD
PKG-006995,309.04,WH-035,WH-053,LOW
PKG-006996, 45.37398973920932 , WH-016 ,WH-050,URGENT
 PKG-006997 ,310.34,WH-035,WH-065,URGENT
PKG-006998,279.64,WH-033,WH-023,URGENT
PKG-006999,118.15,WH-080,WH-067,LOW
PKG-007000,453.54,WH-019,WH-013,URGENT
PKG-007001,346.95,WH-076,WH-066,STANDARD
PKG-007002,69.72,WH-019,WH-043,STANDARD
PKG-007003,92.02,WH-043,WH-013,STANDARD
PKG-007004, 378.9415262454406 ,WH-069,WH-033,standard
PKG-007005,495.03,WH-002,WH-038,STANDARD
PKG-007006,46.51,WH-007,WH-057,STANDARD
PKG-007007,140.55,WH-064,WH-072,STANDARD
PKG-007008,302.43,WH-079,WH-059,STANDARD
PKG-007009,416.98,WH-078,WH-073,URGENT

PKG-007010,245.92,WH-096,WH-002,URGENT
PKG-007011,222.99,WH-032,WH-042,URGENT
PKG-007012,434.98, WH-090 ,WH-017,STANDARD
pkg-007013,268.34,WH-058,WH-061,STANDARD
PKG-007014,211.94,WH-075,WH-007,URGENT
pkg-007015,17.24,wh-023, WH-038 ,LOW
PKG-007016,104.99,WH-085, WH-084 ,STANDARD
PKG-007017,351.89,WH-050,WH-046,LOW
pkg-007018,352.38,WH-031,WH-095,URGENT
PKG-007019,274.03,WH-081,WH-017,LOW
PKG-007020,220.34,WH-052,WH-031,low
PKG-007021,172.84,WH-053,WH-046,URGENT
PKG-007022,0.60,WH-080,WH-091, LOW 
PKG-007023,14.82,WH-008,WH-023,STANDARD
PKG-007024,355.80,WH-074,WH-088, URGENT 
PKG-007025,67.98,WH-006,WH-009,STANDARD
PKG-007026,351.85,WH-012,WH-085,URGENT
PKG-007027,446.82,WH-043,WH-084,URGENT
PKG-007028,,WH-024,WH-081,LOW
PKG-007029, 234.4296035492675 ,WH-043,WH-055,LOW,
PKG-007030,79.91,WH-064,WH-046,STANDARD
PKG-007031,234.44,WH-015,wh-057,URGENT
PKG-007032,370.27,WH-057,WH-015,STANDARD,
PKG-007033,358.02,WH-044,WH-099,LOW
PKG-007034,490.53,WH-048, WH-081 ,STANDARD
PKG-007035,449.36,WH-080,WH-021, URGENT 

PKG-007036,205.50,WH-088,WH-069,LOW
PKG-007037,308.51,WH-014,WH-032
pkg-007038,466.61,WH-090,WH-078,LOW,
 PKG-007039 ,456.39,WH-063,WH-026,LOW
PKG-007040,,WH-040,WH-076,STANDARD
PKG-007041,339.18,WH-027,WH-018,LOW
pkg-007042,239.59,WH-043,WH-020,STANDARD
PKG-007043,316.20,WH-095, WH-060 ,LOW
 PKG-007044 ,347.78,WH-043,WH-028,urgent
pkg-007045,141.58,,WH-066,urgent
PKG-007046,318.08,WH-054,WH-040,low
,332.38,WH-006,WH-034,LOW
 PKG-007048 ,257.38,WH-048,WH-040,STANDARD
pkg-007049,169.78,WH-088,WH-024,LOW
PKG-007050,184.16,WH-031,WH-051,STANDARD
PKG-007051,31.50,WH-064,WH-039,STANDARD
PKG-007052,413.71,WH-043,WH-016,STANDARD
PKG-007053,179.05,WH-086,WH-036,URGENT
PKG-007054,192.41,WH-006,WH-034
PKG-007055,133.97,WH-035,,STANDARD
PKG-007056,344.94,WH-093,WH-032,LOW
PKG-007057,403.97,WH-050,WH-070,,
PKG-007058,203.26,wh-015,WH-023, URGENT 
PKG-007059,493.14,WH-038,WH-095,STANDARD
PKG-007060,76.79,WH-077,WH-047, URGENT 
PKG-007061,,WH-081,WH-003,low
PKG-007062,47.43,WH-050,WH-055,STANDARD
pkg-007063,406.06,,WH-005,LOW
PKG-007064,272.45,WH-022,WH-081,LOW
PKG-007065,359.17,WH-098, WH-042 ,URGENT
PKG-007066,,WH-060,WH-015,STANDARD
PKG-007067,360.17,WH-008,WH-048,STANDARD
PKG-007068,417.34,WH-047,WH-053,URGENT
PKG-007069,34.07,WH-023,WH-003,LOW
 PKG-007070 ,189.88,WH-068,WH-027,LOW
PKG-007071,227.92,WH-041,WH-007, STANDARD 
PKG-007072,92.87,WH-012,WH-054,URGENT
PKG-007073,212.32,WH-037,WH-088,EXPRESS
 PKG-007074 ,117.43,WH-099,WH-069,LOW
PKG-007075,54.12,WH-087,WH-097,STANDARD
pkg-007076,36.37,WH-053,WH-046,NONE
PKG-007077,423.40,WH-059,WH-074,URGENT
 PKG-007078 ,106.12,WH-072,WH-043,URGENT
PKG-007079,310.57,WH-094,WH-049,STANDARD
PKG-007080,312.41,wh-012,WH-097,URGENT
PKG-007081,286.01,WH-045,WH-057,STANDARD
PKG-007082,123.07,WH-054,WH-001,URGENT
PKG-007083,347.93,WH-033,WH-045,STANDARD
PKG-007084,N/A,WH-053,WH-020,STANDARD
PKG-007085,144.31,WH-058,WH-005,STANDARD
PKG-007086,118.54,WH-067,WH-058,STANDARD
PKG-007087,189.89,WH-002, WH-014 ,STANDARD
 PKG-007088 ,431.77,WH-032,WH-013,LOW
pkg-007089,360.35,WH-002,WH-015,URGENT
PKG-007090,433.46,WH-016,WH-038,
PKG-007091,365.93,WH-039,WH-058,LOW
PKG-007092,145.45,WH-062,WH-095,LOW
PKG-007093,234.53,WH-032,WH-082
PKG-007094,112.12,WH-047,WH-099,STANDARD
PKG-007095,446.37,WH-089,WH-012,URGENT
 PKG-007096 ,331.20,WH-031,WH-062,LOW
PKG-007097,110.29,WH-043,WH-004,STANDARD
PKG-007098,215.55,WH-079,wh-043,LOW
PKG-007099,309.78,WH-097,WH-090,STANDARD
PKG-007100,374.40,WH-041,WH-048,LOW
PKG-007101,89.46,WH-039,WH-089,STANDARD
PKG-007102,93.20,WH-085,WH-002,URGENT
PKG-007103,108.22,WH-058,WH-052
PKG-007104,N/A,wh-041,WH-085,URGENT
PKG-007105,468.54,WH-064,WH-037,URGENT
PKG-007106,94.50,WH-057,WH-074,LOW
PKG-007107,42.65,WH-013,WH-033,URGENT
PKG-007108,430.01,WH-089,WH-027,URGENT
PKG-007109,219.33,WH-050,WH-030,LOW
PKG-007110,293.28,WH-003,WH-066, URGENT 
PKG-007111,428.91,WH-050,WH-041,STANDARD
PKG-007112,431.95,WH-091,WH-030, URGENT 
PKG-007113,300.47,WH-092,WH-046,LOW
PKG-007114,340.82,WH-047,WH-025,STANDARD
PKG-007115,231.34, WH-095 ,WH-014,URGENT
PKG-007116,222.88,wh-099,WH-028,low
PKG-007117,N/A,WH-022,WH-009,STANDARD
PKG-007118,117.76,WH-092, WH-089 ,STANDARD
PKG-007119,123.52,WH-070,WH-037,LOW
PKG-007120,274.57,WH-024,WH-013,URGENT
,47.07,WH-015,WH-066,STANDARD
PKG-007122,304.88,WH-093,WH-066,LOW
PKG-007123,452.89,WH-004,WH-029,LOW
PKG-007124,349.96,WH-024,WH-010, LOW 
PKG-007125,280.88,WH-067,WH-066,LOW

PKG-007126,404.96,WH-054,WH-039,URGENT
PKG-007127,295.05,WH-035,WH-001,
PKG-007128,366.56,WH-087,WH-048,STANDARD
PKG-007129,117.61,WH-094,WH-007,LOW
PKG-007130,250.68,WH-048,WH-008,LOW
PKG-007131,413.27,WH-038,WH-003,STANDARD,
PKG-007132,,WH-002,WH-049,URGENT
PKG-007133,203.00,WH-040,wh-016,STANDARD
PKG-007134,217.85,WH-029,WH-081,URGENT
PKG-007135,283.37,WH-014,WH-094,URGENT
PKG-007136,214.81, WH-061 ,WH-063, LOW 
PKG-007137,457.66, WH-010 ,WH-020,STANDARD
PKG-007138,360.43,WH-074,WH-062,LOW
PKG-007139,34.96,WH-019,WH-033,STANDARD
PKG-007140,196.89,WH-087,WH-001,URGENT
PKG-007141,435.70,WH-032,WH-029,STANDARD
 PKG-007142 ,72.10,WH-081,WH-008,URGENT
pkg-007143,242.23,,WH-094,LOW
PKG-007144,103.93,WH-025,WH-095,LOW
PKG-007145,148.58,WH-095,WH-048,LOW
PKG-007146,494.53,WH-066,WH-041,URGENT
PKG-007147,341.98,WH-047,WH-003,LOW
PKG-007148,58.93,WH-026, WH-018 ,URGENT
PKG-007149,4.35,WH-039,WH-011,LOW
PKG-007150,465.04,WH-011,WH-047,STANDARD
PKG-007151,373.49,WH-040,wh-020,LOW
PKG-007152,256.26,WH-098,WH-013,low
PKG-007153,427.31,WH-084,WH-041,STANDARD
PKG-007154,194.76813494396742kg,WH-022, WH-047 ,LOW
PKG-007155,170.71,WH-031,wh-009,LOW
PKG-007156,395.34,WH-056,WH-034,STANDARD
PKG-007157,427.90,WH-038,WH-077,urgent
PKG-007158,166.47,WH-044,WH-032,URGENT
PKG-007159,399.73,WH-011,WH-045,STANDARD
PKG-007160,410.02,WH-086,WH-025,STANDARD
PKG-007161,null,WH-039,WH-078,LOW
PKG-007162,339.81,WH-016,WH-011,EXPRESS
PKG-007163,385.27,wh-021,WH-007,LOW
PKG-007164,454.07,WH-006,WH-065, URGENT 
PKG-007165,N/A,WH-044,wh-019,LOW
 PKG-007166 ,167.13,WH-010,WH-080,LOW
PKG-007167,393.41,WH-073,WH-086,STANDARD
pkg-007168,217.88, WH-099 ,WH-063,STANDARD
PKG-007169,127.10,WH-053, WH-052 ,URGENT
PKG-007170,29.73,WH-003,wh-015,LOW
PKG-007171,2.69,WH-074,WH-010,LOW
PKG-007172,9.66,WH-056,WH-027,LOW
PKG-007173,251.36,WH-050, WH-080 ,LOW

PKG-007174,143.33,WH-032,WH-023,STANDARD
PKG-007175,48.85,WH-007,WH-053,URGENT
PKG-007176,381.96,WH-022,WH-025,URGENT
PKG-007177,351.85,WH-073,WH-082,URGENT,
PKG-007178,35.33,WH-009,WH-042,LOW
PKG-007179,19.40,WH-071,WH-002,URGENT

PKG-007180,88.65534151392438kg,WH-076,WH-037,LOW
PKG-007181,439.83413852252704kg,WH-039,WH-079,URGENT
PKG-007182,394.21,WH-052, WH-020 , LOW 
PKG-007183,55.24,,WH-027,STANDARD
PKG-007184,179.77,WH-074,WH-013,STANDARD
PKG-007185,100.59,WH-009,WH-063,STANDARD
PKG-007186,111.03,WH-009,WH-004,LOW
PKG-007187,N/A,WH-010,WH-012,URGENT
PKG-007188,251.62,WH-046,WH-007, LOW 
PKG-007189,193.01,WH-052,WH-045,CRITICAL
PKG-007190,451.39,WH-070,WH-093,STANDARD
PKG-007191,336.08,WH-020,WH-032,URGENT
 PKG-007192 ,262.44,WH-093,WH-021,URGENT
PKG-007193,65.59,WH-040,WH-008,standard
PKG-007194,464.74,WH-023,WH-039,STANDARD
PKG-007195,481.11,WH-073,WH-038,LOW
PKG-007196,396.95,WH-003,WH-035,LOW
PKG-007197,318.58,WH-020, WH-053 ,LOW
PKG-007198,115.72,WH-085,WH-009,LOW
PKG-007199,347.6379820599892kg,WH-011,WH-047,LOW
PKG-007200,262.13, WH-027 ,WH-050,STANDARD
PKG-007201,193.28,WH-023,WH-001,URGENT
PKG-007202,489.29,WH-075,WH-031,STANDARD
PKG-007203,57.67,WH-033, WH-100 ,STANDARD
PKG-007204,351.91,WH-095,WH-075,URGENT
 PKG-007205 ,341.17,WH-032,WH-024,LOW
PKG-007206,459.18,WH-014,WH-070,URGENT
PKG-007207,437.63,WH-045,WH-079,LOW
PKG-007208,318.97,WH-060,WH-023,URGENT
PKG-007209,457.56,wh-084,WH-095,LOW
PKG-007210,125.53,WH-068,WH-036,LOW
PKG-007211,437.72,WH-093,WH-034,standard
PKG-007212,,WH-077,WH-027,LOW
PKG-007213,266.28,WH-043,WH-013,LOW
PKG-007214,260.05,WH-050,WH-037,LOW
PKG-007215,407.69,WH-009,WH-063,URGENT,
PKG-007216,478.00,WH-071,WH-051,LOW
PKG-007217,128.41,WH-038,WH-002,LOW
PKG-007218,325.67,WH-023,WH-021,URGENT
 PKG-007219 ,119.34,WH-005,WH-042,STANDARD
PKG-007220,342.61,WH-047,WH-021,LOW
PKG-007221,119.69,WH-058,WH-026,STANDARD
PKG-007222,23.36,WH-020,WH-070,STANDARD
PKG-007223,N/A,WH-024,WH-085,URGENT
PKG-007224,443.42,WH-060,WH-022,LOW
PKG-007225,93.97,WH-073,WH-069,STANDARD
PKG-007226,460.15,WH-032,WH-020,VIP
PKG-007227,433.34,WH-040,WH-035,LOW
PKG-007228,146.71,WH-073,WH-081,URGENT
PKG-007229,375.78,WH-050,WH-001,LOW
PKG-007230,268.28,WH-026,WH-024,low
PKG-007231,37.97,WH-003,wh-011,EXPRESS
 PKG-007232 ,456.88,WH-023,WH-039,LOW
PKG-007233,27.77,WH-091,WH-076,STANDARD
PKG-007234,149.71,WH-065,wh-082,URGENT
PKG-007235,477.77,WH-089,WH-056,URGENT
PKG-007236,41.17,WH-052,WH-024,LOW
pkg-007237,168.82,WH-009,WH-012,LOW

PKG-007238,498.08,WH-059,WH-073,STANDARD
PKG-007239,371.85,wh-100,WH-088,LOW
PKG-007240,424.85,WH-026,WH-012,URGENT
PKG-007241,265.31,WH-080,WH-004,STANDARD
PKG-007242,10.20, WH-001 ,WH-052,LOW
PKG-007243,288.65,WH-056,WH-022,CRITICAL
PKG-007244,160.41,WH-022,WH-095,URGENT
PKG-007245,,WH-037,WH-088,URGENT
PKG-007246,122.10,WH-030,WH-018,low
,113.70,WH-011,wh-013,STANDARD
PKG-007248,4.16,WH-065,WH-078,URGENT
PKG-007249,69.44,WH-051,WH-075,STANDARD
PKG-007250,262.17,WH-071,WH-028,LOW
PKG-007251, 53.542853598511 ,WH-063,WH-036,low
PKG-007252,402.12,WH-027,WH-043,URGENT
PKG-007253,438.56, WH-024 ,WH-065,low
pkg-007254,331.66,,WH-023,LOW
PKG-007255,43.43,WH-030,WH-065,LOW
PKG-007256,493.76,WH-006,WH-075,low
PKG-007257,440.72,WH-020,WH-090,STANDARD
PKG-007258,42.54,WH-040,WH-024,STANDARD
PKG-007259,271.39,WH-094,WH-091,STANDARD
PKG-007260,113.01,WH-064,wh-094,urgent
pkg-007261,208.31,wh-028,WH-079,URGENT
PKG-007262,132.64,,WH-023,STANDARD
PKG-007263,177.52,WH-029,WH-060, LOW 
PKG-007264,419.88,WH-017,WH-048,URGENT
PKG-007265,101.75,WH-079,WH-042,urgent
, 450.28208139055323 ,WH-041,WH-051,URGENT
PKG-007267,25.73,WH-044,WH-025,STANDARD
PKG-007268,358.82,WH-082, WH-005 ,STANDARD
PKG-007269,61.53,WH-068,WH-047,STANDARD
PKG-007270,480.08,WH-011,WH-016, LOW 
PKG-007271,388.42,WH-075,WH-036,LOW
PKG-007272,249.05,wh-084,WH-024,LOW
PKG-007273,36.13,WH-020,WH-055,URGENT
PKG-007274,343.71,WH-038,WH-082,LOW
 PKG-007275 ,143.91,WH-028,WH-047,URGENT

 PKG-007276 ,443.14,WH-090,WH-015,LOW
 PKG-007277 ,null,WH-071,WH-039,STANDARD
PKG-007278,271.27,WH-012, WH-057 ,LOW
PKG-007279,6.99,WH-065,WH-068,STANDARD
PKG-007280,450.22,WH-015,WH-032,STANDARD
PKG-007281,89.10,WH-048,WH-091,EXPRESS
PKG-007282,79.75,WH-025,WH-068,STANDARD
PKG-007283,436.58,WH-090,WH-058,LOW
PKG-007284,192.48,WH-055,WH-083,URGENT
PKG-007285,142.92,WH-037,WH-087,standard
PKG-007286,285.96,WH-037,wh-087,URGENT
PKG-007287,269.53,WH-018,WH-036,standard
PKG-007288,246.69,WH-059,WH-008,STANDARD
PKG-007289,244.56,WH-015,WH-008,LOW
PKG-007290,57.33,WH-094,WH-075,LOW
PKG-007291,31.11,WH-061,WH-025,URGENT
PKG-007292,118.07,wh-003, WH-053 ,LOW
PKG-007293,104.85,WH-020,WH-008,STANDARD
PKG-007294,336.86,WH-082,WH-094,URGENT
PKG-007295,271.92,WH-034,WH-062,STANDARD
PKG-007296,1.04,WH-073,WH-064,URGENT
PKG-007297,490.29,WH-090,wh-016,STANDARD
PKG-007298,150.96,WH-026,wh-098,STANDARD
PKG-007299,312.23,WH-038,WH-086,URGENT
PKG-007300,379.01,WH-034,WH-089,URGENT
PKG-007301,122.17,WH-089,WH-057, LOW 
PKG-007302,287.19,WH-053,WH-011,STANDARD
PKG-007303,245.76,,WH-079,STANDARD
PKG-007304,256.19,WH-072,,URGENT
PKG-007305,421.21,WH-058,WH-067,CRITICAL
PKG-007306,374.46,WH-079,WH-039,
PKG-007307,377.62,WH-047,WH-001,CRITICAL
PKG-007308, 42.274757426713734 ,WH-044,WH-079,urgent
PKG-007309,422.79,WH-052,WH-041, URGENT 
PKG-007310,108.08,WH-043,WH-007,standard
PKG-007311,404.29,WH-037,WH-079, STANDARD 
PKG-007312,0.13,WH-015,WH-023,URGENT
PKG-007313,292.12,WH-063,WH-005,LOW
PKG-007314,463.26, WH-035 ,WH-088,LOW
PKG-007315,325.63,WH-033,WH-046,URGENT
PKG-007316, 406.4340620321628 ,WH-031,WH-092,LOW
PKG-007317,388.54,WH-046,,LOW
pkg-007318,117.30,WH-041,WH-045,URGENT
PKG-007319,227.28,WH-033,wh-082,LOW
PKG-007320,62.110839286451565kg, WH-069 ,WH-058,STANDARD
PKG-007321,462.71,WH-052,WH-061,STANDARD
PKG-007322,264.08,WH-057,WH-083,LOW
PKG-007323,21.56, WH-075 ,WH-051,LOW
pkg-007324,101.54,WH-042,WH-023,URGENT
PKG-007325,46.07,WH-066,WH-053,LOW
PKG-007326,174.31,WH-005,WH-072,LOW
PKG-007327,,WH-060,WH-025,STANDARD
PKG-007328,278.79,WH-072,WH-061
PKG-007329,267.47,WH-059,WH-073,STANDARD
PKG-007330,473.61,WH-016,WH-005,LOW
PKG-007331,381.82,WH-053, WH-044 ,LOW
pkg-007332,80.78,WH-030,WH-057,low
PKG-007333,310.85,wh-049,WH-050,URGENT
PKG-007334,40.82,WH-031,WH-089,LOW
PKG-007335,227.49,,WH-010,CRITICAL,
PKG-007336,244.26,WH-080,WH-098,urgent
PKG-007337,454.25572430432163kg,WH-012, WH-017 ,LOW
PKG-007338,308.91,WH-044,WH-079,LOW
PKG-007339,85.47,WH-086,WH-093,URGENT
PKG-007340,255.85,WH-057,WH-013,STANDARD
PKG-007341,388.49,WH-069,WH-046,STANDARD
PKG-007342,null,WH-015,WH-093, CRITICAL 
PKG-007343, 72.40526347158345 ,WH-048,WH-045,
PKG-007344, 289.7906155319198 ,WH-010,WH-086,
,317.57,WH-093,WH-028,URGENT
PKG-007346,484.07,WH-007,WH-026,STANDARD
PKG-007347,27.41,WH-069,WH-058,URGENT
PKG-007348,142.21,WH-018,WH-017,LOW
PKG-007349,5.23,WH-068,WH-059,NONE
PKG-007350, 66.5842268031736 ,WH-040,WH-078,STANDARD
PKG-007351,307.57,WH-011,WH-070,LOW
PKG-007352,386.97,WH-012,WH-050,STANDARD
PKG-007353,255.04,WH-078,WH-083,LOW,
PKG-007354,30.35,WH-065,WH-050,LOW
PKG-007355,271.73,WH-057,WH-085,URGENT
PKG-007356,290.79,WH-075,WH-014,LOW
PKG-007357,463.97,WH-073,WH-078,CRITICAL
PKG-007358,203.33,wh-034,WH-041,LOW
PKG-007359,481.79,WH-065,wh-085,LOW
PKG-007360,78.99,WH-066,WH-096,STANDARD
PKG-007361,233.69,WH-053, WH-034 ,URGENT
PKG-007362,98.42,WH-034,WH-096,STANDARD
pkg-007363,196.77,WH-014,wh-058,LOW
PKG-007364,85.77,WH-031,WH-093,LOW,
pkg-007365,339.53,WH-057,WH-045,URGENT
PKG-007366,155.90,WH-035,WH-069,LOW
PKG-007367,467.38,WH-018,WH-020,URGENT
PKG-007368,337.25,WH-004,WH-038,EXPRESS
PKG-007369,414.32,WH-034,WH-040,STANDARD
PKG-007370,9.24,wh-035,WH-014,URGENT
PKG-007371,118.80,WH-020,WH-002,LOW
,132.12,WH-026,WH-097,urgent
PKG-007373,333.45, WH-058 ,WH-055,STANDARD
PKG-007374,15.73,WH-016,WH-036,STANDARD
pkg-007375,218.98,WH-074,,STANDARD
PKG-007376,null,WH-093,WH-055,LOW
PKG-007377,297.92,WH-071,WH-004,LOW
PKG-007378,137.08,WH-018,WH-063,URGENT
PKG-007379,454.50,WH-075,WH-002,URGENT
PKG-007380,367.87,WH-063,wh-014,CRITICAL
PKG-007381,150.51,WH-044,WH-068,
PKG-007382,109.32,WH-047,WH-029,LOW
PKG-007383,437.27,WH-039,WH-063,EXPRESS
PKG-007384,59.47,WH-068,WH-094,STANDARD
PKG-007385,116.37,WH-056,WH-032,CRITICAL
PKG-007386,385.82,WH-080,WH-077,LOW
PKG-007387,139.25,WH-025,WH-098,URGENT
PKG-007388,192.57,WH-003,WH-033,URGENT
PKG-007389,99.13,WH-051,WH-048,STANDARD
PKG-007390,268.93,WH-079,WH-077,STANDARD
PKG-007391,448.95,WH-004,WH-082,LOW
PKG-007392,180.16,WH-063,,critical

PKG-007393,72.15,WH-088,WH-042,URGENT
,133.60,WH-018,WH-058,CRITICAL
PKG-007395,328.18,WH-073,WH-031,LOW
PKG-007396,46.79,WH-005,WH-044,URGENT
PKG-007397,118.45,WH-077,WH-013,LOW
PKG-007398,488.41,WH-034,WH-051,STANDARD
PKG-007399,24.60,WH-005, WH-087 ,LOW
PKG-007400,143.21,WH-029,WH-084,NONE
PKG-007401,11.16,WH-034,WH-013,URGENT
PKG-007402,99.25,WH-020,WH-080,URGENT
PKG-007403,434.30,WH-078,WH-093,urgent
PKG-007404,188.06,WH-098,WH-065, STANDARD 
pkg-007405,425.75,WH-085,WH-023,STANDARD
PKG-007406,4.36,WH-066,WH-087,low
PKG-007407,428.70,WH-033,WH-043,LOW
PKG-007408,128.79,WH-008,wh-070,LOW
PKG-007409,61.30,WH-084,WH-032,
PKG-007410,354.90,WH-017,WH-007,STANDARD,
PKG-007411,429.26,WH-053,WH-028,URGENT
PKG-007412,241.37,WH-008,WH-031,LOW
PKG-007413,84.65,WH-082,WH-090,STANDARD
PKG-007414,426.20,WH-043,WH-070,STANDARD
PKG-007415,147.82,WH-012,WH-097,LOW
PKG-007416,68.54,WH-047,WH-062,URGENT
PKG-007417,10.21,WH-003,,URGENT
 PKG-007418 ,67.04,WH-021,WH-065,URGENT
PKG-007419,123.96,WH-061, WH-079 ,URGENT
PKG-007420, 447.3385152659641 ,WH-020,WH-013,
 PKG-007421 ,322.45,WH-100,WH-079,LOW
,478.39,WH-037,WH-053,STANDARD
PKG-007423,236.31,WH-039,WH-038, URGENT 
PKG-007424,287.35,,WH-024,VIP
PKG-007425,260.68,WH-043,WH-059,STANDARD
PKG-007426,212.53,WH-037,WH-025,URGENT
PKG-007427,90.02,WH-017,WH-097,URGENT
PKG-007428,277.51,WH-001,WH-038
PKG-007429,128.76,WH-011, WH-093 ,STANDARD
PKG-007430,276.47,WH-010,WH-100,STANDARD
PKG-007431,299.33,WH-004,WH-051,URGENT
PKG-007432,317.29,,wh-019,LOW
PKG-007433,434.87,WH-080,WH-034,STANDARD
PKG-007434,141.30,WH-042,WH-087,LOW
PKG-007435,229.83,WH-012,WH-034,CRITICAL
PKG-007436,168.79,WH-099,WH-061,URGENT
PKG-007437,257.95,WH-041,WH-065,URGENT
PKG-007438,N/A,WH-053,WH-060
PKG-007439,302.78,WH-033,WH-046, VIP 
PKG-007440,50.71,WH-046,WH-064,URGENT
PKG-007441,24.01,WH-031,WH-084,URGENT
,464.65,WH-010,WH-092,URGENT
PKG-007443,457.97,WH-029,WH-023,
PKG-007444,21.32,WH-030,WH-027,STANDARD
PKG-007445,395.45,WH-019,WH-058,STANDARD
PKG-007446,258.85,WH-098,WH-048,URGENT
PKG-007447,255.57,WH-028,WH-050, LOW 
PKG-007448,346.71,WH-016,WH-085,STANDARD
PKG-007449,487.87,WH-046,WH-016, LOW 
PKG-007450,326.03,WH-088,WH-028,NONE
PKG-007451,83.48,WH-061,WH-038,LOW
pkg-007452,149.56,WH-073,WH-048, STANDARD 
PKG-007453,null,WH-076, WH-034 ,LOW
PKG-007454,445.46,WH-090,WH-028,
PKG-007455,62.80,,WH-059,low
PKG-007456,323.21,WH-088,WH-062,URGENT
PKG-007457,364.13,WH-098,WH-060,LOW
PKG-007458,26.40,WH-040,wh-046,URGENT
pkg-007459,84.15,WH-055,WH-006,STANDARD
PKG-007460,81.26,WH-051,WH-030,STANDARD
PKG-007461,64.13,WH-027,WH-036,LOW
PKG-007462,39.72,WH-072,WH-001,URGENT
PKG-007463,359.05,WH-040,WH-067,URGENT
PKG-007464,447.58,WH-002,WH-052,LOW
PKG-007465,26.68,WH-039,WH-004,LOW
PKG-007466,459.08,WH-040,WH-036,LOW
PKG-007467,355.12,WH-058, WH-003 ,URGENT
PKG-007468,299.99,WH-018,WH-064,URGENT

PKG-007469,162.12,WH-071,WH-066,STANDARD
 PKG-007470 ,430.0622094045692kg,WH-089,WH-086,LOW
PKG-007471,498.12,WH-063,WH-071,CRITICAL
PKG-007472,395.33, WH-073 , WH-003 , URGENT 
pkg-007473,310.15,WH-062,WH-009,STANDARD
PKG-007474,242.57,WH-008,WH-035,URGENT
PKG-007475,379.89,WH-100,WH-016,LOW
 PKG-007476 ,88.55,WH-010,WH-045,URGENT
PKG-007477,, WH-030 ,WH-094,LOW
PKG-007478,15.56,WH-024,WH-060,URGENT
PKG-007479,248.20,WH-079,WH-011,URGENT
PKG-007480,309.79,WH-027,WH-089,STANDARD
PKG-007481,178.41,WH-097,WH-020,LOW
PKG-007482,179.42,,WH-067,URGENT
,47.99,WH-067,wh-003,URGENT
PKG-007484,402.36,WH-043,wh-090,LOW
PKG-007485,354.19,WH-068,WH-020,LOW
 PKG-007486 ,130.78,WH-014,WH-042,STANDARD
PKG-007487,148.86,WH-077,WH-092,STANDARD
PKG-007488,328.59,WH-062,WH-063,URGENT
PKG-007489,112.59,WH-091,WH-096,URGENT
PKG-007490,392.01,WH-041,WH-042,STANDARD
PKG-007491,97.67,WH-018,WH-070,URGENT
PKG-007492,175.36, WH-019 ,WH-027,STANDARD
PKG-007493,248.31,wh-047,WH-091,LOW
PKG-007494,N/A,WH-019,WH-092,URGENT
PKG-007495,250.82,WH-010,WH-083,LOW
pkg-007496,413.42,WH-036,WH-054,LOW
PKG-007497,N/A,WH-037,WH-099,CRITICAL
PKG-007498,167.50,WH-003,WH-039,URGENT
PKG-007499,330.27,WH-038,WH-073,STANDARD
PKG-007500,400.23,WH-097,WH-031,STANDARD
PKG-007501,410.24,WH-038, WH-029 ,LOW
PKG-007502,243.53,WH-063,WH-078,LOW
PKG-007503,93.30,WH-090,WH-075,LOW
PKG-007504,406.01,WH-089,WH-067,LOW
PKG-007505,474.97,WH-094,WH-033,LOW
PKG-007506,416.32, WH-047 ,WH-054,URGENT
PKG-007507,74.68,WH-085,WH-063,urgent
PKG-007508,,WH-011,WH-096,STANDARD
PKG-007509,467.81,WH-017,WH-093,URGENT
PKG-007510,38.05,WH-036,WH-050,VIP
PKG-007511,116.90,WH-019,WH-042,LOW
PKG-007512,45.71,WH-040,WH-025,LOW
PKG-007513,358.50,WH-075,wh-076,URGENT
PKG-007514,281.20,WH-048,WH-086,LOW
PKG-007515,81.86,WH-044,WH-087,LOW
pkg-007516,78.76,WH-023, WH-051 ,STANDARD
pkg-007517,298.48,WH-029,WH-041,STANDARD
PKG-007518,176.94,WH-069,WH-063,URGENT
PKG-007519,131.20,WH-011,wh-039,NONE
PKG-007520,147.88,WH-050,WH-066,LOW
PKG-007521,448.41,WH-012,wh-066,LOW
PKG-007522,441.24,WH-079,WH-094,URGENT
PKG-007523,,WH-029,WH-079,LOW
PKG-007524,30.24,WH-050,WH-003,LOW
 PKG-007525 ,243.84,WH-039,WH-080,STANDARD
PKG-007526,306.46,WH-070,WH-042,STANDARD
PKG-007527,30.14,WH-036,WH-008,STANDARD
PKG-007528,null,WH-040,WH-041,urgent

PKG-007529,277.55,WH-040,WH-008,STANDARD,
PKG-007530,210.02,WH-079,WH-005,URGENT
PKG-007531,46.40,WH-023,WH-026,STANDARD
PKG-007532,424.93,,WH-043,STANDARD
PKG-007533,33.04,WH-094,WH-025,URGENT
PKG-007534,23.12,WH-035,WH-029,STANDARD
PKG-007535,279.53,WH-049,WH-087,URGENT
PKG-007536,33.14,WH-009,WH-051,STANDARD
 PKG-007537 ,324.78,WH-071,WH-073,URGENT
PKG-007538,201.65847291524597kg,WH-032,WH-010,URGENT
 PKG-007539 ,354.50,WH-010,WH-095,LOW
PKG-007540,138.48,WH-087,WH-093,URGENT
PKG-007541,402.09,wh-008,WH-037,LOW
PKG-007542,468.84,WH-001,WH-030,
PKG-007543,207.51, WH-082 ,WH-039,STANDARD
,271.01,WH-068,WH-059,STANDARD
PKG-007545,118.16,WH-074,WH-095,URGENT
PKG-007546,448.60,WH-050,WH-063,LOW
PKG-007547,209.42, WH-057 ,WH-067,LOW
PKG-007548,null,WH-007,WH-072, LOW 
PKG-007549,98.60,WH-056,WH-068,URGENT
PKG-007550,484.88,WH-034, WH-080 ,LOW
PKG-007551,79.04,WH-026,wh-075,LOW
PKG-007552,398.67,WH-070, WH-068 ,STANDARD
PKG-007553,486.82,WH-001,WH-013,LOW
PKG-007554,192.63,WH-028,WH-047,STANDARD

PKG-007555,N/A,WH-013,WH-067,STANDARD
PKG-007556,164.22,WH-052,WH-059,STANDARD
PKG-007557,370.41,WH-075,,STANDARD
PKG-007558,197.94,WH-034,WH-096,URGENT
PKG-007559,447.80,WH-039,WH-068,LOW
PKG-007560,193.31,WH-068,WH-099,STANDARD
PKG-007561,242.64,WH-098,WH-007,LOW
PKG-007562,318.82,WH-087, WH-051 , LOW 
pkg-007563,458.89597800206167kg,WH-083,WH-041,STANDARD
PKG-007564,454.97,WH-032,WH-061,LOW
PKG-007565,289.11,WH-078,WH-028,standard
PKG-007566,192.29,WH-021, WH-031 ,URGENT
PKG-007567,483.24,WH-045,WH-004,urgent
PKG-007568,114.41,WH-016,WH-022,LOW
PKG-007569,257.60,WH-072,WH-048,URGENT
PKG-007570,0.97,WH-068,WH-075,LOW
,193.91,WH-067,WH-060,LOW,
PKG-007572,62.30,WH-078,WH-012,STANDARD
PKG-007573,254.65,WH-021,WH-093,URGENT
pkg-007574,130.44,WH-003,WH-056,URGENT
PKG-007575,273.17,WH-091,WH-065,URGENT
PKG-007576,187.36,WH-099,WH-061,LOW
pkg-007577,159.20,WH-002,WH-047,URGENT
PKG-007578,153.44,WH-052,WH-020,LOW
PKG-007579,47.40,WH-044,WH-043,URGENT
 PKG-007580 ,498.64,WH-027,WH-051,STANDARD
 PKG-007581 ,172.47,WH-063,WH-015,URGENT
PKG-007582,175.50,WH-045,WH-073, URGENT 
PKG-007583,338.19, WH-071 ,WH-092,URGENT
PKG-007584,352.04,WH-084,WH-041,
PKG-007585,119.59,WH-047,WH-091,LOW
PKG-007586,345.99,WH-010,WH-018,STANDARD
PKG-007587,335.62,WH-054,WH-061,STANDARD
 PKG-007588 ,207.75,WH-054,WH-085
PKG-007589,127.77,WH-026,WH-057,URGENT
PKG-007590,97.73,WH-070,WH-086,URGENT

PKG-007591,224.28,WH-060,WH-084,STANDARD
PKG-007592,210.54,WH-043,WH-099,LOW
PKG-007593,371.40,WH-049,WH-072,URGENT
PKG-007594,103.06,WH-003,WH-061,STANDARD
PKG-007595,13.35,WH-078,WH-069,LOW
 PKG-007596 ,494.45,WH-040,WH-093,URGENT
PKG-007597,324.98,WH-084,WH-020, STANDARD 
PKG-007598,456.52,WH-080,WH-038,LOW
PKG-007599,242.89,WH-033,WH-018,URGENT
PKG-007600,332.93,WH-030,WH-088, URGENT 
PKG-007601,268.3509366203164kg,WH-057,WH-068,urgent
pkg-007602,315.54,WH-060,WH-040,VIP
PKG-007603,416.98,WH-060, WH-013 ,VIP
PKG-007604,436.73,WH-084,WH-053,URGENT
PKG-007605,477.72,WH-038,WH-080,STANDARD
PKG-007606,340.31,WH-042,WH-068,STANDARD
PKG-007607,33.78,WH-084,WH-059,URGENT
PKG-007608,64.72,WH-007,WH-087,URGENT
pkg-007609,223.43,WH-008,WH-009,URGENT,
PKG-007610,436.28,WH-016,WH-022,LOW
PKG-007611,408.22,WH-039,WH-038,STANDARD
PKG-007612,413.32,WH-057,wh-004,URGENT
PKG-007613,432.50,WH-065, WH-076 ,urgent
PKG-007614,N/A,WH-032,WH-064,urgent
PKG-007615,340.63,WH-066,WH-042,STANDARD
PKG-007616,175.98,,, EXPRESS 
PKG-007617,177.51,WH-066,WH-043,STANDARD
PKG-007618,327.39,WH-019,WH-022,STANDARD
PKG-007619,58.83,WH-070,WH-024,LOW
PKG-007620,59.54,WH-056,WH-088,EXPRESS
 PKG-007621 ,367.41,WH-007,WH-038,LOW
pkg-007622,341.05,WH-002, WH-012 ,STANDARD
PKG-007623,348.08,WH-061,wh-099,URGENT
PKG-007624,446.33,WH-046,WH-028,URGENT
PKG-007625,293.82,WH-096,WH-027, STANDARD 
PKG-007626,12.24,WH-056,WH-044,low
PKG-007627,300.60,WH-027,WH-074,URGENT
PKG-007628,483.91,WH-008,wh-069,URGENT
PKG-007629,374.58,WH-022,WH-013, STANDARD 
pkg-007630,424.18,WH-018,WH-049,LOW
pkg-007631,211.94,WH-071,WH-015,STANDARD
PKG-007632,110.67, WH-017 ,WH-018,LOW
PKG-007633,263.98,WH-042,,LOW
PKG-007634,64.68,WH-018,wh-058,URGENT
PKG-007635,372.92,WH-033,WH-094,URGENT
PKG-007636,169.86,WH-049,WH-091,
PKG-007637,414.45,WH-097,WH-041,STANDARD
PKG-007638,65.55,WH-089,WH-062, URGENT 
 PKG-007639 ,407.03,WH-015,WH-064,URGENT
PKG-007640,198.92,WH-054,WH-066,LOW

PKG-007641,6.94,WH-095,WH-067,LOW
PKG-007642,26.20,WH-022,wh-054,STANDARD
PKG-007643,298.54,WH-022, WH-047 ,LOW
PKG-007644,128.04, WH-004 ,WH-095,LOW
PKG-007645,175.42,,WH-079
PKG-007646,273.07,WH-047,WH-050,
PKG-007647,492.10,WH-061,WH-009,STANDARD
PKG-007648,null,WH-052,WH-072,LOW
PKG-007649,89.81,WH-042,WH-092, STANDARD 
PKG-007650,396.12, WH-059 ,WH-017,STANDARD
PKG-007651,263.38,WH-073,WH-074,URGENT
PKG-007652,425.37,WH-060,WH-100,URGENT
PKG-007653,383.61,WH-077,WH-075,STANDARD
PKG-007654,251.93,WH-094,WH-024,LOW
pkg-007655,190.99,wh-051,WH-029,LOW
PKG-007656,387.89,WH-028,WH-087,URGENT

pkg-007657,188.36,WH-059,WH-009,STANDARD
PKG-007658,347.23,WH-096,WH-016,STANDARD
PKG-007659,230.97,WH-004,WH-033,URGENT
PKG-007660,367.77,WH-083,WH-048,URGENT
PKG-007661,337.75,WH-090,WH-099,URGENT
PKG-007662,251.63,WH-020,WH-099,LOW
,318.11,WH-076,WH-043,STANDARD
PKG-007664,266.51,WH-033,WH-097,URGENT
,74.46,WH-036,wh-004,LOW
PKG-007666,43.83, WH-090 ,WH-040,STANDARD
PKG-007667,475.64,WH-031,WH-100,LOW
PKG-007668,250.54,WH-089,WH-098,URGENT
PKG-007669,472.97,wh-063,WH-045,URGENT
PKG-007670,283.46,WH-046,WH-024,LOW
PKG-007671,333.79,wh-091,WH-028,LOW
PKG-007672,98.88,WH-016,WH-061,URGENT
PKG-007673,447.44,WH-060,WH-079,URGENT
PKG-007674,62.94,WH-057,WH-053,STANDARD
PKG-007675,324.51,wh-075,WH-052,low
PKG-007676,147.41,WH-028,WH-052,URGENT
PKG-007677,95.04,WH-080,WH-049,LOW
PKG-007678,482.09,WH-075,WH-064,LOW
PKG-007679,360.53,WH-050,WH-053,LOW
PKG-007680,382.00,WH-068,WH-093,STANDARD
PKG-007681,272.34,WH-007,WH-009,STANDARD
PKG-007682,38.03,wh-077,WH-006,NONE
pkg-007683,245.91,WH-089,WH-074,LOW
PKG-007684,12.94,WH-086,WH-043,URGENT
PKG-007685,463.49,WH-031,WH-009,URGENT
PKG-007686,12.32,WH-069,WH-039,STANDARD
PKG-007687,344.04,WH-057,WH-061,STANDARD
 PKG-007688 ,8.12,WH-075, WH-091 ,LOW
PKG-007689,496.24,WH-048,WH-027,LOW
PKG-007690,60.71,WH-039,WH-063,LOW
PKG-007691,476.79,WH-014,wh-064,LOW
PKG-007692,419.71,WH-084,WH-082,CRITICAL
PKG-007693,378.16,WH-071,WH-017,STANDARD
PKG-007694,244.85,WH-071,WH-010,urgent
pkg-007695,324.39,wh-013,WH-067,URGENT
PKG-007696,432.80,WH-079,WH-007,URGENT
PKG-007697,241.60,WH-082,WH-014,LOW
PKG-007698,285.20,WH-039,WH-021,URGENT
PKG-007699,250.44,WH-002,WH-098,STANDARD
PKG-007700,310.40,WH-039,WH-037,EXPRESS
PKG-007701,266.01,WH-076,WH-025,URGENT
PKG-007702,65.03,WH-094,WH-006,STANDARD
PKG-007703,231.74,WH-095, WH-032 ,LOW
PKG-007704,85.47, WH-022 ,WH-089,URGENT
pkg-007705,171.06,WH-088,WH-050,STANDARD
PKG-007706,450.78,,WH-004,URGENT
PKG-007707,87.61,WH-009,WH-093,STANDARD
PKG-007708,134.16,WH-068,WH-076,standard
PKG-007709,37.03,WH-046,WH-079,URGENT
PKG-007710, 97.3717696002248 ,WH-077,WH-071, EXPRESS 
 PKG-007711 ,436.90,wh-012,WH-078,URGENT
pkg-007712,474.61,WH-062,WH-056,LOW
 PKG-007713 ,152.53,WH-080,WH-050,LOW
 PKG-007714 ,95.06,WH-002,WH-005,URGENT
PKG-007715,29.97,WH-065,WH-046,STANDARD
PKG-007716,189.87,WH-027,WH-032,URGENT
PKG-007717,38.85,WH-008, WH-004 , STANDARD 
PKG-007718,69.55,WH-041,WH-062,URGENT
PKG-007719,275.42,WH-005,WH-095,LOW
 PKG-007720 ,5.99,,WH-068,LOW
pkg-007721,399.77, WH-018 ,WH-059,standard
 PKG-007722 ,486.94,WH-008,WH-041,STANDARD
PKG-007723,283.87,WH-095,WH-047,CRITICAL
pkg-007724,240.01,WH-097,WH-061,LOW
PKG-007725,247.83,WH-003,WH-004,STANDARD
PKG-007726,204.88,WH-072,WH-054,LOW
PKG-007727,18.19,WH-036, WH-069 ,VIP
PKG-007728,420.68, WH-058 ,WH-015,LOW
PKG-007729,222.98,WH-061,WH-096,LOW
PKG-007730,258.47,WH-027,WH-043,STANDARD
PKG-007731,485.61,WH-032,WH-060,STANDARD
PKG-007732,260.39,WH-063,WH-051,LOW
PKG-007733,308.68,WH-027,WH-001,URGENT
PKG-007734,34.36,WH-069,wh-026,LOW
 PKG-007735 ,313.53,WH-080,wh-065,STANDARD
PKG-007736,118.26,WH-098,WH-058,URGENT
PKG-007737,472.65,WH-005, WH-060 ,STANDARD
PKG-007738,91.66,WH-033,WH-019,URGENT
pkg-007739,469.65,WH-031,WH-086,LOW
PKG-007740,492.42,WH-067,WH-025,none
PKG-007741,null,WH-008,WH-061,LOW
PKG-007742,396.31,WH-089,WH-032,STANDARD
PKG-007743,80.99,WH-012,WH-038,URGENT
PKG-007744,444.84,WH-002,WH-080,URGENT
PKG-007745,79.51, WH-043 ,WH-075,STANDARD
PKG-007746,455.37,WH-032,WH-072,standard
PKG-007747,86.87,WH-002,WH-086,URGENT
 PKG-007748 ,112.88,WH-048,WH-015,LOW
PKG-007749,319.53, WH-011 ,WH-086,STANDARD
PKG-007750,116.17,WH-009,WH-061,LOW
PKG-007751,83.69,WH-057,WH-098,STANDARD
PKG-007752,92.58,WH-077,WH-052,LOW
 PKG-007753 ,13.44,WH-042,WH-023,STANDARD
PKG-007754,38.40, WH-028 ,WH-055,URGENT
PKG-007755,391.03,WH-003,WH-097,URGENT
PKG-007756,166.72,WH-013,WH-062,LOW
,415.96,WH-054,WH-014,URGENT
 PKG-007758 ,366.89,WH-087,WH-095,URGENT
PKG-007759,466.77,WH-027,WH-060,LOW
PKG-007760,16.39,WH-052,WH-012,LOW
PKG-007761,253.77,WH-068,WH-007,URGENT
PKG-007762,56.08,wh-085,WH-092,STANDARD
PKG-007763,312.23,WH-040,WH-100,critical
PKG-007764,211.16,WH-003,WH-035,STANDARD
PKG-007765,15.16,WH-017,WH-085,LOW
PKG-007766,176.95,WH-093,WH-091,LOW
PKG-007767,278.95,wh-029,WH-049,URGENT
PKG-007768,389.65,WH-036,WH-045,URGENT
PKG-007769,107.71,WH-037,wh-001, STANDARD 
PKG-007770,166.56,,WH-038,STANDARD
PKG-007771,159.19,WH-015,WH-071,URGENT
 PKG-007772 ,491.85,WH-076,WH-071,URGENT
 PKG-007773 ,456.74,WH-047,WH-073,STANDARD
PKG-007774,96.42,WH-025,WH-019,URGENT
PKG-007775,484.42,WH-068,WH-082,URGENT
PKG-007776,255.21,WH-034,WH-091,LOW
PKG-007777,406.78,WH-047,WH-038,URGENT
PKG-007778,21.12,WH-072,WH-062,STANDARD
PKG-007779,255.21,WH-067,WH-036,URGENT,
 PKG-007780 ,428.36,wh-095,WH-041,STANDARD
PKG-007781,212.17,WH-014,WH-020,
PKG-007782,12.82,WH-022,WH-013,STANDARD
PKG-007783,8.30,WH-091,WH-048
PKG-007784,495.17,WH-076,WH-031,STANDARD
PKG-007785,202.36,WH-033,WH-013,URGENT,
PKG-007786,143.36,WH-013,WH-064,URGENT
PKG-007787,20.75,WH-076,wh-014,LOW
pkg-007788,468.48,WH-036, WH-040 ,STANDARD
PKG-007789,109.44,WH-026,WH-091,standard
 PKG-007790 ,483.15,WH-043,WH-087,LOW
PKG-007791,195.39,WH-060,WH-029
PKG-007792,499.51,WH-069,WH-013,LOW
PKG-007793,268.19,WH-029, WH-021 ,STANDARD
PKG-007794,null,WH-067,WH-050,
PKG-007795,130.93,WH-093,WH-092,URGENT
PKG-007796,228.89,WH-089,WH-060,LOW
PKG-007797,null,WH-037,WH-092,LOW
 PKG-007798 ,196.19,WH-027,WH-091,LOW
PKG-007799,422.77,WH-060,WH-061,low
PKG-007800,369.52,WH-041,WH-012,URGENT
PKG-007801,35.82,WH-063, WH-021 ,URGENT
PKG-007802,134.16,WH-073, WH-028 ,LOW
PKG-007803,251.96,WH-013,WH-022,urgent
PKG-007804,412.59,WH-066,WH-026,STANDARD
PKG-007805,48.89,WH-014,WH-084,LOW
PKG-007806,373.30,WH-049,WH-062,URGENT
PKG-007807,491.07,WH-056,WH-050,URGENT
PKG-007808,178.18,WH-100,WH-003,LOW
pkg-007809,469.22,WH-095,WH-006, URGENT 
PKG-007810,346.22,,WH-032,
 PKG-007811 ,386.95,WH-017,WH-074,STANDARD
PKG-007812,484.79,WH-044,WH-100
PKG-007813,203.15,WH-064,WH-075,URGENT
PKG-007814,90.14,,wh-059,EXPRESS
pkg-007815,419.85,WH-019,WH-035,STANDARD
PKG-007816,326.10,WH-079,,LOW
PKG-007817,401.42,WH-069,WH-070,URGENT
PKG-007818,391.26,WH-040,WH-074,STANDARD
PKG-007819,183.77,WH-068,wh-013,LOW
PKG-007820,304.18,WH-059,WH-053, STANDARD 
PKG-007821,81.04,WH-079,WH-003,LOW
PKG-007822,442.94,WH-100,,STANDARD
PKG-007823,190.00,WH-033,WH-052,LOW
PKG-007824, 286.4820120074404 ,WH-037,WH-022,LOW
PKG-007825,214.31,WH-077,WH-059,LOW
PKG-007826,256.18, WH-077 ,,STANDARD
PKG-007827,240.75,WH-098,WH-005,low
PKG-007828, 273.5164277125055 ,wh-042,WH-020,URGENT
PKG-007829,92.20,WH-088,WH-003,STANDARD
PKG-007830,154.02,wh-056,wh-073, LOW 
PKG-007831,266.02,WH-060,WH-094,STANDARD
PKG-007832,452.05,WH-049, WH-076 ,LOW
PKG-007833,174.76,WH-063,WH-075,URGENT
PKG-007834,41.47,WH-010,WH-084,LOW
PKG-007835,472.76,WH-075,,VIP
PKG-007836,344.96,WH-015,WH-090,STANDARD
PKG-007837,393.74,WH-028,WH-031,STANDARD
PKG-007838,17.45,WH-081,WH-066,URGENT
 PKG-007839 ,275.65,WH-061,WH-002,STANDARD
PKG-007840,84.08,WH-094,WH-049,URGENT
PKG-007841,246.27,WH-004,WH-019,URGENT
PKG-007842,172.68,WH-068,WH-097,LOW
PKG-007843,144.21, WH-024 ,WH-063,NONE
PKG-007844,96.26,wh-021,WH-073,STANDARD
PKG-007845,216.50,WH-044,wh-095,URGENT
PKG-007846,226.15,WH-018,WH-011,LOW
PKG-007847,19.43,WH-017,WH-046,URGENT
PKG-007848,N/A, WH-062 ,WH-030,STANDARD
PKG-007849,268.68,WH-084,WH-093,LOW
pkg-007850,306.46,WH-005,WH-093,URGENT
PKG-007851,394.63,WH-030,WH-082,STANDARD
 PKG-007852 ,103.42,WH-051,WH-001,STANDARD
 PKG-007853 ,126.85,WH-063,WH-012,STANDARD
PKG-007854,155.63,WH-042,WH-073,CRITICAL
PKG-007855,351.43, WH-047 ,WH-066,STANDARD
PKG-007856,488.66,WH-056,WH-089
PKG-007857,203.10,WH-008,WH-077,LOW
,465.28,WH-078,WH-038, LOW 
PKG-007859,357.53,WH-100,WH-082,LOW
PKG-007860,131.14,WH-001,WH-075,URGENT
PKG-007861, 486.8399622809662 ,WH-088,WH-054,vip
PKG-007862,320.62,wh-065,WH-080,LOW
PKG-007863,7.74,WH-034,WH-043,URGENT
PKG-007864,227.69,WH-061,WH-015, URGENT 

PKG-007865,303.94,WH-006,WH-015,STANDARD
PKG-007866,3.35,WH-035,WH-094,LOW
PKG-007867,462.70,WH-030,WH-035,NONE
PKG-007868,89.69,WH-053,WH-081,URGENT
PKG-007869,342.18,WH-082,WH-041
,51.42,WH-088,WH-026,URGENT
PKG-007871,351.49,WH-042,WH-024, LOW 
PKG-007872,235.44,WH-010,WH-097,VIP
PKG-007873,427.91,WH-020, WH-003 ,URGENT
PKG-007874,214.88386022109364kg,WH-025,WH-063,URGENT
PKG-007875,285.82,WH-059,WH-085,LOW
PKG-007876,232.58,WH-084,WH-059,LOW
 PKG-007877 , 227.8340574822645 ,WH-064,WH-054,URGENT
PKG-007878,70.15,,WH-078,LOW
PKG-007879,477.11,WH-083,WH-025,URGENT
PKG-007880,,WH-060,WH-026,URGENT
PKG-007881,408.71,WH-013,WH-060,URGENT
PKG-007882,N/A,WH-084,,standard
PKG-007883,24.58,WH-090, WH-014 ,STANDARD
PKG-007884,49.63,WH-077,WH-055,LOW
PKG-007885,232.31,WH-043, WH-029 ,STANDARD
PKG-007886,414.52,,WH-020,URGENT
PKG-007887,284.65,WH-011,WH-046,STANDARD
PKG-007888,425.44,WH-054,WH-096,STANDARD
PKG-007889,334.17,WH-042,WH-071,CRITICAL
PKG-007890,494.48,WH-047,WH-057,URGENT
PKG-007891,155.92,WH-024,WH-004,STANDARD
PKG-007892,null,WH-037,WH-084,LOW
PKG-007893,275.36,WH-068,WH-058,low
PKG-007894,259.86,WH-065,,low,
PKG-007895,227.05,WH-028,WH-017,URGENT
PKG-007896,161.49,WH-079,WH-095,STANDARD
PKG-007897,54.08,WH-018,,STANDARD
PKG-007898,444.88,WH-091,WH-095,LOW
PKG-007899,116.97,WH-007,WH-100,NONE
PKG-007900,421.67,WH-087,WH-047,STANDARD
 PKG-007901 ,276.03,WH-017,WH-032,STANDARD
PKG-007902,62.43,WH-097,wh-035, LOW 
PKG-007903, 412.41433431752836 ,WH-048,WH-007,LOW
PKG-007904,103.29,WH-084,WH-073,CRITICAL
PKG-007905,124.28,WH-012,WH-095,URGENT
PKG-007906,346.11,WH-043,WH-046,URGENT

PKG-007907,449.94,WH-005,WH-014,LOW
PKG-007908,406.07,WH-085,WH-032,standard
PKG-007909,151.73,WH-049,WH-029,LOW
PKG-007910,369.76,WH-075,WH-015, URGENT 
PKG-007911,86.03,WH-026,WH-097,STANDARD
PKG-007912,35.48,WH-066,WH-042,URGENT
 PKG-007913 ,N/A,WH-079,WH-073,URGENT
PKG-007914,266.50,WH-088,WH-049,STANDARD
PKG-007915,231.35,WH-002,WH-089,URGENT
PKG-007916,248.98,WH-065,WH-002,LOW
PKG-007917,336.52,WH-015,wh-019,STANDARD
,205.97,WH-090,WH-034,STANDARD
PKG-007919,240.94,WH-100,wh-083,STANDARD
PKG-007920,46.79,WH-010,WH-050,STANDARD
 PKG-007921 ,362.47,WH-027,WH-064, STANDARD 
PKG-007922,346.04,WH-093,WH-068,LOW
PKG-007923,240.81,wh-020,WH-092,URGENT
PKG-007924,487.14,WH-091,WH-004,STANDARD
PKG-007925,335.75,WH-048,WH-010,STANDARD
PKG-007926,404.71, WH-077 ,WH-087,URGENT
,192.20,WH-039,WH-038,STANDARD
PKG-007928,302.16,WH-055,WH-006,URGENT
PKG-007929,175.05,WH-087,WH-089,LOW,
PKG-007930,250.46,WH-012,WH-061,STANDARD
PKG-007931,483.59,WH-075,WH-056,STANDARD
pkg-007932,null,WH-009,WH-066,URGENT
PKG-007933,40.37,WH-063,WH-015, STANDARD 
PKG-007934,468.76,WH-036,WH-011,LOW
PKG-007935,398.35,WH-082,WH-086,STANDARD
PKG-007936,14.83,WH-087,WH-084,LOW
PKG-007937,83.90,WH-013,WH-079,
PKG-007938,183.85,WH-018,WH-063,STANDARD
PKG-007939,2.78,WH-026,WH-086,STANDARD
PKG-007940,19.35,WH-001,WH-076,low
PKG-007941,353.16,WH-065,WH-050,standard
PKG-007942,293.77,WH-063,WH-070,STANDARD
PKG-007943,123.98,WH-045, WH-060 ,URGENT
PKG-007944,91.59,WH-044,WH-023,LOW
PKG-007945,402.31,WH-083,WH-027,LOW
PKG-007946,null,WH-077,WH-069,STANDARD
PKG-007947,300.47,WH-048,WH-051,STANDARD
PKG-007948,,WH-037,WH-002,LOW
PKG-007949,82.91, WH-026 ,WH-066,LOW
PKG-007950,82.33,WH-030,,NONE
PKG-007951,315.12,WH-054,WH-100,LOW
PKG-007952,65.53,WH-073,WH-001,URGENT
 PKG-007953 ,145.15775999649756kg,WH-056,WH-081,STANDARD
PKG-007954,7.06,WH-047,WH-032,URGENT
pkg-007955,486.80,WH-051,WH-063,URGENT
PKG-007956,273.18,WH-018,WH-076,STANDARD
PKG-007957,391.84,WH-047,WH-097,LOW
 PKG-007958 ,198.94,WH-004,WH-098,LOW
PKG-007959,67.55,WH-094,WH-073,VIP
PKG-007960,394.54,WH-095,
PKG-007961,365.12,WH-091,WH-005, STANDARD 
PKG-007962,327.32,WH-040,WH-035,LOW
PKG-007963,286.40,WH-029,WH-015,URGENT
PKG-007964,196.19643926520698kg,WH-092,WH-050,LOW
PKG-007965,172.94,WH-044,WH-092,URGENT
,89.99, WH-090 ,WH-002,STANDARD
PKG-007967,383.26,WH-031,wh-092,STANDARD
PKG-007968,N/A,WH-091,WH-060,URGENT
PKG-007969,481.41,WH-031,WH-064, LOW 
PKG-007970,12.44,WH-088,wh-069, STANDARD 
PKG-007971,N/A,WH-005,WH-064, LOW 
PKG-007972,175.02,WH-051,WH-090,URGENT
PKG-007973,243.64, WH-005 ,WH-039,LOW
PKG-007974,260.87,wh-085,WH-048,LOW
PKG-007975,155.90,WH-055,WH-036,STANDARD
PKG-007976,146.43,WH-023,WH-087
PKG-007977,491.96,WH-026,WH-005,STANDARD
PKG-007978,222.12,WH-064,WH-059,URGENT,
PKG-007979,467.96,WH-059,WH-015,STANDARD
PKG-007980,185.66,WH-006,WH-065,URGENT
PKG-007981,7.50,wh-044,WH-084,URGENT
PKG-007982,207.95,WH-075,WH-024,URGENT,
PKG-007983,480.51,WH-049,WH-085
PKG-007984,325.29,WH-092,WH-093,URGENT
PKG-007985,427.85,WH-029,WH-068,STANDARD
pkg-007986,409.56,WH-038,WH-085,standard
PKG-007987,268.45,WH-073,WH-056,URGENT
PKG-007988,170.51,WH-028,WH-072,URGENT
PKG-007989,139.46,WH-047,WH-100
PKG-007990,238.55,WH-004,WH-016,STANDARD
PKG-007991,291.83,WH-017,WH-025,CRITICAL
PKG-007992,497.19, WH-024 ,WH-019,
PKG-007993,90.88,WH-024,WH-001,STANDARD
PKG-007994,170.42,WH-020,WH-021,URGENT
PKG-007995,104.82,WH-033,WH-028,LOW
PKG-007996,434.57,WH-090,WH-043,STANDARD
PKG-007997,392.29, WH-077 ,WH-100,STANDARD
PKG-007998,161.50,WH-072, WH-095 ,STANDARD
PKG-007999,313.24,WH-004,WH-076,VIP
PKG-008000,107.45,WH-005,WH-074,STANDARD
PKG-008001,93.99,WH-083,WH-058,LOW
PKG-008002,N/A,WH-029,WH-079,STANDARD
PKG-008003, 54.63898434399815 ,WH-097,WH-006,standard
PKG-008004,130.19,WH-058,WH-093,URGENT
,20.41,WH-062,WH-066,LOW
PKG-008006,6.72,WH-006,WH-023,LOW
PKG-008007,143.57, WH-004 ,WH-052,STANDARD
PKG-008008,48.29,wh-092,WH-052, URGENT 
PKG-008009,278.15,WH-059,WH-043,URGENT

PKG-008010,269.26,wh-075,WH-081,LOW
PKG-008011,204.29,wh-080,WH-076,STANDARD
PKG-008012,247.01,,WH-007,STANDARD
PKG-008013,186.82,WH-011, WH-067 ,LOW
PKG-008014,35.38,WH-032, WH-094 ,URGENT
PKG-008015,426.75,,WH-006,URGENT
 PKG-008016 ,287.01,WH-074,WH-040,STANDARD
PKG-008017,200.79, WH-013 ,WH-070,URGENT
PKG-008018,496.80,WH-033,WH-005,URGENT
PKG-008019,306.66,WH-006,WH-005,URGENT
PKG-008020,355.60,WH-013,WH-085,STANDARD
PKG-008021,138.07,wh-041,WH-045,URGENT
PKG-008022,319.41,WH-049,wh-095,STANDARD
PKG-008023,284.76,WH-068,WH-083,LOW
PKG-008024,127.87,WH-062,WH-025,STANDARD
PKG-008025,382.30,WH-083,wh-040,URGENT
PKG-008026,471.35,WH-003,WH-037,EXPRESS
PKG-008027,335.95,WH-030,WH-044,LOW
PKG-008028,241.59,WH-098,WH-057,URGENT
PKG-008029,110.23,WH-036,WH-004,LOW
pkg-008030,32.76,WH-040,WH-022,VIP
PKG-008031,443.29,WH-031,WH-015,LOW
PKG-008032,156.63,WH-038,WH-075,URGENT
PKG-008033,240.37,WH-026,WH-065,URGENT
PKG-008034,385.85,WH-074,WH-014,URGENT
PKG-008035,210.10,WH-082,WH-024,STANDARD
PKG-008036,362.64, WH-062 ,,STANDARD
PKG-008037,401.00,WH-017,WH-099,URGENT
PKG-008038,230.15,wh-022,WH-012,LOW
PKG-008039,,WH-046, WH-027 , URGENT 
PKG-008040,222.39,WH-067,WH-041,URGENT
PKG-008041,N/A,WH-093,WH-014,STANDARD
PKG-008042,null,WH-019,WH-037,STANDARD
PKG-008043,2.43,WH-019,WH-078,LOW
PKG-008044, 451.2340552888274 ,WH-095,WH-008,URGENT
PKG-008045,385.29,WH-020,WH-086,STANDARD

PKG-008046,344.81,WH-079,WH-100,URGENT
PKG-008047,466.09,WH-084,WH-069,LOW
PKG-008048,321.95, WH-034 ,WH-041,LOW,
PKG-008049,285.6795720120959kg,WH-054,wh-057
 PKG-008050 ,155.25,WH-040,WH-036,URGENT,
PKG-008051,413.77,WH-002,WH-006,STANDARD
PKG-008052,187.36, WH-099 ,WH-072,NONE
PKG-008053,173.78,WH-080,WH-086,LOW
PKG-008054,470.61,WH-082,WH-010,LOW
PKG-008055,47.06,WH-077,WH-014,URGENT
PKG-008056,80.51,WH-009,WH-057,URGENT
PKG-008057,376.76,WH-041,WH-081,

pkg-008058,372.97,WH-016,WH-004,LOW
PKG-008059,321.87,WH-075,WH-024,STANDARD
PKG-008060,327.81,WH-015,WH-056
PKG-008061, 113.03581891372815 ,WH-027,wh-052,VIP
 PKG-008062 ,396.25,WH-004,WH-005,LOW
PKG-008063,413.83,WH-027,WH-037,LOW
PKG-008064,265.89,WH-047,WH-082,STANDARD
PKG-008065,92.44,WH-059,WH-079,low
PKG-008066,88.18,WH-062,WH-014,URGENT
PKG-008067,30.51,WH-069,WH-007,CRITICAL
PKG-008068,N/A,WH-061,WH-006,STANDARD
PKG-008069,104.81,WH-087,WH-035, URGENT 
PKG-008070,443.63, WH-040 ,WH-085,URGENT
PKG-008071,284.18,WH-078,WH-019,URGENT
PKG-008072,344.12,WH-088,wh-010,LOW
PKG-008073,248.97, WH-025 ,wh-010,URGENT
PKG-008074,97.95,WH-086,WH-058,STANDARD
PKG-008075,27.02,WH-087,WH-006,LOW
PKG-008076,422.43,WH-060,WH-041,urgent
PKG-008077,N/A, WH-093 ,WH-020,STANDARD
PKG-008078,218.35,WH-005,WH-095,URGENT
PKG-008079,18.45,WH-057,WH-083,URGENT
PKG-008080,,wh-094,WH-059,URGENT
pkg-008081,464.71,WH-057,WH-046,LOW
PKG-008082,242.92,WH-072,WH-087,STANDARD
PKG-008083,280.97,WH-099,WH-054,low
PKG-008084,242.23,WH-018,WH-029,URGENT

,76.06,WH-100,WH-095,LOW
PKG-008086,456.26,WH-099,WH-098,LOW
PKG-008087,314.32,WH-046,WH-092,URGENT
PKG-008088,274.91,WH-091,WH-001,URGENT
PKG-008089,240.49,wh-005,WH-033,URGENT
PKG-008090,6.63,WH-058,WH-053,LOW
PKG-008091,437.34,WH-092,WH-010,LOW
PKG-008092,406.16,WH-046,WH-064,URGENT

PKG-008093,469.21,WH-009,WH-086,LOW
PKG-008094,311.01,WH-036,WH-026,EXPRESS
PKG-008095,138.76,WH-060,WH-083,URGENT
PKG-008096,72.09,WH-029,WH-035,URGENT
PKG-008097,206.77,WH-059,WH-015,STANDARD
PKG-008098,276.52,WH-028, WH-039 ,LOW
PKG-008099,475.09,WH-029, WH-083 ,
PKG-008100,366.87,WH-067,WH-018,URGENT
PKG-008101,null,WH-028,WH-043,standard
PKG-008102,67.88,WH-096,WH-016,URGENT
PKG-008103,462.57,WH-059,WH-070, URGENT 
PKG-008104,144.38,WH-082,WH-021,STANDARD
pkg-008105,191.33,wh-085, WH-068 ,URGENT
PKG-008106,16.35,WH-082,WH-027,URGENT
PKG-008107,148.71,WH-005,WH-100,LOW
PKG-008108,13.82,WH-046,WH-035,LOW
PKG-008109,97.78,WH-024,WH-054,CRITICAL
PKG-008110,2.67,,,URGENT
PKG-008111,14.02,WH-048,WH-042,URGENT
PKG-008112,463.88,WH-037,WH-019,STANDARD

pkg-008113,185.61, WH-012 ,WH-004,VIP
PKG-008114,288.03,WH-067,WH-007,standard
PKG-008115,327.40,WH-057,wh-039,URGENT
 PKG-008116 ,397.79,WH-066,WH-028,URGENT
PKG-008117,170.80,WH-068,WH-004,URGENT
PKG-008118,28.85,WH-097,WH-009,URGENT
PKG-008119,213.12,WH-091,WH-081, LOW 
PKG-008120,401.45,WH-021,WH-037,URGENT
PKG-008121,466.81,WH-014,,LOW
PKG-008122,275.40,WH-063,WH-095,LOW
PKG-008123,429.40,WH-023,WH-082
 PKG-008124 ,95.83,WH-082,WH-088,URGENT
PKG-008125,null,WH-049,WH-075, LOW 
PKG-008126,257.76,WH-054,WH-085,LOW
,410.19,WH-057,WH-048,STANDARD
PKG-008128,379.22,WH-088,WH-090,NONE
PKG-008129,302.03,,WH-090,STANDARD
pkg-008130,56.16,WH-098,WH-007,STANDARD
PKG-008131,314.80,WH-056,WH-014,STANDARD
pkg-008132,110.11,WH-073,WH-013,STANDARD
PKG-008133,202.51,WH-100, WH-035 ,URGENT
PKG-008134,429.62,WH-036,WH-038,URGENT
PKG-008135,438.02,WH-062,WH-041,STANDARD
PKG-008136,296.00, WH-048 ,WH-072,STANDARD

PKG-008137,300.96,WH-097,wh-019,LOW
 PKG-008138 ,412.63,WH-033,WH-061,LOW
PKG-008139, 262.53421900831756 ,WH-073,WH-067,STANDARD
PKG-008140,239.31,WH-095,WH-071,LOW
PKG-008141,51.12,WH-026,WH-087,STANDARD
PKG-008142,211.10,WH-033,WH-063,LOW
PKG-008143,459.20,WH-050,WH-045,URGENT
PKG-008144,352.48,WH-062,WH-035,STANDARD
PKG-008145,148.10,WH-085,WH-084,URGENT
PKG-008146,166.89,WH-005,WH-028,URGENT,
PKG-008147,445.88,WH-087,WH-090,LOW
PKG-008148,237.99,,WH-097,STANDARD

PKG-008149,421.09,WH-031,wh-081,STANDARD
PKG-008150,445.37,WH-079,WH-009,STANDARD
PKG-008151,273.35,WH-082,WH-063,URGENT
PKG-008152,324.08,WH-036,WH-008,URGENT
PKG-008153,50.52,WH-030,WH-096,STANDARD
PKG-008154,272.21,WH-048,WH-002,URGENT
PKG-008155, 459.4387316750875 ,WH-068,WH-032,STANDARD
pkg-008156,115.82,WH-059,WH-012,STANDARD
PKG-008157,null,WH-009,WH-034,STANDARD
PKG-008158,373.78,WH-064, WH-074 ,LOW,
PKG-008159,264.56,wh-049,WH-013,STANDARD
PKG-008160,73.84,WH-095,WH-087,URGENT
PKG-008161,193.96,WH-007,WH-002,standard
PKG-008162,427.92,WH-037,WH-009,LOW
PKG-008163,286.93,WH-040,WH-024,critical
PKG-008164,492.88,WH-002,WH-048,VIP
PKG-008165,222.17,WH-010,WH-030,URGENT
PKG-008166,146.07,WH-030,WH-001,URGENT
PKG-008167,59.191489278464786kg,,WH-040,URGENT
pkg-008168, 364.0150294431502 ,WH-100,WH-025,STANDARD
PKG-008169,10.30,WH-077, WH-046 , LOW 
PKG-008170,85.88,WH-100,WH-068,STANDARD
PKG-008171,104.55,WH-046,WH-060,LOW
PKG-008172,14.96,WH-089,WH-077,STANDARD
PKG-008173,87.38,WH-048,WH-002,STANDARD
PKG-008174,346.03,WH-071, WH-066 ,urgent
,32.09,WH-061,WH-100,URGENT

 PKG-008176 ,36.17,WH-071,WH-049,URGENT
PKG-008177,417.87,,WH-012,LOW
PKG-008178,435.57,WH-006,WH-017,LOW
PKG-008179,56.51,wh-062,WH-055,URGENT
PKG-008180,489.28,WH-010,WH-066,STANDARD
PKG-008181,384.99,WH-008,WH-043,LOW
PKG-008182,434.96,WH-005, WH-088 ,
 PKG-008183 ,113.34, WH-026 ,WH-013,standard
PKG-008184,403.4276839402234kg, WH-059 ,WH-020,LOW
PKG-008185,405.73,WH-021,WH-032,LOW
PKG-008186,390.88,WH-032,WH-009,URGENT
PKG-008187,295.57,,WH-064, LOW 
PKG-008188,377.74,WH-006,WH-080,LOW
PKG-008189,493.51,wh-095,WH-010,LOW
,374.03,WH-048,WH-038,STANDARD
PKG-008191,101.35,WH-100,WH-043, URGENT 
PKG-008192,349.73,WH-050,WH-017,URGENT
PKG-008193,285.38,WH-097,WH-078,STANDARD
PKG-008194,473.83,WH-071,WH-026,LOW
PKG-008195,412.00,WH-100, WH-020 ,STANDARD
PKG-008196,337.3120833618595kg, WH-089 ,WH-037,STANDARD
PKG-008197,273.79,WH-047,wh-094,STANDARD,
PKG-008198,419.74,WH-094,,LOW
PKG-008199,18.81,WH-095, WH-093 ,LOW
PKG-008200,26.54,WH-078,WH-008,LOW
PKG-008201,197.18,WH-080,WH-040,URGENT
PKG-008202,N/A,WH-065,wh-010,LOW
pkg-008203,399.73,WH-029,WH-045,LOW
PKG-008204,49.81,WH-078,WH-037,standard
PKG-008205,406.24,wh-068,WH-064,STANDARD
PKG-008206, 220.79697981205467 ,wh-042,WH-041,STANDARD
PKG-008207,338.87,WH-014,WH-056,URGENT
PKG-008208,3.59, WH-085 ,WH-093,URGENT
PKG-008209,124.02,WH-047,WH-044,URGENT
PKG-008210,374.18,wh-052,WH-075,URGENT
PKG-008211,38.10,WH-074,WH-084,URGENT
 PKG-008212 ,246.68,WH-001,WH-032, LOW 
PKG-008213,494.58,,WH-091,LOW
PKG-008214,409.81,WH-039,WH-090,LOW
 PKG-008215 ,264.42,WH-060,WH-037,STANDARD
pkg-008216,162.72,WH-094,WH-028,LOW

PKG-008217,358.79,WH-014,WH-046,LOW
pkg-008218,384.31,WH-055,WH-081,STANDARD
PKG-008219,119.71,WH-070,WH-026,STANDARD
PKG-008220,377.37,WH-022,wh-003,LOW
PKG-008221,168.71,WH-052,WH-022, URGENT 
PKG-008222,239.71,WH-068,WH-096,LOW
PKG-008223,207.47,WH-060,WH-036,STANDARD
PKG-008224,null, WH-026 ,WH-046,URGENT
PKG-008225,372.23,WH-061,WH-022,LOW
PKG-008226,72.08,WH-030,WH-041,LOW
PKG-008227,412.01,WH-061,WH-044,LOW
pkg-008228,320.41,WH-042,WH-060,EXPRESS
pkg-008229,224.23,WH-042,WH-068,LOW
PKG-008230,187.51,WH-088,WH-053,STANDARD
 PKG-008231 ,99.44,WH-097,WH-032,URGENT
PKG-008232,291.60,WH-012,WH-072,LOW
PKG-008233,330.67,WH-057,WH-028,URGENT
PKG-008234,325.38,WH-026,WH-064,URGENT
PKG-008235,218.82,wh-087,WH-035,LOW
PKG-008236,129.54,WH-054,WH-031,LOW
PKG-008237,57.42,WH-061,WH-021,STANDARD
PKG-008238,208.96,WH-066,wh-087,URGENT
PKG-008239,125.59,WH-050,WH-047,STANDARD
PKG-008240,376.57,WH-019, WH-037 , CRITICAL 
,482.52,WH-011,WH-062,STANDARD
PKG-008242,99.28,WH-089,WH-038,LOW
PKG-008243,472.38,WH-012,WH-070,URGENT
PKG-008244,,WH-084,WH-023,urgent
,63.19,WH-084,WH-054,URGENT
PKG-008246,428.07, WH-003 ,WH-044,URGENT
pkg-008247,389.34,wh-009,WH-096,URGENT
PKG-008248,,WH-100,WH-094,URGENT
PKG-008249,10.25,WH-008,WH-084,LOW
pkg-008250,78.70,WH-061,WH-097,URGENT
PKG-008251,275.42,wh-044,WH-094,URGENT
PKG-008252,264.49,WH-060,WH-008,LOW
PKG-008253,34.14,WH-094,WH-040,LOW
PKG-008254,63.80,WH-052,WH-015,LOW
PKG-008255,371.00,WH-002,WH-016,STANDARD
PKG-008256,315.56,WH-075,WH-096,URGENT
PKG-008257,429.68,WH-028,WH-049,urgent
PKG-008258,382.88,wh-068,WH-088,STANDARD
PKG-008259,376.56,WH-002, WH-057 ,URGENT
PKG-008260,458.06,WH-085,WH-011,STANDARD
 PKG-008261 ,101.05,WH-099,WH-028,LOW
pkg-008262,455.92,WH-052,WH-036,STANDARD
PKG-008263,189.65,WH-008,WH-040,STANDARD
PKG-008264,272.26,WH-019,WH-020
PKG-008265,127.92,WH-075,wh-091,LOW
PKG-008266,299.53,WH-068,WH-013,URGENT
 PKG-008267 ,484.42,WH-050, WH-009 ,STANDARD
PKG-008268,426.63,WH-011,WH-010,STANDARD
PKG-008269,432.47,WH-060,WH-100,LOW
PKG-008270,351.82, WH-099 , WH-042 ,URGENT
PKG-008271,163.89,WH-023,WH-092,
PKG-008272, 49.73554563923251 ,WH-071,WH-027,low
PKG-008273, 33.23811722465746 ,WH-003,WH-080,URGENT
PKG-008274,237.38,WH-091,WH-007,STANDARD
PKG-008275,483.81,WH-029,WH-087,STANDARD
PKG-008276,455.68,WH-001,WH-024,URGENT
PKG-008277,487.03,WH-069,WH-041,STANDARD
PKG-008278,408.60,WH-004,WH-022,STANDARD
PKG-008279,217.51,WH-099,WH-082,STANDARD
PKG-008280,77.81,WH-045, WH-053 ,STANDARD
PKG-008281,363.60,WH-094,WH-070,STANDARD
PKG-008282,474.27,WH-072,,URGENT
PKG-008283,46.71,WH-032,WH-046,STANDARD
PKG-008284,173.49,WH-042,WH-025,URGENT
PKG-008285,350.33,WH-016,,LOW
PKG-008286,210.40,,WH-084,URGENT
PKG-008287,272.93,WH-040,WH-016,URGENT
PKG-008288,161.10,wh-023,WH-020,urgent
 PKG-008289 ,338.02,WH-058,WH-013,URGENT
PKG-008290,290.32,WH-014,WH-094,LOW
PKG-008291,459.55,WH-067,WH-051,URGENT
PKG-008292,194.06,WH-091,WH-006,URGENT
PKG-008293,28.38,WH-069,WH-090,STANDARD
PKG-008294,57.31,WH-067,WH-076,VIP
 PKG-008295 ,235.47,wh-013, WH-011 ,STANDARD
PKG-008296,190.80,WH-057,WH-084,
PKG-008297,177.95,WH-045,WH-097,STANDARD
PKG-008298,132.08,WH-053,WH-059,STANDARD
PKG-008299,452.96,WH-025,WH-064,LOW
PKG-008300,449.39,WH-063,WH-069,URGENT
PKG-008301, 184.43593283846116 ,WH-082,WH-066,LOW
PKG-008302,487.53, WH-008 ,WH-067,low
,45.32,WH-029,,URGENT
PKG-008304,358.04,WH-097,WH-086,URGENT
PKG-008305,372.27,WH-084,WH-030,URGENT
PKG-008306,279.02,WH-037,WH-027,STANDARD
 PKG-008307 ,282.30,WH-037,WH-012,STANDARD
PKG-008308,98.52,,WH-080,URGENT
pkg-008309,265.08,WH-047,WH-056,LOW
PKG-008310,259.45, WH-047 ,WH-070,LOW
PKG-008311,322.23,WH-053,WH-016,STANDARD
PKG-008312,415.41,WH-092,wh-046,LOW
PKG-008313,32.41,wh-045,WH-026,LOW
PKG-008314,310.36,WH-046,WH-091,LOW
PKG-008315,188.41,WH-065,WH-052,URGENT
PKG-008316,480.84,WH-081,WH-063,STANDARD
PKG-008317,259.50,WH-015,WH-021,LOW
PKG-008318,274.69,WH-050,WH-036,LOW
PKG-008319,22.10,WH-053,WH-034, STANDARD 
PKG-008320,178.01,WH-030,WH-062,URGENT
PKG-008321,17.83,WH-022,WH-026,LOW
PKG-008322,91.87,WH-044,WH-096,LOW
PKG-008323,58.97,WH-040,WH-042,URGENT
PKG-008324,209.52,WH-049, WH-004 ,STANDARD
PKG-008325,320.84,WH-075,WH-089,LOW
PKG-008326,155.51,WH-035,WH-096,LOW
 PKG-008327 ,166.65,wh-027,WH-071,URGENT
PKG-008328,417.55, WH-044 ,WH-088,STANDARD
PKG-008329,197.26,WH-005,WH-044, STANDARD 
PKG-008330,388.94,WH-068,WH-018,STANDARD
PKG-008331,64.06,WH-059,WH-044,STANDARD
PKG-008332,274.29,WH-028,WH-058,urgent
PKG-008333,450.93,WH-011, WH-057 ,LOW
PKG-008334,118.90,WH-008,WH-006,STANDARD
PKG-008335,443.40,WH-018,WH-025,LOW
PKG-008336,345.14,WH-022,WH-035,LOW
PKG-008337,262.80,WH-078,WH-004,LOW
PKG-008338,331.14,WH-092,WH-074,LOW
pkg-008339,168.08,WH-080,WH-023,URGENT
PKG-008340,411.21,WH-059,,LOW
PKG-008341,412.64,WH-094,WH-041,URGENT
PKG-008342,271.96,WH-077,WH-100,LOW
PKG-008343,422.04,WH-008,WH-096,STANDARD
PKG-008344,322.12,WH-011,WH-081,URGENT
PKG-008345,409.78,WH-098,WH-040,LOW
PKG-008346,145.61,WH-050,WH-095,STANDARD
PKG-008347,492.09,WH-019,WH-050,CRITICAL
PKG-008348,288.95,wh-034,WH-088,URGENT
PKG-008349,35.76, WH-046 ,WH-028, URGENT 
PKG-008350,450.30,WH-094,WH-019,STANDARD
PKG-008351,80.91,WH-080,WH-086,STANDARD
PKG-008352,453.33,WH-030,WH-013,CRITICAL
pkg-008353,132.26,WH-012,WH-038,LOW
PKG-008354,24.91,WH-026,WH-075,standard
PKG-008355,10.82,WH-008,WH-063,STANDARD
PKG-008356,459.34,WH-021,WH-054,LOW,
PKG-008357,414.05,WH-047,WH-033,STANDARD
PKG-008358,322.99, WH-073 ,WH-067,LOW
PKG-008359,30.90,WH-095,WH-038,STANDARD

PKG-008360,497.33,WH-031,wh-079,STANDARD
PKG-008361,158.65,WH-071,WH-031, STANDARD 
PKG-008362,196.83,,WH-077,standard
PKG-008363,313.25,WH-084, WH-083 ,STANDARD
PKG-008364,239.23,WH-090,WH-039,STANDARD
PKG-008365, 444.1402464143292 ,wh-063,WH-032,URGENT
PKG-008366,334.76,WH-079,WH-055,LOW
PKG-008367,,wh-026,WH-041, URGENT 
PKG-008368,282.77,WH-058,WH-079,STANDARD
PKG-008369,N/A,WH-017,WH-049,
PKG-008370,305.36,WH-082,WH-016,LOW
PKG-008371,301.64,WH-065,WH-014,urgent
PKG-008372,5.20,wh-022,WH-058, STANDARD 
PKG-008373,57.70,WH-013,WH-045,NONE
PKG-008374,306.97,WH-073,WH-030,URGENT
,428.44, WH-029 ,WH-053,STANDARD
PKG-008376,178.90,WH-008,WH-075,LOW
pkg-008377,328.42,WH-010,WH-083,STANDARD
PKG-008378,274.29,WH-005,WH-018,URGENT
 PKG-008379 ,332.94,WH-059,WH-086,LOW
PKG-008380,259.31,WH-031,WH-074,LOW
pkg-008381,356.87,WH-017,WH-042,URGENT
PKG-008382,463.19,WH-090,WH-070,STANDARD
PKG-008383,212.38,WH-063,WH-050,low
pkg-008384,222.39,WH-015, WH-052 ,URGENT
PKG-008385,484.23,WH-092, WH-068 ,URGENT
PKG-008386,390.43,WH-050,WH-033,URGENT
PKG-008387,360.02,WH-082,wh-043, STANDARD 
PKG-008388,252.92,WH-040,WH-058,LOW
PKG-008389,151.33,WH-095,WH-027,NONE
PKG-008390,145.24,WH-015,WH-014,LOW
pkg-008391,31.25,WH-099,WH-070,LOW
PKG-008392,448.35,WH-097,WH-092,STANDARD
PKG-008393,381.74,WH-052,wh-001,STANDARD
PKG-008394,464.44,WH-095,WH-022,STANDARD
PKG-008395,23.63,WH-069,WH-071,EXPRESS
PKG-008396,170.74,WH-036,WH-096,URGENT
PKG-008397,419.48,WH-047,WH-040,standard
PKG-008398,497.03,WH-017, WH-016 ,STANDARD

PKG-008399,25.70, WH-014 , WH-087 , LOW 

PKG-008400,242.19,WH-044,WH-048,URGENT
PKG-008401,478.12,WH-012,WH-013,standard
PKG-008402,104.87,WH-055,WH-041,URGENT
pkg-008403,496.25,WH-045,WH-098,STANDARD
PKG-008404,407.58,WH-097,WH-058,STANDARD
PKG-008405,173.64,WH-081,wh-092,STANDARD
PKG-008406,352.28,WH-058,WH-088,STANDARD
PKG-008407,60.31,WH-081,WH-071,URGENT
PKG-008408,427.96,WH-006,WH-011,URGENT
PKG-008409,483.40,WH-079,WH-021,none
PKG-008410,309.20,WH-062,WH-078,LOW
PKG-008411,N/A,WH-005,WH-014,URGENT
PKG-008412,458.56, WH-032 ,WH-014,URGENT
PKG-008413,68.45,WH-050,WH-036,NONE
PKG-008414,310.48,WH-006, WH-056 ,STANDARD
PKG-008415,198.69,WH-052,wh-086,URGENT
PKG-008416, 55.21049372001569 ,WH-007,WH-054,LOW
PKG-008417,289.16, WH-052 ,WH-028,URGENT
PKG-008418,91.99,WH-042,WH-091,STANDARD
PKG-008419,418.50,WH-050,WH-023,LOW
PKG-008420,116.09,WH-089,WH-029,STANDARD
PKG-008421,439.84,WH-028,WH-024,LOW
PKG-008422,29.75,WH-097,WH-052,STANDARD
PKG-008423,462.52,WH-003,WH-015,EXPRESS
PKG-008424,278.18,WH-019,WH-038,STANDARD
PKG-008425,180.50,WH-002,WH-012,LOW
PKG-008426,201.62,WH-090,WH-060,LOW
PKG-008427,33.48,WH-051,WH-012,LOW
PKG-008428,199.34,WH-009,WH-083,URGENT
,73.03,WH-085,WH-002,STANDARD
,,WH-051,WH-018,URGENT
 PKG-008431 ,143.66,WH-025,WH-005,URGENT
PKG-008432,78.66,WH-063,WH-083,LOW
PKG-008433, 373.95767690310174 ,WH-013,WH-005,URGENT
 PKG-008434 ,345.01,WH-057,WH-061,LOW
PKG-008435,328.21,wh-025,WH-032,VIP
PKG-008436,129.54,WH-046,WH-008,URGENT
PKG-008437,400.93,WH-049,WH-084,STANDARD
PKG-008438,18.12,WH-086,WH-008,STANDARD
PKG-008439,138.80,WH-071,WH-094,LOW
 PKG-008440 ,111.94,WH-065,,LOW
PKG-008441,102.46,WH-028,WH-046,STANDARD
PKG-008442,253.06,wh-044,WH-041,URGENT
PKG-008443,391.13,WH-073, WH-089 ,URGENT
PKG-008444,,WH-015,,STANDARD
PKG-008445,424.09,WH-001,WH-075,URGENT
PKG-008446,115.68,WH-025,WH-017,LOW
PKG-008447,369.50,WH-100,wh-098,STANDARD
pkg-008448,18.61,wh-065,WH-037,URGENT
PKG-008449,175.33,WH-084,WH-077,LOW
PKG-008450,161.97,WH-075, WH-046 ,LOW
PKG-008451,204.69,WH-044,WH-062,URGENT
PKG-008452,262.25, WH-076 ,WH-018,LOW
PKG-008453,121.35804621858755kg,wh-057,WH-040,LOW
PKG-008454,N/A,WH-044,WH-026,STANDARD
PKG-008455,241.60,WH-081,WH-065,
PKG-008456,164.60,WH-013,WH-091,LOW
PKG-008457,390.18,WH-075,WH-064,STANDARD
PKG-008458,219.03,WH-011,WH-088,STANDARD
PKG-008459,147.15,,WH-037,LOW
PKG-008460,14.18,WH-066,WH-048,URGENT
PKG-008461,371.90,,WH-097,LOW
PKG-008462,267.27,WH-031,WH-019,LOW
PKG-008463,293.18,WH-025,WH-053,URGENT
PKG-008464,151.79,WH-076,WH-082,STANDARD
PKG-008465,327.07, WH-081 ,WH-043,LOW
PKG-008466,394.34,WH-036,WH-015,URGENT
PKG-008467,83.59,wh-057,WH-013,STANDARD
PKG-008468,195.92,WH-068,WH-033,VIP
PKG-008469,100.98,WH-008,WH-034,STANDARD
PKG-008470,113.44,WH-009,WH-051,LOW
PKG-008471,58.62,WH-082,WH-067,URGENT
PKG-008472,417.91,WH-064, WH-099 ,LOW
PKG-008473,336.40,WH-061,WH-040,URGENT
PKG-008474,121.96,WH-050,WH-062,LOW
PKG-008475,132.89,WH-090,WH-020,LOW
PKG-008476,220.02,WH-001,WH-093,STANDARD
PKG-008477,58.58,WH-099,WH-025,LOW
pkg-008478,311.47, WH-041 ,WH-003,LOW
PKG-008479,434.76,WH-010,WH-006,LOW
PKG-008480,208.26,WH-078,WH-074,STANDARD
,330.36,WH-023,WH-040,STANDARD
PKG-008482,168.65,WH-056,WH-004,URGENT

PKG-008483,179.99,WH-045,WH-021,STANDARD
PKG-008484,194.30,WH-030,WH-016,STANDARD
PKG-008485,327.77,WH-040,WH-048,LOW
PKG-008486,63.25,WH-047,WH-093,URGENT
PKG-008487,258.62,WH-033,WH-097,URGENT
PKG-008488,333.68,WH-076,WH-096,URGENT
PKG-008489,100.90,WH-085,WH-053,LOW
PKG-008490,417.41,WH-070,WH-016,STANDARD
PKG-008491,273.32,WH-051,WH-080,STANDARD
PKG-008492,118.67,WH-095,WH-081,STANDARD,
 PKG-008493 ,108.64,WH-048,WH-041,LOW
PKG-008494,208.08,WH-062,WH-093,URGENT
PKG-008495,347.51,WH-031,wh-086,low
PKG-008496,379.87,WH-026, WH-018 ,LOW
PKG-008497,340.44,WH-069,WH-083,STANDARD
PKG-008498,26.83,WH-043,WH-091,urgent
PKG-008499,157.86,WH-079,WH-005,STANDARD
pkg-008500,342.31,WH-063,WH-003,URGENT
 PKG-008501 ,488.47,WH-065,WH-094,URGENT
PKG-008502,485.91,WH-006,WH-075,STANDARD
PKG-008503,125.99,WH-058,WH-061,LOW
PKG-008504,478.44,WH-051,WH-020,LOW
PKG-008505,70.95,WH-005,WH-079,URGENT
 PKG-008506 ,356.42,WH-024,WH-040,standard
PKG-008507,212.36,WH-012, WH-006 ,STANDARD
 PKG-008508 ,406.51,WH-044,WH-082,STANDARD
PKG-008509,42.10, WH-024 ,wh-048,URGENT
PKG-008510,106.56,wh-003,WH-071,URGENT
PKG-008511,112.71,WH-047,WH-009,STANDARD
PKG-008512,123.87,WH-029,WH-073, EXPRESS 
PKG-008513,308.73,WH-042,WH-004,LOW
PKG-008514,320.72, WH-027 ,WH-086,STANDARD
PKG-008515,81.42,WH-012,WH-011,LOW
PKG-008516,427.38,WH-013,WH-008,URGENT

PKG-008517,73.37,wh-025,WH-100,STANDARD
PKG-008518,341.82,WH-078,WH-027,URGENT
PKG-008519,137.87,WH-081,WH-061,LOW
PKG-008520,297.29,WH-080,WH-014,URGENT
PKG-008521,79.63,WH-021,WH-033,URGENT
PKG-008522,345.35,WH-012,WH-006,URGENT
PKG-008523,148.69,WH-079,WH-025,LOW
PKG-008524,490.11,WH-084,WH-033,LOW
PKG-008525,219.57,WH-043,WH-060,LOW
PKG-008526,291.82,WH-044,WH-093,VIP
PKG-008527,358.54,WH-050,WH-059,LOW
PKG-008528,463.67,WH-090,,LOW
PKG-008529,64.83,WH-036,WH-045,LOW
PKG-008530,176.13,WH-100,WH-017,LOW
PKG-008531,448.26,wh-093,WH-074,URGENT
PKG-008532,470.47,WH-065,WH-036,STANDARD
PKG-008533,117.72,WH-089,WH-061,URGENT
PKG-008534,350.57,WH-052,WH-087,STANDARD
PKG-008535,391.60,WH-098,WH-017,LOW
PKG-008536,null,WH-056,WH-061,URGENT
PKG-008537,288.96,WH-095,WH-044, URGENT 
PKG-008538,66.70,WH-058,WH-032,STANDARD
PKG-008539,260.03,wh-027,WH-003,STANDARD
PKG-008540,41.88,WH-049,WH-087,urgent
PKG-008541,126.23,WH-078,WH-073,LOW
PKG-008542, 206.99566119700293 ,WH-087,WH-066,URGENT
PKG-008543,368.76,WH-005,WH-034,LOW
PKG-008544,248.78,WH-066,WH-017,URGENT
PKG-008545,N/A,WH-096,WH-045,STANDARD
PKG-008546,65.21,WH-002,,URGENT
PKG-008547,205.34,WH-033,WH-029,STANDARD
PKG-008548,232.33,WH-008,,STANDARD
 PKG-008549 ,418.28,WH-050,WH-065,LOW
PKG-008550,68.63,WH-077,WH-100,STANDARD
PKG-008551,230.67,WH-033,WH-031,STANDARD
PKG-008552,235.23,WH-093,WH-051,STANDARD
PKG-008553,291.37,WH-053,WH-024,LOW
PKG-008554,156.30,WH-017,WH-073,STANDARD
PKG-008555,294.10, WH-051 ,WH-039,URGENT
PKG-008556,119.09,WH-039,WH-062,LOW
PKG-008557,34.39,WH-009,WH-079,LOW
pkg-008558,null,WH-025,WH-039,LOW
,130.00,wh-097,WH-030,URGENT
PKG-008560,,WH-097,WH-005,LOW
PKG-008561,407.86,WH-092,WH-065,STANDARD
PKG-008562,361.32,WH-035,WH-004,STANDARD
PKG-008563,361.41,WH-076,WH-081,LOW
PKG-008564,309.66,WH-065,WH-008,STANDARD
PKG-008565,39.96,WH-027,WH-003,URGENT
PKG-008566,45.69,WH-006,wh-037,urgent
PKG-008567,267.32,wh-029,WH-049,STANDARD
PKG-008568,28.53,WH-093,WH-078,URGENT
PKG-008569,53.52,WH-080,WH-065, LOW 
pkg-008570,398.55,WH-028,WH-033,STANDARD
PKG-008571,417.71,WH-066,WH-014,URGENT
PKG-008572,229.76,WH-055,WH-076,URGENT
PKG-008573,493.46,WH-025,WH-054,LOW
PKG-008574,448.36, WH-046 ,WH-089, URGENT 
PKG-008575,234.62,,WH-090,LOW
PKG-008576,266.64,WH-056,,LOW
PKG-008577,77.51,WH-052,WH-034,STANDARD
PKG-008578,423.03,WH-024,WH-010,URGENT
PKG-008579,113.17,WH-019,WH-088,URGENT
,159.15,WH-054,WH-095,URGENT
PKG-008581,278.81,WH-013,WH-100, URGENT 
PKG-008582,57.82,WH-032,WH-012,STANDARD
PKG-008583, 104.4747277849557 ,wh-035,WH-039,URGENT
PKG-008584,303.36,WH-050,WH-044,
PKG-008585,312.67,WH-046,WH-055,STANDARD
PKG-008586,351.51,WH-064,WH-097,STANDARD
PKG-008587,86.90,WH-094,WH-019,URGENT
PKG-008588,347.08,WH-025,WH-083,URGENT
PKG-008589,368.41,WH-046,WH-089,STANDARD
PKG-008590,49.96,WH-075,WH-095,URGENT
pkg-008591,346.17,WH-048,WH-045,STANDARD
PKG-008592,360.93,WH-075,WH-020,STANDARD
PKG-008593,64.00,WH-036,WH-062,LOW
 PKG-008594 ,178.00,WH-007,WH-016,STANDARD
PKG-008595,449.68,WH-065,WH-063,STANDARD
pkg-008596,121.45,WH-024,WH-077,LOW
PKG-008597,383.91,WH-016,WH-065, STANDARD 
PKG-008598,7.85,WH-093,WH-042,STANDARD,
PKG-008599,,WH-033,WH-018,LOW
PKG-008600,3.32,WH-029,WH-054,LOW
PKG-008601,61.61,wh-029,WH-049,URGENT,
PKG-008602,493.29,WH-091,WH-089,URGENT,
PKG-008603,88.31,WH-100,WH-091,LOW
PKG-008604,387.14,WH-057,WH-027,VIP
PKG-008605,449.06,WH-025,WH-019,URGENT
PKG-008606,19.61, WH-043 ,WH-100,URGENT
PKG-008607,63.42,WH-002,WH-036,CRITICAL
PKG-008608,189.15,WH-058,WH-036,URGENT
PKG-008609,492.71,WH-084,WH-013,URGENT
PKG-008610,367.37,WH-084,WH-078,URGENT
PKG-008611,N/A,WH-020,WH-006,URGENT
PKG-008612,98.28,WH-042,WH-062, LOW 
PKG-008613,266.08,WH-059,WH-057,LOW
PKG-008614,143.41,WH-041,WH-067,URGENT
PKG-008615, 410.13557635206143 ,WH-018,WH-067,LOW
PKG-008616,164.23,WH-003,WH-005,STANDARD
PKG-008617,300.51,wh-028,WH-063,LOW
PKG-008618,22.67,WH-001,WH-013,URGENT
PKG-008619,458.90,WH-086,WH-082,URGENT
PKG-008620,272.47,WH-012,WH-070,LOW
PKG-008621,273.23,WH-058,WH-046
PKG-008622,329.12,WH-080,WH-040,
PKG-008623,400.84,WH-045,WH-088,STANDARD
PKG-008624,40.11,WH-009,WH-024,STANDARD
PKG-008625,367.36,WH-006,WH-094,LOW
PKG-008626,424.44,WH-055,WH-001, STANDARD 
PKG-008627,343.03,WH-094,WH-080,LOW
PKG-008628,425.08,WH-080,WH-036,LOW
PKG-008629,362.85,WH-066,WH-017,STANDARD
,321.14,WH-010, WH-018 ,STANDARD
,170.10,WH-041,WH-004, URGENT 
PKG-008632,131.23,WH-062,WH-058,URGENT
PKG-008633,249.14,WH-088,WH-005,LOW
PKG-008634,350.18,WH-083,WH-057,
pkg-008635,298.25,WH-003,WH-043,URGENT
PKG-008636,476.64, WH-004 ,WH-053,URGENT
PKG-008637,204.48,WH-077,WH-087,STANDARD
PKG-008638,133.88,WH-037,WH-073,URGENT
PKG-008639,201.24,wh-048,WH-005,URGENT
PKG-008640,67.48,WH-071,WH-029,URGENT
PKG-008641,11.76,WH-090,WH-021
PKG-008642,279.16,WH-001,WH-048, LOW 
PKG-008643,56.84,WH-047,WH-066,STANDARD
PKG-008644,452.95,WH-088,WH-021,URGENT
PKG-008645,275.23,WH-020,WH-004,STANDARD
PKG-008646,291.96,WH-055, WH-062 ,URGENT
PKG-008647,20.47,WH-024,WH-072,LOW
PKG-008648,120.16,WH-055,WH-075,LOW
PKG-008649,146.9513906898383kg,WH-008,WH-076, STANDARD 
PKG-008650,40.65,WH-069,WH-008,STANDARD
 PKG-008651 ,50.18,WH-040,WH-060,STANDARD
PKG-008652,363.45, WH-094 ,WH-061,CRITICAL
 PKG-008653 ,N/A,WH-036,WH-092,STANDARD,
pkg-008654,191.02,WH-019,WH-026,LOW
PKG-008655,466.53,WH-013,WH-049,LOW
PKG-008656,452.93,WH-097, WH-016 ,URGENT
PKG-008657,413.41,WH-058,WH-019, STANDARD 
PKG-008658,194.16,WH-094, WH-004 ,STANDARD
PKG-008659,80.90,WH-061, WH-050 ,URGENT
PKG-008660,null,wh-053, WH-030 ,STANDARD
PKG-008661,207.35,WH-088,WH-034,URGENT
PKG-008662,64.24,WH-028,WH-100,LOW
PKG-008663, 57.84846758780643 ,WH-052,WH-018,
PKG-008664,130.49,WH-055,WH-079,LOW
PKG-008665,463.12, WH-038 ,WH-079,URGENT
pkg-008666,292.49,WH-015, WH-006 ,URGENT
PKG-008667,140.15,WH-006,,STANDARD
PKG-008668,185.74,WH-015,WH-079,LOW
PKG-008669,24.72,WH-091,WH-052,URGENT
pkg-008670,157.25,WH-062,WH-015,LOW
PKG-008671,263.19,WH-059,WH-021,CRITICAL
PKG-008672,223.63,WH-062,WH-006,LOW
PKG-008673,497.13,WH-070,WH-054,LOW
PKG-008674,67.63,WH-073,WH-095,STANDARD
 PKG-008675 ,223.46,WH-025,WH-081,STANDARD
PKG-008676,413.58,WH-007, WH-023 ,STANDARD
pkg-008677,242.03,WH-074,WH-031,STANDARD
PKG-008678,314.56,WH-100,WH-015,STANDARD
PKG-008679,465.15,WH-074,WH-052,CRITICAL
PKG-008680,55.72,WH-049,WH-038,LOW
PKG-008681,436.20, WH-044 ,WH-068,low
PKG-008682,365.50,WH-035,WH-003,URGENT
PKG-008683,386.20,WH-056,WH-018,LOW
PKG-008684,475.83, WH-087 ,WH-092,STANDARD
PKG-008685,324.85,WH-050, WH-058 ,STANDARD
PKG-008686,435.26,WH-080,WH-044,LOW
PKG-008687,2.21,WH-089,WH-013,URGENT
PKG-008688, 257.81792995869563 ,WH-019,WH-098,LOW
PKG-008689,295.81,WH-094,WH-059,URGENT
PKG-008690,259.62,WH-088,WH-037,LOW
PKG-008691,368.53,WH-016,WH-021,STANDARD
PKG-008692,446.38,WH-013,WH-070,LOW
PKG-008693,165.46,WH-023,WH-030,LOW
PKG-008694,140.16,WH-090,WH-047,STANDARD
PKG-008695,,WH-082,WH-033,URGENT
PKG-008696,334.37,WH-006,WH-033,LOW
PKG-008697,315.46,WH-013,WH-091,STANDARD
pkg-008698,161.21,WH-081, WH-092 ,
PKG-008699,209.23,WH-075,WH-020,
PKG-008700,475.80,WH-083,WH-024,URGENT
PKG-008701,425.13,WH-034,WH-032,LOW
PKG-008702,325.43,WH-085,WH-009,URGENT
PKG-008703,380.09,WH-064,WH-021,URGENT
PKG-008704,497.44, WH-072 ,WH-002,STANDARD
PKG-008705,193.96,WH-032,WH-040,LOW
PKG-008706,8.18,WH-094,WH-030,LOW
PKG-008707,452.32,WH-061,WH-014,LOW
PKG-008708,19.87,WH-013,WH-085,STANDARD
PKG-008709,422.76, WH-002 ,WH-052,LOW
PKG-008710,287.25,WH-069,WH-082,STANDARD
PKG-008711,301.75,WH-069,WH-002,LOW
 PKG-008712 ,463.92,WH-049,WH-078, NONE 
,499.86,wh-092,WH-078,EXPRESS
PKG-008714,448.04,WH-018,WH-089,LOW
 PKG-008715 ,493.87,WH-022,WH-090,URGENT
PKG-008716,53.29,WH-051,WH-076,LOW
PKG-008717,133.26,WH-077,WH-010,low
,222.32,WH-051,WH-089,STANDARD
PKG-008719,81.88,WH-098,WH-052, STANDARD 
PKG-008720,332.18,WH-015,WH-043,STANDARD
PKG-008721,19.24,WH-014,WH-003,LOW
PKG-008722,260.40,WH-025, WH-078 ,STANDARD
 PKG-008723 ,20.61,WH-086,WH-090,LOW
PKG-008724,364.72,wh-097,WH-036,URGENT,
PKG-008725,227.72842123794672kg,WH-077,WH-068,standard
PKG-008726,263.90,WH-034,WH-098,STANDARD
PKG-008727,42.20,WH-010,WH-084,LOW
PKG-008728,101.90,WH-070,WH-091,standard
PKG-008729,69.76,WH-057,WH-085,STANDARD
PKG-008730,6.40,,WH-079,STANDARD
PKG-008731,42.32,WH-023,WH-019,LOW
pkg-008732,289.00,WH-051,WH-100,URGENT
PKG-008733,193.58,WH-048,WH-088,URGENT
PKG-008734, 451.26250412276835 ,WH-060, WH-052 ,
PKG-008735,142.56,WH-100,WH-078,LOW
 PKG-008736 ,197.61,WH-006,WH-037,low
 PKG-008737 ,433.90,WH-049,WH-024,LOW
PKG-008738,197.09,WH-066,WH-055, URGENT 
 PKG-008739 ,412.41,WH-014,wh-040,LOW
 PKG-008740 ,185.81,WH-088,WH-013,LOW,
PKG-008741,247.99,WH-096,WH-022,LOW,
PKG-008742,237.84,WH-053,wh-012,LOW
PKG-008743,46.55,WH-088,WH-059, URGENT 
 PKG-008744 ,0.8642569866072346kg,WH-063,WH-062,URGENT
PKG-008745,159.94,WH-055,WH-038,LOW
PKG-008746,400.50,WH-002, WH-090 ,LOW
PKG-008747,null,WH-089,WH-053
PKG-008748,307.04,WH-014,WH-044,STANDARD
PKG-008749,289.18,WH-061, WH-086 ,LOW
PKG-008750,226.08,WH-099,WH-024,URGENT
pkg-008751,219.56,WH-100,WH-063,STANDARD
PKG-008752,31.81,WH-089,WH-063,LOW
PKG-008753,163.18,WH-070,WH-051,URGENT
PKG-008754,229.92,WH-023,WH-058,URGENT
PKG-008755,N/A,WH-030, WH-094 ,URGENT
 PKG-008756 ,49.71,WH-075,wh-037,URGENT
PKG-008757,230.91,WH-076,WH-020,LOW
PKG-008758,261.54,WH-064,WH-004,URGENT
PKG-008759,356.22,WH-032,WH-027,URGENT
 PKG-008760 ,346.30,WH-001,WH-003,STANDARD
PKG-008761,232.80,WH-039,WH-092,low
PKG-008762,437.10,WH-038,WH-077, URGENT 
PKG-008763,404.48,WH-068,WH-080,LOW
 PKG-008764 ,N/A,WH-033,WH-054,STANDARD
PKG-008765,37.39,WH-028,WH-022,low
PKG-008766,286.21,WH-038,WH-019,STANDARD
PKG-008767,469.38,WH-001,WH-062, LOW 
PKG-008768,32.18,WH-013,wh-029,LOW
PKG-008769,462.50,WH-022,WH-055,STANDARD
PKG-008770,464.37,WH-050, WH-084 ,URGENT
PKG-008771,259.85,WH-042,,STANDARD
PKG-008772,461.51,wh-085,WH-097,standard
PKG-008773,378.74,WH-043,WH-044,STANDARD
PKG-008774,71.68,WH-063,WH-014,urgent
PKG-008775,154.28, WH-060 ,WH-045,LOW
PKG-008776,268.66,wh-047,WH-003,STANDARD
PKG-008777,348.94,WH-037,WH-020,URGENT
PKG-008778,121.69,WH-047, WH-036 ,URGENT
,217.82,WH-006,WH-031,,
PKG-008780,279.87,WH-041,WH-028,urgent
PKG-008781,409.43, WH-022 ,WH-084,LOW
PKG-008782,331.36,WH-063,WH-018, URGENT 
PKG-008783,427.48,WH-013,WH-022,URGENT

 PKG-008784 ,207.82,WH-095,WH-068,STANDARD
PKG-008785,343.77,WH-047,WH-094,URGENT
PKG-008786,null,WH-053,WH-050,STANDARD
PKG-008787,130.70,WH-059,WH-067,STANDARD
,390.47,WH-071,WH-078,standard
PKG-008789,291.45,WH-039,WH-025,LOW
PKG-008790,464.02,WH-038,WH-037,URGENT
PKG-008791,357.93,WH-052,WH-048,NONE
PKG-008792,254.25,WH-010,WH-086,CRITICAL
PKG-008793,null,WH-085,WH-062,VIP
PKG-008794,449.99,WH-054,WH-064,urgent
PKG-008795,159.11,WH-055,WH-081,STANDARD
PKG-008796,262.89,WH-068,WH-098,LOW
PKG-008797,201.59,WH-049,WH-031,URGENT
PKG-008798,197.20,WH-050,WH-080,LOW
PKG-008799,149.36,WH-040,WH-022,STANDARD
PKG-008800,173.24,WH-043,WH-077,STANDARD
PKG-008801,181.72,WH-034, WH-025 ,URGENT
PKG-008802,487.74,WH-056,WH-022,STANDARD
PKG-008803,196.21,WH-053,WH-027,LOW
PKG-008804,243.17,WH-094,WH-093,URGENT
PKG-008805,355.67, WH-075 ,WH-095,URGENT
PKG-008806,368.69,WH-024,WH-096,URGENT
PKG-008807,19.41,WH-003,WH-070,LOW
PKG-008808,320.01,WH-072,WH-003, STANDARD 
PKG-008809,162.92,WH-075,WH-058,URGENT
PKG-008810,138.10,WH-090,WH-078,STANDARD
PKG-008811,149.47,,WH-060,LOW
PKG-008812,11.50,WH-095,WH-029,STANDARD
PKG-008813,405.01,WH-083,WH-015,STANDARD
PKG-008814,153.85,WH-085,,STANDARD
PKG-008815,477.07,WH-028,WH-062,LOW
PKG-008816,null,WH-064,WH-085,LOW
PKG-008817,222.59,WH-044,WH-001,LOW

PKG-008818,183.16,WH-015,WH-018,LOW
PKG-008819,246.20,WH-023,WH-029,LOW
 PKG-008820 ,395.88,WH-064,,URGENT
PKG-008821,168.01,WH-038,WH-002,STANDARD
PKG-008822,309.03,WH-075,WH-005,URGENT
PKG-008823,350.87,WH-083,WH-014,LOW
PKG-008824,460.22,WH-010,WH-069
PKG-008825,298.89,WH-015,WH-070,URGENT
PKG-008826,219.18,WH-025,WH-076,STANDARD
PKG-008827, 165.2095078544679 ,WH-043,WH-088,STANDARD
PKG-008828,237.81,WH-014,WH-087,LOW
PKG-008829,447.28,WH-084,WH-032,STANDARD
PKG-008830,208.48,,WH-051,URGENT
PKG-008831,56.66,WH-047,WH-022,URGENT
 PKG-008832 ,324.36, WH-092 ,WH-037, LOW 
pkg-008833,11.88,WH-048,wh-084,LOW
PKG-008834,null,WH-089, WH-041 ,standard
PKG-008835,29.12,WH-054,WH-025, URGENT 
 PKG-008836 ,386.18,WH-069,WH-089,URGENT
PKG-008837,162.68,WH-069,wh-034,LOW
PKG-008838,22.64,WH-084,WH-005,LOW
,N/A,WH-031,WH-059,VIP
PKG-008840,317.07,WH-039,WH-006,STANDARD
PKG-008841,116.30,WH-043,WH-047,URGENT
PKG-008842,149.10,WH-020,WH-011,STANDARD
PKG-008843,311.81,WH-078,WH-085,STANDARD
PKG-008844,6.09,WH-089,WH-081,LOW
PKG-008845,275.22,WH-018,WH-098, VIP 
PKG-008846,198.86,WH-021,wh-088
PKG-008847,267.53,,WH-098,STANDARD
PKG-008848,239.14,WH-028,WH-008,URGENT
PKG-008849,149.54494635871967kg,WH-030,WH-016,LOW
PKG-008850,371.97,WH-058,WH-023,STANDARD
PKG-008851,null,WH-090,WH-084,LOW
PKG-008852,166.99,WH-059,WH-070,LOW
PKG-008853,268.86,WH-098,WH-067, URGENT 
,194.57,WH-057,WH-073,LOW
,292.20, WH-095 ,WH-039,STANDARD
PKG-008856,357.98,WH-098,WH-071,NONE
PKG-008857,451.21,WH-085,WH-013,URGENT

PKG-008858,2.34,WH-066,WH-063,LOW
PKG-008859,327.02,WH-044,WH-027,STANDARD
PKG-008860,153.43,WH-053,WH-054,STANDARD
PKG-008861,292.57,WH-096,WH-068,low
PKG-008862,4.56,WH-006,WH-011,URGENT
PKG-008863,169.46,WH-072,WH-008,
PKG-008864,37.07,WH-093,wh-027,LOW
PKG-008865,25.57,WH-018,WH-028,LOW
PKG-008866,358.31,WH-098,WH-051,STANDARD
PKG-008867,498.72,WH-005,WH-069,LOW
 PKG-008868 ,256.10, WH-003 ,WH-029,URGENT
PKG-008869,73.35,WH-025,WH-096,LOW
PKG-008870,11.22,WH-043,WH-025,LOW
PKG-008871,449.25,WH-052,wh-076,STANDARD
 PKG-008872 ,342.54,WH-090,WH-099,low
PKG-008873,101.98,WH-059,WH-013,STANDARD
PKG-008874,371.43,,WH-023,LOW
pkg-008875,21.13,WH-025,WH-061,URGENT
PKG-008876,,WH-051,WH-008,STANDARD
PKG-008877,34.46, WH-065 ,WH-077,STANDARD
PKG-008878,440.628426769488kg,WH-048,WH-042,STANDARD
PKG-008879,326.08,WH-100,WH-008,STANDARD

PKG-008880,460.65,WH-045,WH-035
PKG-008881,null,WH-094,WH-025,STANDARD
PKG-008882,10.66,WH-048,WH-002,
PKG-008883,362.99,WH-038,WH-021,

PKG-008884,375.69,WH-012,WH-035,URGENT
PKG-008885,8.64,WH-090,WH-040,URGENT
PKG-008886,330.11,WH-032,WH-041,urgent
PKG-008887,null,WH-080,WH-047,VIP
PKG-008888,274.23,WH-100,WH-037,
PKG-008889,441.59,WH-022,WH-044,STANDARD
PKG-008890,53.12,WH-004,WH-039,URGENT
PKG-008891,214.78,WH-067,WH-052,LOW
PKG-008892,273.12,WH-017,WH-002,URGENT
PKG-008893,80.82,WH-039,WH-026,STANDARD
PKG-008894,341.60,WH-060, WH-082 ,standard
pkg-008895,428.92,WH-065,WH-006,LOW
PKG-008896,354.21,WH-092,WH-025,LOW
PKG-008897,85.31,WH-024,WH-050,LOW
PKG-008898,348.74,WH-005,WH-019,URGENT
PKG-008899,356.30,WH-076,WH-001,STANDARD
PKG-008900,459.85,WH-049,WH-053, URGENT 
PKG-008901,349.31,WH-094,WH-028,LOW,
pkg-008902,85.77,WH-013, WH-009 ,STANDARD
PKG-008903,381.31,WH-052,WH-054,URGENT
PKG-008904,66.34,WH-015,wh-005,STANDARD
PKG-008905,104.23,,WH-027,STANDARD
PKG-008906,105.32,WH-086,WH-072, URGENT 
PKG-008907,476.32,WH-078,WH-044,URGENT
PKG-008908,427.27, WH-049 ,wh-071,LOW
PKG-008909,108.01,WH-070,wh-048, STANDARD 
PKG-008910,null,WH-079,wh-092,LOW
PKG-008911, 43.4209270664338 ,WH-019,,LOW
PKG-008912,78.39,WH-088, WH-048 ,LOW
PKG-008913,287.21,wh-060,WH-095,URGENT
PKG-008914,493.03,WH-048,WH-010,EXPRESS
PKG-008915,317.67,WH-074,WH-082,low
PKG-008916,475.66,WH-085,WH-015,URGENT,
PKG-008917,144.43,WH-046,WH-007,URGENT
PKG-008918,244.80,WH-079,WH-013,VIP
PKG-008919,231.89,WH-096,WH-001,URGENT
PKG-008920,318.68,WH-042,WH-030,LOW
PKG-008921,,wh-094,WH-036,URGENT
PKG-008922,441.21,WH-036,WH-090,LOW
PKG-008923,175.21,WH-044,WH-026,STANDARD
PKG-008924,343.20,WH-072,WH-080,STANDARD
PKG-008925,175.62,WH-065,wh-074,LOW
PKG-008926,230.96, WH-094 ,WH-037, STANDARD 
PKG-008927,50.25,WH-089,WH-075,STANDARD
PKG-008928,344.18,WH-073,WH-015,STANDARD
PKG-008929,373.39,WH-059,WH-098,LOW
PKG-008930,49.38,WH-100,WH-098,URGENT
PKG-008931,N/A,WH-021,WH-047, LOW 
PKG-008932,179.95,WH-060,WH-066,URGENT
PKG-008933,261.54, WH-012 ,WH-097,STANDARD
PKG-008934,425.49,WH-029,WH-074,LOW
PKG-008935,401.09,WH-023,WH-017,LOW
PKG-008936,182.18,WH-083,WH-088,STANDARD
PKG-008937,129.17,WH-094,WH-045,URGENT
PKG-008938,150.25,WH-041,WH-008,URGENT
PKG-008939,63.61,WH-003,WH-035,STANDARD
PKG-008940,468.50,WH-082,wh-089,LOW
PKG-008941,27.17,WH-087,WH-050,URGENT
PKG-008942,494.82,,WH-050,LOW
PKG-008943,377.77,WH-090,WH-067,URGENT
PKG-008944,71.29,WH-025,WH-048, LOW 
PKG-008945,318.28,WH-059,WH-071,low
 PKG-008946 ,10.91,WH-047,WH-058,LOW
PKG-008947,337.51,wh-046,WH-063,
PKG-008948,337.18,wh-068, WH-009 ,LOW
pkg-008949,null,WH-062,WH-025,NONE
PKG-008950,140.70,WH-044,WH-066,LOW
PKG-008951,190.37,WH-028, WH-056 ,URGENT,
PKG-008952,225.87,,WH-087,NONE
PKG-008953,462.40,WH-092,WH-008,LOW
PKG-008954,255.88,WH-016,WH-098,LOW
,46.24,WH-099,WH-016,LOW
 PKG-008956 ,9.09,WH-079,WH-042,LOW
PKG-008957,406.64,WH-070,wh-092,URGENT
PKG-008958,378.21,WH-084,WH-100, LOW 
PKG-008959,395.10,WH-024,WH-034,URGENT
PKG-008960, 472.56016430712396 ,WH-079,wh-011,STANDARD
PKG-008961,107.33,WH-011,WH-039,URGENT
PKG-008962,456.91,wh-054,WH-037, LOW 
PKG-008963,144.38,WH-100,WH-095,URGENT
PKG-008964,62.19,WH-023,WH-038,URGENT

PKG-008965,334.09,WH-091,WH-052,URGENT
PKG-008966,47.75,WH-096,WH-083,LOW
PKG-008967,358.97, WH-031 ,wh-004,LOW
PKG-008968, 295.0960827709366 ,WH-022,WH-044,STANDARD
PKG-008969, 364.5239650899742 ,WH-009,WH-031,URGENT
PKG-008970,268.64,WH-064,WH-035,STANDARD
PKG-008971,234.63,wh-069, WH-037 ,STANDARD
PKG-008972,426.96,WH-045,WH-069,standard
PKG-008973,455.71,WH-014,WH-084,STANDARD
PKG-008974,300.80,WH-013,WH-089,URGENT
PKG-008975,359.36,WH-079,WH-003,STANDARD
PKG-008976,240.51,WH-021,WH-007,URGENT
PKG-008977,429.87,WH-095, WH-091 ,NONE
PKG-008978,183.09,WH-078,wh-076,URGENT
PKG-008979,420.45,WH-078,WH-047
PKG-008980,106.36,WH-069,WH-056, URGENT 
PKG-008981, 10.182529698988823 ,WH-012,WH-011,URGENT
PKG-008982,110.96,WH-077,WH-092,LOW
PKG-008983,7.53,wh-020,WH-027,URGENT
PKG-008984,null,WH-028,,LOW
PKG-008985,223.68,WH-089,WH-086,STANDARD
PKG-008986,107.56,WH-003,WH-038,LOW
PKG-008987,81.16,WH-034,WH-082,LOW
PKG-008988,152.45,WH-016,WH-097,LOW,
PKG-008989,475.26,WH-059,WH-099,
PKG-008990,396.29,WH-013,WH-008,LOW
pkg-008991,312.99,,WH-085,LOW
PKG-008992,205.12,WH-100,WH-024,URGENT
PKG-008993,200.77,WH-062,WH-066,low
PKG-008994,42.00,WH-008,WH-076,STANDARD
PKG-008995,11.36,WH-049,wh-098,STANDARD
PKG-008996,384.34,WH-078,WH-021,NONE
PKG-008997,46.98,WH-013,WH-085,LOW
 PKG-008998 ,421.28, WH-028 ,WH-033,URGENT
PKG-008999,57.26,WH-036,WH-063,URGENT
PKG-009000,62.00,WH-056,WH-033,URGENT
pkg-009001,259.98, WH-100 ,WH-076,STANDARD
PKG-009002,459.80,WH-023,WH-012,URGENT
PKG-009003,259.43,WH-074,WH-049,STANDARD
PKG-009004,253.42,WH-071,WH-065,STANDARD
PKG-009005,401.78,WH-022,WH-091,urgent
PKG-009006,165.15,WH-066,WH-037,STANDARD
PKG-009007,87.81,WH-007,WH-034,LOW
PKG-009008,107.99,WH-043,wh-073,STANDARD
PKG-009009,86.72,WH-023,WH-045,STANDARD
PKG-009010,347.76,WH-017,WH-016,LOW
PKG-009011,227.12,WH-029,WH-006,URGENT
PKG-009012,51.20975991461094kg,WH-016,WH-097,LOW
,165.48,WH-034,WH-009,URGENT
PKG-009014,437.53,WH-061,WH-097,EXPRESS
PKG-009015,19.61,wh-049,WH-002,LOW
pkg-009016,326.00,WH-096,WH-061,STANDARD
PKG-009017,N/A,WH-063,WH-094,URGENT
PKG-009018,181.28,WH-084,WH-098,STANDARD
PKG-009019,40.67,WH-056, WH-019 ,STANDARD
PKG-009020,209.52,WH-070,WH-039,URGENT
PKG-009021,185.79,,WH-067,LOW
 PKG-009022 ,N/A,wh-056,WH-100,URGENT
PKG-009023,120.18,WH-012,WH-039,LOW
 PKG-009024 ,348.11, WH-100 ,WH-026,URGENT
PKG-009025,23.56,WH-022, WH-025 ,LOW
PKG-009026,404.06,WH-052,WH-011,STANDARD
PKG-009027,287.18,WH-060,,urgent
PKG-009028,55.27,WH-028, WH-090 ,STANDARD
PKG-009029,330.38, WH-090 ,WH-092,LOW
PKG-009030,459.76,WH-059,WH-019,urgent
PKG-009031,231.71,WH-020,WH-045,URGENT
PKG-009032,15.28,WH-063,WH-008,LOW
PKG-009033,335.22,WH-035,WH-097,STANDARD
PKG-009034,485.21,WH-086,WH-043,STANDARD
 PKG-009035 ,169.07,WH-076,WH-011,STANDARD
PKG-009036,223.23,WH-090,WH-051,STANDARD
PKG-009037, 192.4292891119698 ,WH-084,WH-027,URGENT
,, WH-032 ,WH-009,STANDARD
PKG-009039,253.17,WH-049, WH-004 ,URGENT
PKG-009040,387.24,WH-029,WH-035,URGENT
PKG-009041,480.69,WH-015,WH-092,URGENT
PKG-009042,486.69,WH-058,WH-011,LOW
PKG-009043,80.11,WH-018,WH-017,STANDARD
PKG-009044,452.34,WH-016,WH-037,URGENT
PKG-009045,278.70,WH-084,WH-017,URGENT
PKG-009046,256.01,WH-065,WH-003,LOW
pkg-009047,89.64,WH-049,WH-012,URGENT
PKG-009048,16.50,WH-066,WH-008,URGENT
PKG-009049,418.78,WH-079,WH-053
PKG-009050,N/A,WH-069,WH-048,STANDARD
PKG-009051,356.01,WH-074,WH-026,LOW
pkg-009052,196.61, WH-093 ,WH-069,STANDARD
PKG-009053,388.18,WH-052,WH-003,URGENT
PKG-009054,349.87,WH-039,WH-028,LOW
PKG-009055,197.21,WH-043,WH-037,LOW
PKG-009056,109.89,WH-054,WH-026,
PKG-009057,482.28,WH-070,WH-029,LOW
PKG-009058,117.41,WH-001,WH-059,LOW
PKG-009059,69.32,wh-095,WH-088,LOW
PKG-009060,113.73,WH-089,WH-073,LOW
PKG-009061,36.72,WH-002,WH-076,LOW
PKG-009062,322.23,WH-039,WH-021,LOW

PKG-009063,154.60,WH-028,WH-036,STANDARD
PKG-009064,496.80,WH-011,WH-010,STANDARD
PKG-009065,166.77,WH-053,WH-006,URGENT
PKG-009066,310.49,WH-093,WH-038,LOW
PKG-009067,249.89,WH-089,wh-032,URGENT
PKG-009068,388.40,WH-070,WH-010,LOW
PKG-009069,230.23,WH-088,WH-027,STANDARD
PKG-009070,216.07,WH-008,WH-044,STANDARD
PKG-009071,164.81,WH-048,WH-052,low
PKG-009072,21.85,WH-003,WH-016,URGENT
PKG-009073,37.03,WH-038,WH-087,STANDARD
PKG-009074,435.41,WH-010,WH-045,STANDARD
PKG-009075,350.38,WH-089,WH-026,STANDARD
PKG-009076, 149.0274567723092 ,WH-078,WH-010,LOW
PKG-009077,477.58,WH-040,WH-009,URGENT
PKG-009078,308.17,WH-073,WH-094,URGENT
PKG-009079,313.58,WH-038,WH-066, STANDARD 
,N/A,WH-012,WH-073,STANDARD
PKG-009081,N/A,WH-021,WH-016,LOW
PKG-009082,130.88,WH-034,WH-025,URGENT
PKG-009083,493.72,WH-069,WH-007,LOW
PKG-009084,106.19,WH-029,WH-039, STANDARD 
PKG-009085,370.84,WH-050,WH-055,LOW
,463.73,WH-088,WH-082,STANDARD
PKG-009087,395.46,WH-005,WH-041,STANDARD
PKG-009088,422.67,WH-028,WH-080,STANDARD
PKG-009089,142.03,WH-057,WH-011,STANDARD
 PKG-009090 ,387.48,WH-037,WH-084,LOW
pkg-009091,213.52,wh-093,WH-070,URGENT
PKG-009092,5.51,WH-029,WH-047,URGENT
PKG-009093,318.70,WH-017,WH-009,URGENT
PKG-009094,335.28,WH-039,WH-024,URGENT
PKG-009095,281.18,WH-073,WH-049,STANDARD
PKG-009096,84.16789182261309kg,WH-096,,LOW
PKG-009097,370.16,,WH-045,STANDARD
PKG-009098, 159.66511838059324 ,WH-030,WH-072, URGENT 
PKG-009099,37.24,WH-074,WH-049,STANDARD
PKG-009100,286.90,WH-038,WH-069, STANDARD 
PKG-009101,51.43,WH-007,WH-003,STANDARD
PKG-009102,175.02,WH-040,WH-048,URGENT
PKG-009103,198.63,WH-047,WH-006,STANDARD

PKG-009104,87.50,WH-098,WH-043,URGENT
PKG-009105,99.34,WH-015,WH-043,URGENT
PKG-009106,333.76, WH-035 ,WH-051,LOW
PKG-009107,12.10,WH-013,WH-007,urgent
PKG-009108,12.24,WH-039,WH-062,LOW
 PKG-009109 ,449.00,WH-088,WH-080,NONE
PKG-009110,72.26,WH-016,wh-075,STANDARD
pkg-009111,388.38,WH-032,WH-026,LOW
PKG-009112,104.89, WH-082 ,WH-007,LOW
PKG-009113,304.77,WH-065,wh-063,STANDARD
PKG-009114,499.50,WH-075,WH-047, LOW 
PKG-009115,349.07,WH-032,WH-098,NONE
PKG-009116,263.87,WH-035,WH-096
PKG-009117,,wh-060,WH-072,LOW
pkg-009118,226.84,WH-077,WH-098,LOW
PKG-009119,341.46, WH-060 ,WH-069,LOW
PKG-009120, 5.367583716570886 , WH-084 ,WH-028,LOW
PKG-009121,494.88,WH-037,WH-094,URGENT
PKG-009122,321.52,WH-073,wh-036,STANDARD
pkg-009123,18.33,WH-067,WH-013,LOW
PKG-009124,416.32,WH-095,WH-029,STANDARD
PKG-009125,200.14,,WH-050,STANDARD
pkg-009126,431.65,WH-055,WH-056,LOW
PKG-009127,322.75,WH-083,WH-071,URGENT
PKG-009128,24.71,WH-026,WH-068,LOW
PKG-009129,444.67,WH-067,WH-042,LOW
PKG-009130,175.21, WH-026 ,WH-036,LOW
PKG-009131,83.99520661751458kg,WH-068,WH-001,URGENT
PKG-009132,294.35,WH-089,WH-041,STANDARD
PKG-009133,242.22,WH-002,wh-034,URGENT
PKG-009134,210.12,WH-062,WH-076,LOW
PKG-009135,241.43,WH-005,WH-050,STANDARD
 PKG-009136 ,44.47,WH-017,WH-028,STANDARD
PKG-009137,366.65,WH-029,WH-026,LOW
pkg-009138,324.96,WH-093,WH-024,URGENT
PKG-009139,357.24,wh-014,WH-033,STANDARD
PKG-009140,357.61,WH-054,WH-067,URGENT
PKG-009141,131.56,,WH-088
PKG-009142,400.98,WH-084, WH-081 ,LOW
PKG-009143,3.51,WH-084,WH-011,URGENT
 PKG-009144 ,312.21, WH-076 ,WH-080,STANDARD
PKG-009145,141.18,WH-071,WH-045,URGENT
PKG-009146,N/A,WH-061,WH-039,STANDARD
PKG-009147,312.11, WH-023 ,WH-033,URGENT
PKG-009148,439.45,WH-038,WH-011,URGENT
PKG-009149,136.26,WH-016,WH-030,LOW
PKG-009150,388.71,WH-062,WH-059,LOW
 PKG-009151 ,91.63,WH-043,WH-010,LOW
,247.35,WH-094,WH-037,URGENT
PKG-009153,297.09, WH-048 ,WH-033,LOW,
PKG-009154,484.00,WH-079,WH-020,URGENT
PKG-009155,173.11,WH-054,WH-008,URGENT
PKG-009156, 103.78135446593173 ,WH-003,WH-013,STANDARD
PKG-009157,51.37,WH-037,WH-017,STANDARD
PKG-009158,85.85,WH-015,WH-052,URGENT
PKG-009159,132.16,WH-080,WH-071,URGENT
PKG-009160,470.74,WH-057,WH-089,URGENT
PKG-009161,274.78,WH-036,WH-072,URGENT
PKG-009162,71.13,WH-096,WH-054,STANDARD
PKG-009163,29.50,WH-100,WH-028,LOW
PKG-009164,344.91,WH-004,WH-026,LOW
PKG-009165,412.48,WH-019,WH-065,STANDARD
PKG-009166,44.64,WH-081,WH-097,LOW
PKG-009167,93.02,WH-024,WH-081,LOW
PKG-009168,377.47,WH-006,WH-065,LOW
 PKG-009169 ,380.81,WH-062,WH-061,STANDARD
PKG-009170,365.64,WH-010,WH-071,LOW
PKG-009171,294.33,wh-043,WH-099,URGENT
PKG-009172,225.98,WH-035,WH-054,URGENT
PKG-009173,75.09,WH-005,WH-097,URGENT
PKG-009174,496.82,WH-027,WH-042,STANDARD
PKG-009175,385.04,WH-088,WH-031,URGENT
PKG-009176,274.01,WH-025,WH-019,LOW
PKG-009177,357.78,WH-099,WH-034,STANDARD
PKG-009178,55.47,wh-018,WH-092,LOW
PKG-009179,null,WH-039,WH-074,LOW
PKG-009180,270.83,WH-035,WH-073,STANDARD
PKG-009181,393.95,,WH-059,STANDARD
PKG-009182,455.34,wh-096,WH-094,LOW
PKG-009183,21.09,WH-068,WH-007,STANDARD,
 PKG-009184 ,233.07,WH-030,WH-065,LOW
 PKG-009185 ,387.73,wh-029,WH-084,STANDARD
PKG-009186,471.65,WH-001,WH-025, LOW 
PKG-009187,N/A,WH-005,WH-087,URGENT
PKG-009188,290.38,WH-086,WH-092,STANDARD
PKG-009189,479.49,WH-057, WH-008 ,STANDARD
PKG-009190,236.60,WH-094,WH-097,CRITICAL
PKG-009191,492.66,WH-080,WH-024,LOW
PKG-009192,236.33,,WH-098,LOW
PKG-009193,89.41, WH-032 ,WH-063,STANDARD
pkg-009194,192.03,WH-004,WH-050,URGENT
PKG-009195,208.79, WH-037 ,WH-066,URGENT
PKG-009196,266.77,WH-004,WH-035,LOW
PKG-009197,164.42,WH-058,WH-038,LOW
PKG-009198,474.72,WH-050,WH-017,LOW
PKG-009199,,WH-002,WH-070,LOW
PKG-009200,342.89,WH-034,WH-014,STANDARD
pkg-009201,239.12,WH-003,WH-083,URGENT
PKG-009202,411.49,WH-014,WH-095,urgent
PKG-009203,307.85,WH-037,WH-091,URGENT
PKG-009204,102.78,WH-023,WH-092,URGENT
PKG-009205,455.74,WH-080,WH-058,urgent
PKG-009206,N/A,,WH-088,LOW
,436.66,WH-028,WH-029,LOW
PKG-009208,19.21,WH-035,WH-041,LOW
PKG-009209,373.14,WH-061,WH-005,LOW
PKG-009210,27.20,WH-056,WH-034,VIP
PKG-009211,471.38,WH-048,WH-095,URGENT
PKG-009212,156.97,WH-055,WH-040,LOW
PKG-009213,34.86,WH-005,WH-033,LOW
PKG-009214,339.91,WH-007,WH-047,low
PKG-009215,482.51,WH-083,WH-073,STANDARD
 PKG-009216 ,41.08,WH-022,WH-063,VIP
PKG-009217,172.32,WH-002,WH-020,LOW,
PKG-009218,159.03,,WH-030,LOW
PKG-009219,312.85,WH-028,WH-035,URGENT
PKG-009220,24.85, WH-007 ,WH-051,STANDARD
PKG-009221,8.92,WH-037,WH-069,URGENT
PKG-009222,113.01,WH-005, WH-088 ,STANDARD
PKG-009223,null,WH-020,wh-081,LOW
pkg-009224,297.33,WH-060,WH-005,urgent
PKG-009225,395.56,WH-078,WH-045,STANDARD
,142.92,WH-100,WH-047,STANDARD
PKG-009227,169.04,WH-039,WH-063,STANDARD
PKG-009228,185.59,WH-032,WH-073,URGENT
PKG-009229,76.73,WH-034,WH-005,LOW
PKG-009230,104.42,WH-041,WH-072,URGENT
pkg-009231,295.55,WH-056,WH-029,VIP
PKG-009232,470.47,WH-017,WH-049,URGENT
PKG-009233,null,WH-006,WH-015,LOW
PKG-009234,447.08,WH-077,wh-034,URGENT
PKG-009235,92.64,WH-019,WH-067,URGENT
PKG-009236,81.62,WH-036,WH-076,STANDARD
PKG-009237,278.83,WH-025,WH-097,STANDARD
PKG-009238,214.31,WH-096,WH-032,STANDARD
PKG-009239,358.07,WH-037,WH-011,URGENT

PKG-009240,156.34,WH-007,WH-018,STANDARD
PKG-009241,132.38,WH-085,WH-071,LOW
PKG-009242,300.11,WH-006,WH-055,URGENT
PKG-009243,130.38,wh-082,WH-001,STANDARD
PKG-009244,392.22,WH-023,WH-013,URGENT
pkg-009245,331.18,WH-021,WH-071,LOW
PKG-009246,250.33,WH-091,WH-077,URGENT
PKG-009247,218.41,WH-047,WH-043,LOW
PKG-009248,251.98,WH-070,WH-060,LOW
PKG-009249,104.23,WH-009,WH-051,STANDARD
PKG-009250,472.56,WH-029,wh-076,URGENT
PKG-009251,107.69,WH-091,WH-045,LOW
PKG-009252,393.82,WH-056,,URGENT
PKG-009253,473.26,WH-092,WH-036,STANDARD
PKG-009254,157.41,WH-084,WH-071,STANDARD
PKG-009255,454.36,WH-071,,URGENT
PKG-009256,138.37, WH-084 ,WH-087,STANDARD
PKG-009257,71.95,WH-051,WH-076,URGENT
PKG-009258,388.06,WH-043,WH-045,URGENT
PKG-009259,273.02,WH-037,WH-078,LOW
PKG-009260,199.58,WH-010,WH-052,STANDARD
PKG-009261,297.70, WH-049 , WH-011 ,LOW
PKG-009262,299.43, WH-012 ,WH-028
PKG-009263,421.07,WH-044,WH-067,LOW
PKG-009264,216.00521351488405kg,WH-059,WH-049,URGENT,
PKG-009265,39.00,WH-001,WH-021,CRITICAL
pkg-009266,408.21,WH-033,WH-048,STANDARD
PKG-009267,343.38,WH-015,WH-100,STANDARD
PKG-009268,285.33,WH-050,WH-095,LOW
 PKG-009269 ,146.91, WH-019 ,WH-015, URGENT 
PKG-009270,38.77, WH-048 , WH-039 ,LOW
PKG-009271,94.19,WH-095,WH-077,LOW
 PKG-009272 ,201.84,wh-067,WH-062,URGENT
PKG-009273,150.19,WH-011,WH-051,standard
pkg-009274,475.02,WH-063,WH-074,CRITICAL
PKG-009275,151.99,WH-059,WH-088,LOW
PKG-009276,193.84,wh-018,WH-050,LOW
PKG-009277,447.31,WH-022,WH-097,STANDARD
pkg-009278,340.89,WH-020,WH-100,urgent
 PKG-009279 ,362.39,WH-014,WH-091,STANDARD
PKG-009280,336.45,WH-028,WH-012,URGENT
PKG-009281,357.80,WH-009,WH-090,URGENT
PKG-009282,199.02978686484687kg,WH-074,WH-098,STANDARD
PKG-009283,484.07,WH-078,WH-073,LOW
PKG-009284,221.19,WH-030,WH-017,LOW
PKG-009285, 271.6901942347804 ,WH-045,WH-047
PKG-009286,338.04,wh-075,WH-052,URGENT
PKG-009287,334.47,WH-057,WH-008,STANDARD
PKG-009288,475.75,WH-014,WH-080,LOW
PKG-009289,122.05,WH-032,WH-078,LOW
PKG-009290,436.52,WH-021,WH-005,NONE
PKG-009291,407.62,WH-011, WH-065 ,STANDARD
PKG-009292,161.59,WH-065,WH-002,URGENT
PKG-009293,271.14,WH-100,WH-038,URGENT
PKG-009294,36.84,WH-073,WH-098,STANDARD
PKG-009295, 42.16720520151632 ,WH-028, WH-068 ,STANDARD
PKG-009296,314.37,WH-052,WH-087,urgent
PKG-009297,79.58,wh-093,WH-022,STANDARD
PKG-009298,63.66,WH-043, WH-035 ,LOW
 PKG-009299 ,458.32,WH-062,WH-097,LOW
,297.87,WH-006,WH-060,URGENT
PKG-009301,441.51,WH-054,WH-092,URGENT
PKG-009302,160.76,WH-050,WH-039,LOW
PKG-009303,14.61,WH-010,WH-081,URGENT
PKG-009304,76.06,WH-089,WH-080,URGENT
pkg-009305,350.54,WH-083,WH-004,LOW
PKG-009306,272.20,WH-015,WH-059,URGENT
PKG-009307,363.12,WH-049,WH-069,STANDARD
PKG-009308,151.77,WH-010, WH-040 ,low
PKG-009309,290.34,WH-026,WH-071,URGENT
PKG-009310,142.29,WH-097,WH-098,URGENT,
 PKG-009311 ,221.48,WH-020,WH-072,STANDARD
PKG-009312,310.31,WH-021, WH-065 ,STANDARD
PKG-009313,431.50,WH-009,WH-095,URGENT
PKG-009314,194.51, WH-070 ,WH-001,URGENT
PKG-009315,179.14,WH-004,WH-066,STANDARD,
PKG-009316,23.98, WH-098 ,wh-001,STANDARD
PKG-009317, 427.45985875060836 ,WH-092,WH-003,LOW
PKG-009318,361.12,WH-055,WH-050,low
PKG-009319,295.95,WH-065,WH-075,EXPRESS
pkg-009320,475.62,WH-076,WH-012,STANDARD
PKG-009321,157.49,WH-070,WH-090, STANDARD 
PKG-009322,258.76,wh-044,WH-089,STANDARD
PKG-009323,226.38,WH-001,WH-050,URGENT
PKG-009324,482.20,WH-022,WH-025,LOW
PKG-009325,392.12,WH-050, WH-082 ,URGENT
PKG-009326,115.22,WH-079,WH-055,URGENT
PKG-009327,null,WH-012,WH-010,URGENT
PKG-009328,339.11,WH-073,WH-053,STANDARD
PKG-009329,190.08,WH-047,WH-057,URGENT
PKG-009330,348.40,WH-028,wh-015,URGENT
PKG-009331,40.21,WH-076,WH-018,LOW
 PKG-009332 ,379.60,WH-071,WH-078,LOW
PKG-009333,160.05,WH-010,WH-033,STANDARD
PKG-009334,376.74,WH-041,WH-052,STANDARD
PKG-009335,98.05,WH-081, WH-084 ,STANDARD
pkg-009336,300.78,WH-085,WH-064,STANDARD
PKG-009337,311.52,WH-066,WH-052,URGENT
PKG-009338,277.53,WH-042,WH-016,URGENT
PKG-009339,375.09,WH-093, WH-053 ,LOW
pkg-009340,229.63,WH-015,WH-031,LOW
PKG-009341,248.30,WH-011,WH-020,standard
PKG-009342,null,WH-015,WH-004,STANDARD
PKG-009343,346.90,WH-042, WH-049 ,STANDARD
PKG-009344,318.28,wh-087,WH-047,STANDARD
PKG-009345,276.90,WH-035,WH-067,STANDARD

PKG-009346,390.78,WH-078,WH-086,low
PKG-009347,284.94,WH-015,,STANDARD
PKG-009348,291.65,WH-092,wh-081,STANDARD
PKG-009349,384.99,WH-087,WH-030,URGENT
pkg-009350,170.81,WH-068,WH-043,URGENT
PKG-009351,287.35,wh-096,WH-048,URGENT
PKG-009352,252.71, WH-069 ,WH-005,LOW
PKG-009353,479.46,WH-007,WH-031,STANDARD
PKG-009354,143.30,WH-021,WH-005,URGENT
PKG-009355,487.31,WH-020,WH-024,URGENT
PKG-009356,92.15,WH-087,WH-005,LOW
PKG-009357,405.41,WH-068,wh-069, LOW 
PKG-009358,469.02,WH-024,WH-084,
PKG-009359,403.64,WH-076,WH-084,URGENT
PKG-009360,173.27,WH-003,WH-092,
PKG-009361,N/A,WH-029,WH-097,LOW
PKG-009362,419.10,WH-095,WH-052,URGENT
PKG-009363,195.83,WH-013,WH-014,STANDARD
PKG-009364,18.85,WH-080,WH-024,STANDARD
PKG-009365,379.29, WH-046 ,WH-024,LOW
PKG-009366,393.96,wh-045,WH-080,URGENT
PKG-009367,153.63,WH-036,WH-042,URGENT

PKG-009368,169.51,WH-004,WH-074, LOW 
PKG-009369,18.64,WH-017,WH-078,STANDARD
PKG-009370,264.77,WH-013,WH-001,
PKG-009371,264.09,WH-034, WH-002 ,URGENT
PKG-009372,353.85,WH-027,WH-030,STANDARD
PKG-009373,305.97,WH-039,WH-015,LOW
PKG-009374,2.59,,WH-034,STANDARD
PKG-009375,388.50,WH-067,WH-051,LOW
PKG-009376,40.332379259994035kg,WH-037,WH-024,STANDARD
 PKG-009377 ,428.25,WH-057,WH-018,URGENT
PKG-009378,476.07,WH-095,WH-043,STANDARD
PKG-009379,227.30,WH-060,WH-078,STANDARD
PKG-009380,57.31,WH-034,wh-053,LOW
PKG-009381,390.70,WH-010,wh-098, LOW 
PKG-009382,363.88,WH-006,WH-020,STANDARD
PKG-009383,381.45,WH-019,WH-073,urgent
PKG-009384,246.84,WH-044,WH-043,STANDARD
PKG-009385,478.58,WH-099,WH-016,LOW
PKG-009386,175.59,WH-083,WH-036,STANDARD
PKG-009387,75.75,,WH-078,LOW
PKG-009388,443.25,WH-023,WH-002,LOW
PKG-009389,71.76,WH-002,WH-041,LOW
PKG-009390,104.96,WH-071,WH-050,LOW
PKG-009391,330.79,WH-032,WH-005,URGENT
,467.33,WH-076,WH-048,LOW
 PKG-009393 ,89.75,WH-002,WH-056,URGENT
PKG-009394,262.91,WH-071,WH-060,STANDARD
PKG-009395,14.90,WH-013,WH-057,LOW
PKG-009396,27.11,WH-089,WH-073, STANDARD 
PKG-009397,13.18,WH-006,WH-048,STANDARD
PKG-009398,6.30,WH-071,WH-079,STANDARD
PKG-009399,N/A,WH-028,WH-019,LOW
PKG-009400,386.98,WH-024,WH-085,STANDARD
PKG-009401,194.60,WH-053,WH-043,URGENT
PKG-009402,112.71,WH-005,WH-031,LOW
PKG-009403,192.39,WH-096,WH-046,LOW
PKG-009404,246.14,WH-076,WH-087,LOW
PKG-009405,292.23539189781815kg,WH-026,WH-076,NONE
PKG-009406,362.03,WH-085, WH-056 ,LOW
PKG-009407,189.67,wh-061,WH-084,URGENT
PKG-009408,240.80,WH-039,WH-043,LOW
PKG-009409,,WH-021,WH-055,URGENT
PKG-009410,N/A,wh-081,WH-070,STANDARD
PKG-009411,205.17,WH-049,WH-099,URGENT
PKG-009412,197.97,WH-055,WH-087,LOW
PKG-009413,3.52,WH-033,WH-062,URGENT
PKG-009414,200.10,WH-055,WH-098,URGENT
PKG-009415,28.33,WH-074,WH-069, URGENT 
PKG-009416,24.90,WH-090,WH-014,STANDARD,
 PKG-009417 ,449.90,WH-068,WH-051,STANDARD
PKG-009418,17.16,WH-036,WH-011,URGENT
PKG-009419,174.61,WH-018,WH-013,URGENT
PKG-009420,368.47,WH-063,WH-062,STANDARD
 PKG-009421 ,237.56,WH-052,WH-048,LOW
PKG-009422,467.59,WH-075,WH-090,URGENT
PKG-009423,324.27,WH-046,WH-054,STANDARD
PKG-009424,268.18,WH-016,WH-011,STANDARD
PKG-009425,277.45,WH-012,WH-076,URGENT
 PKG-009426 ,54.45,wh-045,WH-089,LOW
PKG-009427,206.32,WH-026,WH-065,NONE
PKG-009428,19.27,WH-068, WH-059 ,LOW
PKG-009429,492.30,WH-087,WH-019,LOW
 PKG-009430 ,32.85,WH-044,WH-077,
 PKG-009431 ,277.88,WH-062,WH-047,LOW
PKG-009432,79.88,WH-078,WH-020,EXPRESS
PKG-009433,null,WH-090,WH-011,LOW
PKG-009434,373.40,WH-038,WH-092,LOW
PKG-009435,394.12,WH-008,WH-080,LOW
PKG-009436,154.25,wh-060,WH-045,STANDARD
PKG-009437,90.87,WH-044,WH-023
pkg-009438,274.26,WH-100,WH-030, LOW 
PKG-009439,425.67,WH-014,WH-011,LOW
PKG-009440,347.97,WH-002,WH-091,urgent
PKG-009441, 404.8430363666946 ,WH-090,WH-100,STANDARD
PKG-009442,45.35,WH-068,WH-024,URGENT
PKG-009443,65.84,WH-069,WH-085,STANDARD
PKG-009444,355.96,wh-049,WH-083,CRITICAL
PKG-009445,14.44,WH-039,WH-012,URGENT
PKG-009446,17.43,WH-084,,STANDARD
PKG-009447,114.27,WH-041,WH-057,LOW
PKG-009448,491.14,WH-051,WH-023,URGENT
PKG-009449,76.96,wh-091,WH-084,STANDARD
PKG-009450,141.94,WH-062,WH-057,NONE
PKG-009451,471.79,WH-008,WH-076,STANDARD
PKG-009452,424.64,WH-080, WH-064 ,URGENT
pkg-009453,222.80,WH-089, WH-072 ,URGENT
PKG-009454,490.29,WH-031,WH-030,STANDARD
PKG-009455,null,WH-081,wh-043,STANDARD
 PKG-009456 ,236.58, WH-097 ,WH-100,LOW
PKG-009457,92.92,WH-007, WH-001 ,LOW
PKG-009458,220.03,WH-026,WH-046,URGENT
PKG-009459,394.31,WH-059,WH-036,LOW
PKG-009460,463.16,WH-009,WH-019,STANDARD
PKG-009461,230.72,WH-078,WH-045,STANDARD
PKG-009462,8.89,WH-080,WH-021,LOW
PKG-009463,262.62,WH-051,WH-097,STANDARD
PKG-009464,34.62,WH-041,WH-025,URGENT
PKG-009465,69.02,wh-043, WH-059 ,LOW
PKG-009466,416.41,WH-020,WH-055,STANDARD
PKG-009467,247.53,WH-092,WH-050,STANDARD
PKG-009468,158.62,WH-041,WH-038,,
PKG-009469,414.45,wh-004,WH-077,URGENT
PKG-009470,44.37,WH-031,WH-099,STANDARD
PKG-009471,489.57,WH-035,WH-059,URGENT
PKG-009472,337.37,WH-010,wh-100,LOW
PKG-009473,164.51,WH-087,WH-034,URGENT
 PKG-009474 ,140.48,WH-073,WH-100,VIP
PKG-009475,126.99,WH-004,WH-034,STANDARD
PKG-009476,486.79,WH-045,WH-021,STANDARD
PKG-009477,215.62,WH-069,WH-004,URGENT
PKG-009478,157.07,WH-097,WH-061,LOW
pkg-009479,261.10,WH-019,WH-060,URGENT
pkg-009480,395.37,WH-039,WH-036,URGENT
PKG-009481,81.91,WH-086, WH-023 ,LOW
PKG-009482,497.67,WH-027,WH-016,LOW
PKG-009483,349.19,WH-079,WH-027,LOW
PKG-009484,297.25,WH-078,WH-050,STANDARD
PKG-009485,37.08,,WH-029,urgent
PKG-009486,136.14,WH-054,wh-051,LOW
PKG-009487,148.50,WH-086,WH-054,STANDARD
PKG-009488,434.06,WH-051,WH-060,LOW
PKG-009489,351.38,wh-071,WH-065,URGENT
PKG-009490,425.86,WH-062, WH-019 ,LOW
PKG-009491,114.91,WH-017,WH-014,LOW
PKG-009492,59.29,WH-032,WH-054,URGENT
PKG-009493,63.60,WH-008,WH-016,VIP
PKG-009494,257.9545710785261kg,wh-082,WH-063,URGENT
PKG-009495,478.89,WH-036,WH-048,STANDARD
PKG-009496,335.90,WH-033,WH-048,LOW
PKG-009497,322.089325420823kg,WH-069,WH-013
PKG-009498,25.75,WH-009,WH-012,URGENT
PKG-009499,7.07,WH-010,WH-086,URGENT
PKG-009500,180.33,WH-099,wh-017,LOW
PKG-009501,485.80,,WH-089,LOW
PKG-009502,321.81,WH-098,WH-085,LOW
PKG-009503,116.91,WH-019,WH-023,URGENT
PKG-009504,175.35,WH-020,WH-066,LOW
PKG-009505,412.93,WH-011,WH-003,URGENT
 PKG-009506 , 402.0891174999583 ,WH-043,WH-065,STANDARD
PKG-009507,493.84,WH-080,WH-058,URGENT
PKG-009508,113.39,WH-010,WH-062,LOW
PKG-009509,409.66,WH-098,WH-080,STANDARD
PKG-009510,73.72,WH-086,WH-029,STANDARD
PKG-009511,323.72,WH-059,WH-035,URGENT
PKG-009512,480.19,WH-003,WH-074,STANDARD
PKG-009513,129.06,WH-001,WH-006,STANDARD
PKG-009514,91.36,WH-034,WH-091,LOW
,389.22,WH-061,WH-086,URGENT
PKG-009516,273.92,WH-100,WH-061,URGENT
PKG-009517,89.48,wh-012,WH-046,LOW

 PKG-009518 ,478.30,WH-051,WH-065,URGENT
PKG-009519,323.79,WH-037,WH-062,URGENT
PKG-009520,258.21, WH-055 ,WH-035,LOW
PKG-009521,380.42,WH-004,WH-057,URGENT
PKG-009522,428.70, WH-099 ,WH-086, EXPRESS 
PKG-009523,N/A,WH-017,WH-075,STANDARD
PKG-009524,185.18,WH-077,WH-074,STANDARD
PKG-009525,40.12,WH-005,WH-083,urgent
pkg-009526,117.69,wh-022,WH-019,URGENT
PKG-009527,461.96,WH-002,,LOW
PKG-009528,331.11,WH-040, WH-048 ,URGENT
PKG-009529,,WH-095,WH-006,LOW
PKG-009530,,WH-064,WH-015,URGENT
PKG-009531,403.01,WH-093,WH-010,LOW
PKG-009532,128.68,WH-029,WH-006,LOW
PKG-009533,227.62,WH-039,WH-015
PKG-009534,471.76,WH-030,WH-047,NONE
PKG-009535,127.69,WH-076,WH-007,URGENT
PKG-009536,499.55,WH-095,WH-008,STANDARD
 PKG-009537 ,324.90,WH-062, WH-025 ,STANDARD
,36.27,WH-033,WH-082,NONE
,114.0195417979376kg,WH-063,WH-055,URGENT
PKG-009540,58.57, WH-067 ,WH-039,LOW
PKG-009541,365.35,WH-012,WH-084,STANDARD
PKG-009542,111.03,WH-053,WH-096,STANDARD
PKG-009543,131.54,WH-045,WH-062,URGENT
PKG-009544,197.20,WH-041,WH-023,LOW
PKG-009545,468.30,WH-031,WH-061,URGENT
PKG-009546,488.16,WH-091,WH-051,LOW
PKG-009547,194.00,WH-085,WH-034,URGENT
PKG-009548,382.22,WH-043,WH-068,URGENT
PKG-009549,326.70,WH-078,WH-035,STANDARD
PKG-009550,110.88,WH-020, WH-049 ,LOW
PKG-009551,447.22,WH-069,WH-048,standard
PKG-009552,455.79,WH-052,WH-053,STANDARD
PKG-009553,201.87,WH-059,WH-032,standard
PKG-009554,101.74,WH-082,WH-089,URGENT
PKG-009555,187.21,WH-034,WH-035,LOW
PKG-009556,462.28,WH-080,WH-012, STANDARD 
PKG-009557,96.78,WH-058,WH-064,URGENT
PKG-009558,181.83,WH-064,WH-094,LOW
PKG-009559,151.28,WH-049, WH-040 ,low
PKG-009560,94.68,WH-087,WH-045,CRITICAL
PKG-009561,491.50,WH-041,WH-055,URGENT
pkg-009562,57.42,WH-052,WH-032,URGENT
PKG-009563,290.92,WH-016,WH-031,URGENT
PKG-009564,236.06,wh-028,WH-009, URGENT 
PKG-009565,308.01,WH-039,WH-073,low
PKG-009566,38.83,WH-076,WH-009,low
 PKG-009567 ,239.91,,WH-071,URGENT
PKG-009568,449.41,WH-096,WH-006,LOW
PKG-009569,370.40,WH-099,WH-077,URGENT
PKG-009570,195.07,WH-051,WH-075,
PKG-009571,147.77,WH-020,WH-023,STANDARD
PKG-009572,294.62,WH-011,WH-022,EXPRESS
PKG-009573,91.02,WH-084,WH-077,LOW
PKG-009574,312.70,WH-085,WH-042,URGENT
PKG-009575,127.49, WH-089 ,WH-051,STANDARD
PKG-009576,122.65,WH-030,WH-028,LOW
PKG-009577,297.21,WH-006,WH-078,LOW
PKG-009578,13.45,WH-035,WH-061,urgent
PKG-009579,85.13,WH-005,WH-030,URGENT
PKG-009580,82.56,WH-018,WH-069
PKG-009581,408.59,WH-066,WH-100,STANDARD
PKG-009582,22.16,,WH-032,LOW
PKG-009583,20.47,WH-083, WH-048 ,URGENT
PKG-009584,367.25,WH-032,WH-004,STANDARD
PKG-009585,,WH-031,WH-010,LOW
pkg-009586,299.38,WH-025,WH-073,LOW
pkg-009587,90.60,WH-036,WH-044,URGENT
PKG-009588,222.55, WH-086 ,WH-067,STANDARD
 PKG-009589 ,282.60,WH-006,WH-007,URGENT
PKG-009590,311.37, WH-031 ,WH-093,
PKG-009591,141.70, WH-020 ,WH-068,LOW
pkg-009592,320.78,WH-031,WH-050,LOW
PKG-009593,38.28,WH-071,WH-021,URGENT
PKG-009594,402.01, WH-003 ,WH-055,urgent
pkg-009595,203.94,WH-097,WH-054,STANDARD
PKG-009596,453.20,WH-080,WH-060,STANDARD
PKG-009597,299.99,WH-067,WH-087,STANDARD
PKG-009598,320.51,WH-090,WH-057,URGENT
 PKG-009599 ,404.28,WH-067,WH-075,URGENT
PKG-009600,N/A,WH-066,WH-022,STANDARD
PKG-009601,263.41,WH-017,WH-088,LOW
PKG-009602,168.57,WH-081,WH-079,LOW
PKG-009603,182.20,WH-023,WH-003,LOW
PKG-009604,317.94,, WH-013 ,LOW
PKG-009605,332.12,WH-086,WH-098,LOW
pkg-009606,254.78,WH-088,WH-072, LOW 
PKG-009607,439.94,WH-016,WH-088,URGENT
PKG-009608,476.00,WH-079,wh-057,STANDARD
PKG-009609,180.49,WH-009,WH-070,URGENT
PKG-009610,397.35,WH-019,WH-053,LOW
PKG-009611,228.98,WH-004,WH-018,LOW
PKG-009612,271.96, WH-058 ,WH-065,URGENT
PKG-009613,251.02,wh-061,WH-089,URGENT
PKG-009614,318.42,WH-045,WH-087,URGENT
PKG-009615,N/A,WH-074,WH-037,STANDARD
PKG-009616,254.64,WH-073,WH-007,LOW
PKG-009617,263.82,WH-092,WH-074
PKG-009618,367.88,WH-081,WH-024,STANDARD
 PKG-009619 ,88.80,,WH-071,URGENT
PKG-009620,477.40,WH-032,WH-002,STANDARD
PKG-009621,101.28,WH-036,WH-018,LOW
,257.93,WH-028,WH-087,standard
 PKG-009623 ,184.03,WH-048,WH-083,LOW
PKG-009624,139.97,WH-094,WH-049,URGENT,
PKG-009625,343.96,wh-080,WH-081,STANDARD
PKG-009626,7.58,wh-021,WH-006,low
pkg-009627,411.77,WH-013,WH-087, STANDARD 
PKG-009628,452.88,WH-072,WH-039,STANDARD
PKG-009629,79.17,WH-083, WH-078 ,STANDARD
PKG-009630,201.19,WH-060,WH-019,STANDARD
PKG-009631,142.68,WH-097,WH-080,LOW
PKG-009632,424.67,WH-092,WH-043, URGENT 
PKG-009633,43.71,WH-068,,STANDARD
PKG-009634,309.58,WH-070,WH-057,VIP
PKG-009635,290.17,WH-016,WH-038,LOW
PKG-009636,216.67,WH-011,WH-091,URGENT
PKG-009637,93.68,WH-091,WH-032,LOW
PKG-009638,139.07,WH-072,WH-060,STANDARD
PKG-009639,495.12,WH-008,WH-100,LOW
PKG-009640,58.23,WH-001, WH-034 ,
PKG-009641,251.00,WH-061,WH-096,URGENT
PKG-009642,157.97,WH-050,WH-078,LOW
PKG-009643,312.17,WH-022,WH-060,URGENT
PKG-009644,201.40,WH-035,WH-078,URGENT
PKG-009645,71.28,WH-009,WH-084,LOW
PKG-009646,445.20,WH-013,WH-050,URGENT
PKG-009647,28.08,,WH-031,LOW
PKG-009648,96.87, WH-065 ,WH-057,URGENT
PKG-009649,218.24,WH-035,WH-024, STANDARD 
PKG-009650,21.80,WH-056,WH-037,EXPRESS
PKG-009651,349.68, WH-002 ,WH-010,URGENT
PKG-009652,401.63,WH-026,WH-027,standard
PKG-009653,216.94,WH-029,WH-096,URGENT
PKG-009654, 438.31783433698786 ,WH-057,WH-072,STANDARD
PKG-009655,334.26,WH-046,WH-006,URGENT
 PKG-009656 ,473.56,WH-077,WH-017,STANDARD
PKG-009657,329.60,WH-028,WH-048,URGENT
PKG-009658,197.54,WH-047,WH-059,STANDARD
pkg-009659,474.48,WH-056, WH-032 ,
PKG-009660,448.54,WH-013,WH-082,URGENT
PKG-009661,366.21,WH-034, WH-021 ,URGENT
PKG-009662,458.10,WH-041,WH-030,STANDARD
PKG-009663,33.25,WH-078,WH-067,STANDARD
 PKG-009664 ,337.25,WH-052,WH-029,LOW
PKG-009665,132.47,WH-035,WH-049,URGENT
PKG-009666,435.87, WH-047 ,WH-010,URGENT
PKG-009667,46.33,WH-048,WH-001,LOW
PKG-009668,23.19,WH-089,WH-002,low
PKG-009669,241.58,WH-072,WH-077,LOW
PKG-009670,49.20,WH-021,WH-098,LOW
PKG-009671,407.33,WH-001,WH-073,URGENT
PKG-009672,214.75,WH-061,WH-033,EXPRESS
 PKG-009673 ,204.63,wh-092,WH-083, URGENT 
PKG-009674,216.27,WH-020,WH-004,STANDARD
PKG-009675,259.87,WH-023,WH-049,URGENT

PKG-009676,179.37,WH-088,,STANDARD
PKG-009677,492.84,WH-013,WH-063, LOW 
PKG-009678,105.82,WH-075, WH-068 ,STANDARD
PKG-009679,336.6660388168464kg,WH-038,WH-070,NONE
PKG-009680,344.74,WH-011,WH-096,URGENT
PKG-009681,82.89, WH-090 ,WH-070,URGENT
PKG-009682,55.76,WH-029,WH-019,LOW
PKG-009683,96.12,WH-065,WH-020,STANDARD
pkg-009684,318.25,WH-017,WH-053,EXPRESS
PKG-009685,109.89,WH-096,WH-069,STANDARD
PKG-009686,136.81,WH-035,WH-013,STANDARD
PKG-009687,204.48, WH-016 ,WH-076,URGENT
PKG-009688,457.82,WH-026,WH-056
PKG-009689,402.30,WH-065,WH-094,URGENT
PKG-009690,198.56,WH-052,WH-047,URGENT
PKG-009691,176.33,WH-075,WH-054,STANDARD
PKG-009692, 155.45668462233073 ,WH-042, WH-097 ,
PKG-009693,176.05,WH-072,WH-058,URGENT
PKG-009694,476.79,WH-001,WH-050,URGENT
PKG-009695,371.37,WH-047,WH-039,URGENT
PKG-009696,57.69,WH-005,WH-046,LOW
PKG-009697, 334.63784339771115 ,WH-031,WH-003,LOW
PKG-009698,290.42,WH-004,WH-082,LOW
PKG-009699,1.23,WH-018,WH-025,URGENT
PKG-009700,261.44,WH-037,WH-085,LOW
PKG-009701, 193.70694609541178 ,WH-055,WH-030,LOW
PKG-009702,189.13,WH-044,WH-051,STANDARD
PKG-009703,425.40,WH-052,WH-094,STANDARD
PKG-009704,178.96,WH-064,WH-011,LOW
PKG-009705,72.20,WH-001,WH-028,URGENT
PKG-009706,472.70,WH-045,WH-065,URGENT
PKG-009707,7.15,WH-100,WH-067,LOW
PKG-009708,268.36,WH-002,WH-029,VIP
PKG-009709,366.06,WH-055,WH-043,EXPRESS
PKG-009710,110.75,WH-003,WH-021, LOW 
,161.34, WH-033 ,WH-079,STANDARD
PKG-009712,45.59,WH-077,WH-076,LOW
PKG-009713,484.07,WH-049,WH-062,LOW
,198.29,wh-052,WH-004,URGENT
PKG-009715,364.07,WH-055,WH-076,LOW
PKG-009716,352.11,WH-008,WH-058,LOW
PKG-009717,294.93,WH-065,,STANDARD
PKG-009718,337.77,WH-054,WH-033,LOW
PKG-009719,403.23, WH-025 ,WH-021,STANDARD
PKG-009720,8.98,WH-074,WH-067,low
pkg-009721,237.15,WH-067,WH-097, URGENT 
PKG-009722,20.65,WH-099,WH-002,URGENT
 PKG-009723 ,130.64,WH-049, WH-048 ,EXPRESS
PKG-009724,198.24,WH-004,WH-011,STANDARD
PKG-009725,381.08,WH-002,WH-039,URGENT
PKG-009726,180.41,WH-083,WH-064,LOW
PKG-009727,245.12,WH-058,WH-038,URGENT
PKG-009728,71.87,WH-021,WH-066,STANDARD
 PKG-009729 ,130.15,wh-031,WH-020,LOW

PKG-009730,224.71,WH-065,wh-045,STANDARD
PKG-009731,320.04,WH-019,WH-061,URGENT,
PKG-009732,119.62,WH-066,WH-025,LOW
PKG-009733,230.45,WH-070,WH-009,URGENT
PKG-009734,283.92,WH-068,WH-020,LOW
PKG-009735,269.19,WH-047,WH-071,URGENT
PKG-009736,161.80,wh-090,WH-076,STANDARD
PKG-009737,484.46,WH-044,WH-085,LOW
pkg-009738,354.83,WH-022,WH-044,STANDARD
PKG-009739,240.49,WH-074,WH-046,STANDARD
PKG-009740,347.50,WH-011,WH-084,STANDARD
PKG-009741,462.94,WH-054,WH-046,URGENT
PKG-009742,226.29,WH-095,WH-057,URGENT
PKG-009743,267.32,WH-035,WH-026,STANDARD
PKG-009744,64.08,WH-011,WH-031,LOW
PKG-009745,268.75, WH-011 ,WH-005,
PKG-009746,461.39,WH-045,WH-065,URGENT
PKG-009747,248.68,WH-048,WH-059,LOW
PKG-009748,373.50, WH-097 ,WH-031,STANDARD
PKG-009749,85.40,wh-003,WH-067,STANDARD
PKG-009750,193.75,WH-044,WH-078,urgent
PKG-009751,449.72,WH-079,WH-077,URGENT
PKG-009752,371.50,WH-020,WH-072,LOW
PKG-009753,127.62,WH-067,WH-076,STANDARD
PKG-009754,291.96,WH-034,WH-040,CRITICAL
PKG-009755,442.10,WH-057,wh-031,STANDARD
PKG-009756,492.51,WH-022,WH-095,STANDARD
PKG-009757,161.83,WH-097, WH-035 ,LOW
PKG-009758,80.25,WH-091,WH-076,LOW
PKG-009759,318.47,WH-068,WH-029,STANDARD
PKG-009760,248.18,wh-005,WH-020,LOW
PKG-009761,117.98,WH-026,,URGENT
PKG-009762,367.98,WH-008,WH-082,URGENT
PKG-009763,120.68,WH-013,WH-026,URGENT
PKG-009764,206.24,wh-002,WH-095,URGENT
PKG-009765,118.26, WH-001 ,,URGENT

PKG-009766,79.69,WH-025,WH-092,URGENT
PKG-009767,253.38,wh-031,WH-041
PKG-009768,275.50,WH-039,WH-010,LOW
PKG-009769,193.59,WH-010,WH-079, STANDARD 
PKG-009770,396.41,WH-006,WH-090,URGENT
PKG-009771,386.15,WH-061,WH-041,URGENT
PKG-009772,82.10,WH-063,,URGENT
PKG-009773,61.64,WH-024,WH-004,STANDARD
PKG-009774,264.24,WH-091,WH-062,standard
PKG-009775,11.43,WH-021,wh-048,urgent
PKG-009776,143.25,WH-085,WH-036,URGENT
PKG-009777,203.77,WH-047,WH-051,NONE
pkg-009778,327.84,WH-095,,LOW
PKG-009779,285.01, WH-042 ,WH-078,STANDARD
PKG-009780,111.36, WH-044 ,WH-075,STANDARD
PKG-009781,460.03, WH-085 ,WH-098,LOW
PKG-009782,370.44,WH-023, WH-024 ,URGENT
PKG-009783,191.01,WH-024,WH-023,VIP
PKG-009784,,WH-046,WH-077,CRITICAL
PKG-009785,212.83,WH-086,WH-014,STANDARD,
PKG-009786,287.33,WH-096,WH-002,STANDARD
PKG-009787,461.04,WH-060,wh-075,LOW
PKG-009788,172.36,WH-032,WH-094,URGENT
PKG-009789,300.16,WH-020,WH-097,URGENT
PKG-009790,70.92,WH-037,WH-055,STANDARD,
PKG-009791,432.75,WH-075,wh-067,LOW
 PKG-009792 ,297.37,WH-011,WH-066,LOW
PKG-009793,335.80,WH-078,WH-001,STANDARD
PKG-009794,301.67,wh-042,WH-008,URGENT
PKG-009795,473.95,WH-087,WH-061,STANDARD
PKG-009796,296.06,WH-029,WH-016,STANDARD
PKG-009797,246.29,WH-017,WH-077,STANDARD
PKG-009798,98.35,WH-043,WH-019,LOW
 PKG-009799 ,360.47,WH-005,WH-017,URGENT
PKG-009800,468.51,WH-091,WH-013,LOW
PKG-009801,233.03,WH-003,wh-099,STANDARD
PKG-009802,236.35,WH-014,WH-031,NONE
PKG-009803,,WH-044,WH-029,STANDARD
PKG-009804,193.14,WH-046,WH-074,URGENT
PKG-009805,15.00,WH-076,WH-045,STANDARD
PKG-009806,385.21,WH-034,WH-023,STANDARD
PKG-009807,413.87,WH-044,WH-077,VIP
pkg-009808,88.01,WH-099,WH-070,URGENT
PKG-009809,413.64,WH-095,WH-085,EXPRESS
,246.23,WH-049,WH-042,LOW
 PKG-009811 , 294.1177923667108 ,WH-052,WH-062,URGENT
 PKG-009812 ,24.04,WH-069,WH-098,URGENT
PKG-009813,44.69,WH-093,WH-005,STANDARD
PKG-009814,64.48,WH-018,WH-025,CRITICAL
PKG-009815,84.11,WH-063,WH-023,STANDARD
PKG-009816,182.24,WH-032,WH-017,LOW
PKG-009817,396.91,WH-003,WH-056,urgent
PKG-009818,155.62, WH-002 ,WH-056,LOW
PKG-009819, 201.35492600341422 ,WH-090,WH-011,STANDARD
pkg-009820,52.95,WH-059,WH-025,STANDARD
PKG-009821,361.11,WH-065,WH-068,STANDARD
PKG-009822,394.74,WH-024,WH-037,STANDARD
PKG-009823,296.43,wh-023,WH-076,URGENT
PKG-009824,427.27,WH-076,WH-098,STANDARD
PKG-009825,381.83,WH-082,WH-015,LOW
PKG-009826,29.86,WH-089,WH-016,STANDARD
PKG-009827,429.38,WH-064,WH-049,STANDARD
PKG-009828,327.58,WH-096,WH-064,LOW
PKG-009829,101.78, WH-008 ,wh-054,LOW
PKG-009830,495.28,WH-002,wh-057,LOW
PKG-009831,352.94918089813274kg,WH-022,WH-041,LOW
 PKG-009832 ,302.33,WH-036,WH-073,STANDARD
,431.57,WH-098,WH-083,
PKG-009834,314.91,WH-064,wh-061,LOW
PKG-009835,184.58907408476kg,wh-010,WH-097, URGENT 
PKG-009836,219.29,WH-018,WH-058,STANDARD
PKG-009837,459.56,WH-091,WH-037,LOW
PKG-009838,170.65,WH-049,WH-054,STANDARD
PKG-009839,218.90,wh-081,WH-086,STANDARD
PKG-009840,67.09,WH-058,WH-062,STANDARD
PKG-009841,261.70,wh-093,WH-076,URGENT
PKG-009842,3.09,WH-032,WH-057,LOW
pkg-009843,20.68,WH-057,WH-088,LOW
PKG-009844,106.74,WH-100,WH-072,STANDARD
PKG-009845,445.41,wh-033,WH-075,LOW
PKG-009846,114.41,WH-046,WH-015,URGENT
PKG-009847,135.66,wh-042,WH-088,STANDARD
PKG-009848, 328.08318745786005 ,WH-018,WH-031,STANDARD
PKG-009849,147.33,WH-050,WH-053,LOW
PKG-009850,395.77,WH-076,WH-078,CRITICAL
PKG-009851,222.95,WH-029,WH-010,STANDARD
PKG-009852,336.21,WH-033,wh-069,LOW
PKG-009853,215.56,WH-034,WH-056,STANDARD
pkg-009854,18.04, WH-027 ,WH-079,LOW
PKG-009855,349.75,wh-072,WH-036
PKG-009856,168.51,WH-060,WH-071,STANDARD
PKG-009857,401.71,WH-053,WH-016,STANDARD
PKG-009858,48.60, WH-074 ,WH-057,urgent
PKG-009859,184.79,WH-028,WH-097,STANDARD
PKG-009860,21.80,WH-012, WH-073 ,URGENT
PKG-009861,352.52,WH-093,wh-035,URGENT
PKG-009862,10.85,,WH-086,urgent
PKG-009863,113.73,WH-068,WH-034,STANDARD
PKG-009864,475.51,WH-045,WH-041,LOW

PKG-009865,312.23,WH-089,wh-045,LOW
PKG-009866,312.50, WH-042 ,WH-087,STANDARD
PKG-009867,482.06,WH-019, WH-028 ,VIP
PKG-009868,129.44,WH-006,WH-034,STANDARD
PKG-009869,432.83,WH-010, WH-020 ,STANDARD
PKG-009870,347.29, WH-059 ,WH-026,
PKG-009871,466.94,WH-098,WH-031,URGENT
PKG-009872,85.45,WH-059,WH-098
PKG-009873,12.42,WH-072,WH-077,LOW
PKG-009874,44.17,WH-035,WH-019,LOW
PKG-009875,222.91,WH-050,WH-034,CRITICAL
PKG-009876,18.74,WH-037,WH-069,STANDARD
PKG-009877,152.51,WH-074,WH-049,LOW
PKG-009878,434.60,wh-012,WH-049,LOW
pkg-009879,219.92,WH-091,WH-018,URGENT
PKG-009880,,WH-072,WH-066,STANDARD
PKG-009881,N/A,WH-088,WH-087,LOW
PKG-009882,157.50,WH-084,WH-069,STANDARD
PKG-009883,N/A,WH-083,WH-065,LOW
PKG-009884,260.56, WH-090 ,WH-096,NONE
PKG-009885,152.96,WH-059,,LOW
PKG-009886,206.66,WH-045,WH-003,STANDARD
PKG-009887,340.57,WH-060,WH-033,low
PKG-009888,424.63,WH-048,WH-051,URGENT
 PKG-009889 ,68.69,WH-046,WH-054,URGENT
PKG-009890,310.96,WH-079,WH-021,LOW
PKG-009891,271.39,WH-053, WH-047 ,LOW
PKG-009892,21.98,WH-063,WH-097,LOW
PKG-009893,127.61,WH-086,WH-088,STANDARD
PKG-009894,28.38,WH-042,WH-075,LOW
pkg-009895,152.04,WH-082,WH-052,URGENT
PKG-009896,492.58,WH-057,WH-080,URGENT
PKG-009897,232.60,WH-073,WH-019
 PKG-009898 ,255.53,WH-011, WH-015 ,STANDARD
PKG-009899,489.55,WH-014, WH-037 ,URGENT
 PKG-009900 ,240.7134763647739kg, WH-089 ,WH-032,STANDARD
PKG-009901,121.62,WH-011,WH-008,STANDARD
PKG-009902,6.29,WH-086,WH-023,STANDARD
PKG-009903,133.22,WH-035,WH-039,LOW
 PKG-009904 ,124.89,WH-094,WH-061,urgent
PKG-009905,418.75,WH-011,WH-070,URGENT
PKG-009906,220.72,WH-023,WH-082,urgent
PKG-009907,166.03, WH-046 ,WH-043,VIP
 PKG-009908 ,312.73,WH-074,WH-065,LOW
PKG-009909,247.10,wh-089,WH-032,CRITICAL
PKG-009910,402.65,WH-083,WH-060, LOW 
PKG-009911,57.99,WH-015, WH-034 ,URGENT
PKG-009912,30.93,WH-027,WH-007,STANDARD
PKG-009913,30.17,WH-027,WH-032,LOW
PKG-009914,329.19,WH-091,WH-030,LOW
PKG-009915,123.37,WH-047,WH-084,STANDARD
PKG-009916,387.31,WH-038,WH-009,
PKG-009917,48.74,WH-061,WH-048,LOW
PKG-009918,386.47,WH-081,WH-065, LOW 
PKG-009919,377.88,WH-044,WH-087,STANDARD
PKG-009920,109.11,WH-015,WH-074,STANDARD
PKG-009921,483.24,WH-098,WH-061,URGENT
PKG-009922,253.29,WH-038,WH-047,LOW
PKG-009923,442.02,WH-043,WH-001,STANDARD
PKG-009924,240.67,WH-062,WH-029,URGENT
PKG-009925,389.34,WH-087, WH-035 
PKG-009926,383.14,WH-089,WH-070,LOW
PKG-009927,378.52, WH-086 ,WH-070,URGENT
PKG-009928,440.72,wh-001,WH-092,STANDARD
PKG-009929,198.95,WH-029,WH-097,URGENT
PKG-009930,100.97,WH-033,WH-086,LOW
PKG-009931,144.65,WH-012,WH-098,STANDARD
PKG-009932,,WH-032,WH-051,STANDARD
PKG-009933,434.31,WH-059, WH-031 ,CRITICAL
PKG-009934,366.64,WH-029,WH-063, URGENT 
PKG-009935,174.31,wh-061,WH-041,STANDARD
PKG-009936,246.46,,WH-080,STANDARD
PKG-009937,92.87,WH-005,wh-052,URGENT
PKG-009938,495.79,WH-087,WH-079,URGENT
PKG-009939,363.04,WH-089,WH-012,STANDARD
PKG-009940,115.50,WH-007,WH-072, LOW 
,446.73,WH-045,WH-079,LOW
PKG-009942,259.03,WH-033,WH-099,LOW
PKG-009943,24.67,WH-006,WH-016,LOW
PKG-009944,67.74,WH-043, WH-061 ,STANDARD
PKG-009945,213.36,WH-083,WH-033,LOW
PKG-009946,424.87,WH-031,WH-060,STANDARD
pkg-009947,124.23,WH-062,WH-002,URGENT
PKG-009948,385.74,WH-009,WH-031,URGENT
PKG-009949,192.58,WH-066,WH-086,STANDARD
PKG-009950, 377.79849267305366 ,WH-078,,LOW
PKG-009951,218.69,WH-027,WH-079,
PKG-009952,426.89,WH-001,WH-034,URGENT
 PKG-009953 , 346.4938101245368 ,WH-052,WH-090,URGENT
,488.79,WH-014,WH-076,urgent
PKG-009955,306.16,wh-050,WH-016,STANDARD
PKG-009956,95.45,WH-077,WH-051,urgent
PKG-009957,85.11,WH-006,WH-058,LOW
PKG-009958,99.79,WH-089,WH-095,URGENT
PKG-009959,477.19,WH-049,WH-002,STANDARD
PKG-009960,236.79,wh-041,WH-046,URGENT
 PKG-009961 ,488.42061027439956kg,WH-092,wh-064,LOW
PKG-009962,N/A,WH-072, WH-077 ,STANDARD
PKG-009963,183.22,WH-048,WH-046,URGENT
PKG-009964,221.25,WH-095,wh-010,URGENT
PKG-009965,85.88,WH-069,WH-078,URGENT
PKG-009966,78.97,WH-097,WH-004,LOW
 PKG-009967 ,91.50,WH-070,WH-091,URGENT
PKG-009968,51.29,WH-049,WH-036,STANDARD
PKG-009969,358.94,WH-063,WH-073,URGENT
PKG-009970,130.07,WH-039,WH-046,LOW
, 215.44485222878788 ,WH-088,WH-014, STANDARD 
pkg-009972,418.10,,WH-089,STANDARD
PKG-009973,7.93,WH-055,WH-052,VIP
PKG-009974,65.17,WH-024,WH-064,LOW
PKG-009975,245.84,WH-095,WH-063, LOW 
PKG-009976,198.99,WH-037,WH-093,URGENT
PKG-009977,401.71,WH-087,WH-023,LOW
PKG-009978,331.70,WH-002,WH-097,URGENT
PKG-009979,327.59,WH-031,WH-044,STANDARD
PKG-009980,2.68,WH-049,wh-071,LOW
PKG-009981,347.75,WH-077,WH-036,LOW
PKG-009982,125.62,WH-009,WH-032,LOW
PKG-009983,37.07,wh-096,WH-020,STANDARD
PKG-009984,52.53,WH-088,WH-096,LOW
PKG-009985,145.53,WH-095,WH-026,STANDARD
PKG-009986,475.55,WH-031,WH-060,LOW
PKG-009987,null,WH-060,WH-064,urgent
PKG-009988,70.35,WH-095,WH-083,STANDARD
PKG-009989,86.31,WH-009,WH-087,URGENT
,347.57,WH-070,WH-021,URGENT
PKG-009991,346.86,WH-011,WH-050,STANDARD
,495.12,WH-024,WH-075,STANDARD
PKG-009993, 427.2531798353863 ,WH-047,WH-049,LOW
PKG-009994,411.28,WH-010,WH-003,URGENT
PKG-009995,26.55,WH-062,WH-017,STANDARD
PKG-009996,482.19,wh-067,WH-037,LOW
PKG-009997,N/A,WH-034,WH-094,LOW
PKG-009998,110.40,WH-042,WH-003,EXPRESS
PKG-009999,255.02,WH-010,WH-024,LOW
PKG-010000,498.20,WH-062,WH-057,URGENT
